Ultralytics 8.4.121 🚀 Python-3.12.13 torch-2.13.0+cu130 CUDA:0 (NVIDIA RTX PRO 6000 Blackwell Server Edition, 97252MiB)
[34m[1mengine/trainer: [0magnostic_nms=False, amp=True, angle=1.0, augment=False, auto_augment=randaugment, batch=64, bgr=0.0, box=7.5, cache=ram, cfg=None, channels_last=False, classes=None, close_mosaic=10, cls=0.5, cls_pw=0.0, cls_remap=True, compile=False, conf=None, copy_paste=0.0, copy_paste_mode=flip, cos_lr=False, cutmix=0.0, data=data2phase/phase1/data.yaml, degrees=0.0, deterministic=True, device=0, dfl=1.5, dgrad=0.5, dis=6.0, distill_model=None, dlam=1.0, dlog=1.0, dnn=False, dropout=0.0, dynamic=False, embed=None, end2end=None, epochs=50, erasing=0.4, exist_ok=False, fliplr=0.5, flipud=0.0, format=torchscript, fraction=1.0, freeze=None, hsv_h=0.015, hsv_s=0.7, hsv_v=0.4, imgsz=640, iou=0.7, keras=False, kobj=1.0, line_width=None, lr0=0.01, lrf=0.01, mask_ratio=4, max_det=300, mixup=0.0, mode=train, model=yolo26n.pt, momentum=0.937, mosaic=1.0, multi_scale=0.0, name=p1_yolo26n, nbs=64, nms=False, opset=None, optimize=False, optimizer=auto, overlap_mask=True, patience=100, perspective=0.0, plots=True, pose=12.0, pretrained=True, profile=False, project=runs_ppe2, quantize=None, rect=False, resume=False, retina_masks=False, rle=1.0, save=True, save_conf=False, save_crop=False, save_dir=/home/abc/AI_project/NCKH/runs_ppe2/detect/runs_ppe2/p1_yolo26n, save_frames=False, save_json=False, save_period=-1, save_txt=False, scale=0.5, seed=0, shear=0.0, show=False, show_boxes=True, show_conf=True, show_labels=True, simplify=True, single_cls=False, source=None, split=val, stream_buffer=False, task=detect, time=None, tracker=tracktrack.yaml, translate=0.1, val=True, verbose=True, vid_stride=1, visualize=False, warmup_bias_lr=0.1, warmup_epochs=3.0, warmup_momentum=0.8, weight_decay=0.0005, workers=16, workspace=None
Overriding model.yaml nc=80 with nc=1
                   from  n    params  module                                       arguments                     
  0                  -1  1       464  ultralytics.nn.modules.conv.Conv             [3, 16, 3, 2]                 
  1                  -1  1      4672  ultralytics.nn.modules.conv.Conv             [16, 32, 3, 2]                
  2                  -1  1      6640  ultralytics.nn.modules.block.C3k2            [32, 64, 1, False, 0.25]      
  3                  -1  1     36992  ultralytics.nn.modules.conv.Conv             [64, 64, 3, 2]                
  4                  -1  1     26080  ultralytics.nn.modules.block.C3k2            [64, 128, 1, False, 0.25]     
  5                  -1  1    147712  ultralytics.nn.modules.conv.Conv             [128, 128, 3, 2]              
  6                  -1  1     87040  ultralytics.nn.modules.block.C3k2            [128, 128, 1, True]           
  7                  -1  1    295424  ultralytics.nn.modules.conv.Conv             [128, 256, 3, 2]              
  8                  -1  1    346112  ultralytics.nn.modules.block.C3k2            [256, 256, 1, True]           
  9                  -1  1    164608  ultralytics.nn.modules.block.SPPF            [256, 256, 5, 3, True]        
 10                  -1  1    249728  ultralytics.nn.modules.block.C2PSA           [256, 256, 1]                 
 11                  -1  1         0  torch.nn.modules.upsampling.Upsample         [None, 2, 'nearest']          
 12             [-1, 6]  1         0  ultralytics.nn.modules.conv.Concat           [1]                           
 13                  -1  1    119808  ultralytics.nn.modules.block.C3k2            [384, 128, 1, True]           
 14                  -1  1         0  torch.nn.modules.upsampling.Upsample         [None, 2, 'nearest']          
 15             [-1, 4]  1         0  ultralytics.nn.modules.conv.Concat           [1]                           
 16                  -1  1     34304  ultralytics.nn.modules.block.C3k2            [256, 64, 1, True]            
 17                  -1  1     36992  ultralytics.nn.modules.conv.Conv             [64, 64, 3, 2]                
 18            [-1, 13]  1         0  ultralytics.nn.modules.conv.Concat           [1]                           
 19                  -1  1     95232  ultralytics.nn.modules.block.C3k2            [192, 128, 1, True]           
 20                  -1  1    147712  ultralytics.nn.modules.conv.Conv             [128, 128, 3, 2]              
 21            [-1, 10]  1         0  ultralytics.nn.modules.conv.Concat           [1]                           
 22                  -1  1    463104  ultralytics.nn.modules.block.C3k2            [384, 256, 1, True, 0.5, True]
 23        [16, 19, 22]  1    241566  ultralytics.nn.modules.head.Detect           [1, 1, True, [64, 128, 256]]  
YOLO26n summary: 260 layers, 2,504,190 parameters, 2,504,190 gradients, 5.9 GFLOPs
Remapped 1/1 cls head rows from pretrained weights by class name
Transferred 612/708 items from pretrained weights
[34m[1mAMP: [0mrunning Automatic Mixed Precision (AMP) checks...
[34m[1mAMP: [0mchecks passed ✅
[34m[1mtrain: [0mFast image access ✅ (ping: 0.0±0.0 ms, read: 2375.2±918.7 MB/s, size: 55.5 KB)
[K[34m[1mtrain: [0mScanning /home/abc/AI_project/NCKH/data2phase/phase1/labels/train.cache... 1838 images, 0 backgrounds, 0 corrupt: 100% ━━━━━━━━━━━━ 1838/1838 257.0Mit/s 0.0s
WARNING ⚠️ cache='ram' may produce non-deterministic training results. Consider cache='disk' as a deterministic alternative if your disk space allows.
[K[34m[1mtrain: [0mCaching images (0.1GB RAM): 2% ──────────── 45/1838 133.3it/s 0.1s<13.5s
[K[34m[1mtrain: [0mCaching images (0.1GB RAM): 5% ╸─────────── 106/1838 268.9it/s 0.2s<6.4s
[K[34m[1mtrain: [0mCaching images (0.3GB RAM): 12% ━─────────── 225/1838 542.1it/s 0.3s<3.0s
[K[34m[1mtrain: [0mCaching images (0.4GB RAM): 18% ━━────────── 331/1838 676.9it/s 0.4s<2.2s
[K[34m[1mtrain: [0mCaching images (0.6GB RAM): 29% ━━━╸──────── 549/1838 1.1Kit/s 0.5s<1.1s
[K[34m[1mtrain: [0mCaching images (1.0GB RAM): 48% ━━━━━╸────── 889/1838 1.8Kit/s 0.6s<0.5s
[K[34m[1mtrain: [0mCaching images (1.4GB RAM): 67% ━━━━━━━━──── 1240/1838 2.3Kit/s 0.7s<0.3s
[K[34m[1mtrain: [0mCaching images (1.8GB RAM): 85% ━━━━━━━━━━── 1573/1838 2.6Kit/s 0.8s<0.1s
[K[34m[1mtrain: [0mCaching images (2.1GB RAM): 100% ━━━━━━━━━━━━ 1838/1838 2.1Kit/s 0.9s
[34m[1mval: [0mFast image access ✅ (ping: 0.0±0.0 ms, read: 1247.9±1128.8 MB/s, size: 74.2 KB)
[K[34m[1mval: [0mScanning /home/abc/AI_project/NCKH/data2phase/phase1/labels/val.cache... 202 images, 0 backgrounds, 0 corrupt: 100% ━━━━━━━━━━━━ 202/202 11.1Mit/s 0.0s
WARNING ⚠️ cache='ram' may produce non-deterministic training results. Consider cache='disk' as a deterministic alternative if your disk space allows.
[K[34m[1mval: [0mCaching images (0.2GB RAM): 76% ━━━━━━━━━─── 155/202 442.6it/s 0.1s<0.1s
[K[34m[1mval: [0mCaching images (0.2GB RAM): 100% ━━━━━━━━━━━━ 202/202 1.8Kit/s 0.1s
[34m[1moptimizer:[0m 'optimizer=auto' found, ignoring 'lr0=0.01' and 'momentum=0.937' and determining best 'optimizer', 'lr0' and 'momentum' automatically... 
[34m[1moptimizer:[0m AdamW(lr=0.002, momentum=0.9) with parameter groups 114 weight(decay=0.0), 126 weight(decay=0.0005), 126 bias(decay=0.0)
Plotting labels to /home/abc/AI_project/NCKH/runs_ppe2/detect/runs_ppe2/p1_yolo26n/labels.jpg... 
Image sizes 640 train, 640 val
Using 8 dataloader workers
Logging results to [1m/home/abc/AI_project/NCKH/runs_ppe2/detect/runs_ppe2/p1_yolo26n[0m
Starting training for 50 epochs...
      Epoch    GPU_mem   box_loss   cls_loss    l1_loss  Instances       Size
[K       1/50      9.27G       1.53      4.166    0.01468        268        640: 0% ──────────── 0/29  3.4s
[K       1/50      9.27G      1.554      4.159    0.01526        279        640: 3% ──────────── 1/29 2.0it/s 3.5s<14.0s
[K       1/50      9.27G      1.563      4.172    0.01572        274        640: 6% ╸─────────── 2/29 3.5it/s 3.6s<7.8s
[K       1/50      9.27G      1.516      4.165    0.01546        256        640: 10% ━─────────── 3/29 4.8it/s 3.8s<5.4s
[K       1/50      9.27G      1.521      4.155    0.01486        340        640: 13% ━╸────────── 4/29 5.2it/s 3.9s<4.8s
[K       1/50      9.28G      1.526      4.162    0.01476        295        640: 17% ━━────────── 5/29 5.0it/s 4.2s<4.8s
[K       1/50      9.29G       1.51      4.157    0.01477        257        640: 20% ━━────────── 6/29 5.8it/s 4.3s<4.0s
[K       1/50      9.29G      1.496      4.151    0.01457        279        640: 24% ━━╸───────── 7/29 6.2it/s 4.4s<3.5s
[K       1/50      9.29G      1.481      4.143     0.0144        259        640: 27% ━━━───────── 8/29 6.7it/s 4.6s<3.2s
[K       1/50      9.29G      1.474       4.13    0.01415        304        640: 31% ━━━╸──────── 9/29 6.9it/s 4.7s<2.9s
[K       1/50      9.29G      1.461      4.112    0.01392        288        640: 34% ━━━━──────── 10/29 6.6it/s 4.9s<2.9s
[K       1/50      9.29G      1.454      4.094    0.01386        261        640: 37% ━━━━╸─────── 11/29 6.5it/s 5.0s<2.8s
[K       1/50      9.29G       1.44      4.069    0.01364        292        640: 41% ━━━━╸─────── 12/29 6.6it/s 5.2s<2.6s
[K       1/50      9.29G      1.426      4.044     0.0135        267        640: 44% ━━━━━─────── 13/29 6.6it/s 5.3s<2.4s
[K       1/50      9.29G       1.42      4.015    0.01332        275        640: 48% ━━━━━╸────── 14/29 6.6it/s 5.5s<2.3s
[K       1/50      9.29G      1.415      3.978    0.01314        338        640: 51% ━━━━━━────── 15/29 6.6it/s 5.6s<2.1s
[K       1/50      9.29G      1.406      3.947    0.01302        331        640: 55% ━━━━━━╸───── 16/29 6.1it/s 5.8s<2.1s
[K       1/50      9.29G        1.4      3.917    0.01298        251        640: 58% ━━━━━━━───── 17/29 5.8it/s 6.0s<2.1s
[K       1/50      9.29G      1.399      3.881    0.01295        278        640: 62% ━━━━━━━───── 18/29 5.7it/s 6.2s<1.9s
[K       1/50      9.29G      1.396      3.842    0.01291        269        640: 65% ━━━━━━━╸──── 19/29 5.8it/s 6.4s<1.7s
[K       1/50      9.29G      1.392      3.804     0.0129        270        640: 68% ━━━━━━━━──── 20/29 5.6it/s 6.6s<1.6s
[K       1/50      9.29G      1.393       3.76    0.01283        309        640: 72% ━━━━━━━━╸─── 21/29 5.8it/s 6.7s<1.4s
[K       1/50      9.29G      1.392      3.714    0.01278        261        640: 75% ━━━━━━━━━─── 22/29 5.7it/s 6.9s<1.2s
[K       1/50      9.29G      1.395       3.67    0.01282        306        640: 79% ━━━━━━━━━╸── 23/29 6.1it/s 7.0s<1.0s
[K       1/50      9.29G      1.395      3.624    0.01282        288        640: 82% ━━━━━━━━━╸── 24/29 6.5it/s 7.2s<0.8s
[K       1/50      9.29G      1.398      3.581    0.01286        276        640: 86% ━━━━━━━━━━── 25/29 6.7it/s 7.3s<0.6s
[K       1/50      9.29G      1.398      3.534    0.01286        300        640: 89% ━━━━━━━━━━╸─ 26/29 7.0it/s 7.5s<0.4s
[K       1/50      9.29G        1.4      3.498    0.01289        244        640: 93% ━━━━━━━━━━━─ 27/29 7.0it/s 7.6s<0.3s
[K       1/50      9.29G      1.406      3.461      0.013        188        640: 96% ━━━━━━━━━━━╸ 28/29 5.0it/s 9.7s<0.2s
[K       1/50      9.29G      1.406      3.461      0.013        188        640: 100% ━━━━━━━━━━━━ 29/29 3.0it/s 9.7s
[K                 Class     Images  Instances      Box(P          R      mAP50  mAP50-95): 50% ━━━━━━────── 1/2 3.0s/it 0.9s<3.0s
[K                 Class     Images  Instances      Box(P          R      mAP50  mAP50-95): 100% ━━━━━━━━━━━━ 2/2 1.2it/s 1.7s
                   all        202        531     0.0621      0.616      0.138     0.0712
      Epoch    GPU_mem   box_loss   cls_loss    l1_loss  Instances       Size
[K       2/50      11.7G      1.403      2.423    0.01227        324        640: 0% ──────────── 0/29  0.1s
[K       2/50      11.7G      1.411      2.435    0.01343        246        640: 3% ──────────── 1/29 2.3it/s 0.3s<12.1s
[K       2/50      11.7G      1.431      2.433    0.01307        295        640: 6% ╸─────────── 2/29 4.0it/s 0.4s<6.8s
[K       2/50      11.7G      1.455      2.433    0.01352        279        640: 10% ━─────────── 3/29 5.1it/s 0.5s<5.1s
[K       2/50      11.7G      1.458      2.428    0.01394        267        640: 13% ━╸────────── 4/29 5.7it/s 0.7s<4.4s
[K       2/50      11.7G       1.47      2.411    0.01381        277        640: 17% ━━────────── 5/29 6.0it/s 0.8s<4.0s
[K       2/50      11.7G      1.463      2.394    0.01399        255        640: 20% ━━────────── 6/29 6.5it/s 0.9s<3.5s
[K       2/50      11.7G       1.46      2.366    0.01392        274        640: 24% ━━╸───────── 7/29 6.9it/s 1.1s<3.2s
[K       2/50      11.7G      1.456      2.358    0.01412        261        640: 27% ━━━───────── 8/29 7.2it/s 1.2s<2.9s
[K       2/50      11.7G       1.46      2.349    0.01416        276        640: 31% ━━━╸──────── 9/29 7.4it/s 1.3s<2.7s
[K       2/50      11.7G      1.464      2.337    0.01416        257        640: 34% ━━━━──────── 10/29 7.5it/s 1.4s<2.5s
[K       2/50      11.7G       1.46      2.314    0.01414        268        640: 37% ━━━━╸─────── 11/29 7.6it/s 1.6s<2.4s
[K       2/50      11.7G      1.462      2.302    0.01408        302        640: 41% ━━━━╸─────── 12/29 7.6it/s 1.7s<2.2s
[K       2/50      11.7G      1.466      2.287    0.01403        345        640: 44% ━━━━━─────── 13/29 7.5it/s 1.8s<2.1s
[K       2/50      11.7G       1.47      2.279    0.01407        260        640: 48% ━━━━━╸────── 14/29 7.5it/s 2.0s<2.0s
[K       2/50      11.7G      1.471      2.269    0.01415        273        640: 51% ━━━━━━────── 15/29 7.6it/s 2.1s<1.8s
[K       2/50      11.7G       1.47      2.258    0.01423        267        640: 55% ━━━━━━╸───── 16/29 7.6it/s 2.2s<1.7s
[K       2/50      11.7G      1.472      2.248    0.01417        288        640: 58% ━━━━━━━───── 17/29 7.6it/s 2.4s<1.6s
[K       2/50      11.7G      1.479      2.242     0.0142        317        640: 62% ━━━━━━━───── 18/29 7.7it/s 2.5s<1.4s
[K       2/50      11.7G      1.479      2.233    0.01425        261        640: 65% ━━━━━━━╸──── 19/29 7.7it/s 2.6s<1.3s
[K       2/50      11.7G      1.478      2.221    0.01426        278        640: 68% ━━━━━━━━──── 20/29 7.7it/s 2.8s<1.2s
[K       2/50      11.7G      1.478      2.214    0.01426        238        640: 72% ━━━━━━━━╸─── 21/29 7.6it/s 2.9s<1.1s
[K       2/50      11.7G       1.48      2.202    0.01421        302        640: 75% ━━━━━━━━━─── 22/29 7.6it/s 3.0s<0.9s
[K       2/50      11.7G      1.486      2.195    0.01425        280        640: 79% ━━━━━━━━━╸── 23/29 7.6it/s 3.2s<0.8s
[K       2/50      11.7G      1.491      2.187    0.01433        242        640: 82% ━━━━━━━━━╸── 24/29 7.4it/s 3.3s<0.7s
[K       2/50      11.7G      1.493      2.179    0.01442        253        640: 86% ━━━━━━━━━━── 25/29 7.5it/s 3.4s<0.5s
[K       2/50      11.7G      1.497      2.172    0.01442        292        640: 89% ━━━━━━━━━━╸─ 26/29 7.6it/s 3.6s<0.4s
[K       2/50      11.7G      1.501      2.166    0.01448        287        640: 93% ━━━━━━━━━━━─ 27/29 7.5it/s 3.7s<0.3s
[K       2/50      11.7G      1.508      2.158    0.01453        227        640: 96% ━━━━━━━━━━━╸ 28/29 8.0it/s 3.8s<0.1s
[K       2/50      11.7G      1.508      2.158    0.01453        227        640: 100% ━━━━━━━━━━━━ 29/29 7.6it/s 3.8s
[K                 Class     Images  Instances      Box(P          R      mAP50  mAP50-95): 50% ━━━━━━────── 1/2 1.8it/s 0.2s<0.6s
[K                 Class     Images  Instances      Box(P          R      mAP50  mAP50-95): 100% ━━━━━━━━━━━━ 2/2 7.7it/s 0.3s
                   all        202        531     0.0379      0.925      0.441      0.228
      Epoch    GPU_mem   box_loss   cls_loss    l1_loss  Instances       Size
[K       3/50      11.7G      1.513      1.868    0.01364        255        640: 0% ──────────── 0/29  0.1s
[K       3/50      11.7G      1.526      1.901    0.01408        288        640: 3% ──────────── 1/29 2.3it/s 0.3s<12.1s
[K       3/50      11.7G      1.552      1.898    0.01459        304        640: 6% ╸─────────── 2/29 3.9it/s 0.4s<6.9s
[K       3/50      11.7G      1.551      1.887    0.01472        318        640: 10% ━─────────── 3/29 5.1it/s 0.5s<5.1s
[K       3/50      11.7G      1.543      1.882    0.01494        297        640: 13% ━╸────────── 4/29 5.8it/s 0.7s<4.3s
[K       3/50      11.7G      1.571      1.908    0.01499        282        640: 17% ━━────────── 5/29 6.3it/s 0.8s<3.8s
[K       3/50      11.7G      1.589      1.915     0.0151        271        640: 20% ━━────────── 6/29 6.7it/s 0.9s<3.4s
[K       3/50      11.7G      1.584      1.914    0.01519        246        640: 24% ━━╸───────── 7/29 7.0it/s 1.0s<3.1s
[K       3/50      11.7G      1.586      1.907    0.01528        291        640: 27% ━━━───────── 8/29 7.1it/s 1.2s<3.0s
[K       3/50      11.7G      1.585      1.902    0.01532        248        640: 31% ━━━╸──────── 9/29 7.2it/s 1.3s<2.8s
[K       3/50      11.7G      1.578      1.907    0.01536        255        640: 34% ━━━━──────── 10/29 7.1it/s 1.5s<2.7s
[K       3/50      11.7G      1.584      1.911    0.01547        277        640: 37% ━━━━╸─────── 11/29 7.1it/s 1.6s<2.5s
[K       3/50      11.7G      1.586      1.907    0.01545        282        640: 41% ━━━━╸─────── 12/29 7.3it/s 1.7s<2.3s
[K       3/50      11.7G      1.584      1.902    0.01536        288        640: 44% ━━━━━─────── 13/29 7.4it/s 1.9s<2.1s
[K       3/50      11.7G       1.58      1.907    0.01543        258        640: 48% ━━━━━╸────── 14/29 7.5it/s 2.0s<2.0s
[K       3/50      11.7G      1.574      1.904    0.01531        254        640: 51% ━━━━━━────── 15/29 7.5it/s 2.1s<1.9s
[K       3/50      11.7G      1.571      1.903    0.01536        258        640: 55% ━━━━━━╸───── 16/29 7.6it/s 2.3s<1.7s
[K       3/50      11.7G      1.574      1.899    0.01537        265        640: 58% ━━━━━━━───── 17/29 7.5it/s 2.4s<1.6s
[K       3/50      11.7G      1.578      1.895    0.01537        289        640: 62% ━━━━━━━───── 18/29 7.4it/s 2.5s<1.5s
[K       3/50      11.7G      1.576      1.895    0.01531        279        640: 65% ━━━━━━━╸──── 19/29 7.4it/s 2.7s<1.4s
[K       3/50      11.7G      1.574       1.89    0.01525        287        640: 68% ━━━━━━━━──── 20/29 7.4it/s 2.8s<1.2s
[K       3/50      11.7G      1.575      1.883    0.01528        277        640: 72% ━━━━━━━━╸─── 21/29 7.4it/s 2.9s<1.1s
[K       3/50      11.7G       1.58       1.88    0.01529        301        640: 75% ━━━━━━━━━─── 22/29 7.4it/s 3.1s<1.0s
[K       3/50      11.7G       1.58      1.876    0.01526        282        640: 79% ━━━━━━━━━╸── 23/29 7.3it/s 3.2s<0.8s
[K       3/50      11.7G      1.583      1.881    0.01546        207        640: 82% ━━━━━━━━━╸── 24/29 7.1it/s 3.4s<0.7s
[K       3/50      11.7G      1.585      1.875     0.0154        367        640: 86% ━━━━━━━━━━── 25/29 7.2it/s 3.5s<0.6s
[K       3/50      11.7G      1.581       1.87    0.01543        257        640: 89% ━━━━━━━━━━╸─ 26/29 7.3it/s 3.6s<0.4s
[K       3/50      11.7G      1.581      1.865     0.0155        262        640: 93% ━━━━━━━━━━━─ 27/29 7.3it/s 3.8s<0.3s
[K       3/50      11.7G      1.585      1.861     0.0155        216        640: 100% ━━━━━━━━━━━━ 29/29 7.5it/s 3.9s
[K                 Class     Images  Instances      Box(P          R      mAP50  mAP50-95): 50% ━━━━━━────── 1/2 2.0it/s 0.2s<0.5s
[K                 Class     Images  Instances      Box(P          R      mAP50  mAP50-95): 100% ━━━━━━━━━━━━ 2/2 7.7it/s 0.3s
                   all        202        531      0.806      0.234      0.491      0.207
      Epoch    GPU_mem   box_loss   cls_loss    l1_loss  Instances       Size
[K       4/50      11.7G      1.626      1.721    0.01666        250        640: 0% ──────────── 0/29  0.1s
[K       4/50      11.7G      1.584      1.717    0.01574        244        640: 3% ──────────── 1/29 2.3it/s 0.3s<12.0s
[K       4/50      11.7G      1.598      1.725    0.01604        279        640: 6% ╸─────────── 2/29 3.9it/s 0.4s<6.9s
[K       4/50      11.7G      1.604       1.69    0.01621        246        640: 10% ━─────────── 3/29 5.1it/s 0.5s<5.1s
[K       4/50      11.7G      1.609      1.702    0.01605        272        640: 13% ━╸────────── 4/29 5.8it/s 0.7s<4.3s
[K       4/50      11.7G      1.605      1.686     0.0161        254        640: 17% ━━────────── 5/29 6.3it/s 0.8s<3.8s
[K       4/50      11.7G      1.623      1.692    0.01598        274        640: 20% ━━────────── 6/29 6.7it/s 0.9s<3.4s
[K       4/50      11.7G      1.617      1.673     0.0159        329        640: 24% ━━╸───────── 7/29 7.0it/s 1.1s<3.2s
[K       4/50      11.7G      1.613      1.645    0.01592        288        640: 27% ━━━───────── 8/29 7.1it/s 1.2s<3.0s
[K       4/50      11.7G      1.613      1.656    0.01611        254        640: 31% ━━━╸──────── 9/29 7.0it/s 1.3s<2.8s
[K       4/50      11.7G       1.63      1.673     0.0164        263        640: 34% ━━━━──────── 10/29 7.1it/s 1.5s<2.7s
[K       4/50      11.7G      1.632      1.673     0.0163        295        640: 37% ━━━━╸─────── 11/29 7.0it/s 1.6s<2.6s
[K       4/50      11.7G       1.63      1.682    0.01622        261        640: 41% ━━━━╸─────── 12/29 7.2it/s 1.8s<2.4s
[K       4/50      11.7G      1.631      1.679    0.01624        304        640: 44% ━━━━━─────── 13/29 7.2it/s 1.9s<2.2s
[K       4/50      11.7G      1.635      1.682    0.01632        251        640: 48% ━━━━━╸────── 14/29 7.3it/s 2.0s<2.1s
[K       4/50      11.7G      1.634      1.676    0.01624        315        640: 51% ━━━━━━────── 15/29 7.4it/s 2.2s<1.9s
[K       4/50      11.7G      1.634      1.673    0.01618        328        640: 55% ━━━━━━╸───── 16/29 7.3it/s 2.3s<1.8s
[K       4/50      11.7G      1.635      1.675    0.01613        313        640: 58% ━━━━━━━───── 17/29 7.4it/s 2.4s<1.6s
[K       4/50      11.7G      1.634      1.669    0.01606        318        640: 62% ━━━━━━━───── 18/29 7.4it/s 2.6s<1.5s
[K       4/50      11.7G      1.631       1.66    0.01601        284        640: 65% ━━━━━━━╸──── 19/29 7.3it/s 2.7s<1.4s
[K       4/50      11.7G      1.636      1.659    0.01606        254        640: 68% ━━━━━━━━──── 20/29 7.4it/s 2.8s<1.2s
[K       4/50      11.7G      1.634      1.658    0.01601        278        640: 72% ━━━━━━━━╸─── 21/29 7.3it/s 3.0s<1.1s
[K       4/50      11.7G      1.633      1.657    0.01603        272        640: 75% ━━━━━━━━━─── 22/29 7.4it/s 3.1s<0.9s
[K       4/50      11.7G      1.634      1.658    0.01602        285        640: 79% ━━━━━━━━━╸── 23/29 7.4it/s 3.2s<0.8s
[K       4/50      11.7G      1.632      1.657    0.01596        260        640: 82% ━━━━━━━━━╸── 24/29 7.4it/s 3.4s<0.7s
[K       4/50      11.7G      1.634      1.657    0.01592        303        640: 86% ━━━━━━━━━━── 25/29 7.5it/s 3.5s<0.5s
[K       4/50      11.7G      1.632       1.66    0.01597        244        640: 89% ━━━━━━━━━━╸─ 26/29 7.5it/s 3.6s<0.4s
[K       4/50      11.7G      1.632      1.665    0.01596        290        640: 93% ━━━━━━━━━━━─ 27/29 7.3it/s 3.8s<0.3s
[K       4/50      11.7G      1.629      1.667    0.01601        162        640: 100% ━━━━━━━━━━━━ 29/29 7.5it/s 3.9s
[K                 Class     Images  Instances      Box(P          R      mAP50  mAP50-95): 50% ━━━━━━────── 1/2 1.9it/s 0.2s<0.5s
[K                 Class     Images  Instances      Box(P          R      mAP50  mAP50-95): 100% ━━━━━━━━━━━━ 2/2 8.2it/s 0.2s
                   all        202        531      0.568      0.458      0.475      0.184
      Epoch    GPU_mem   box_loss   cls_loss    l1_loss  Instances       Size
[K       5/50      11.7G      1.625      1.646    0.01675        309        640: 0% ──────────── 0/29  0.2s
[K       5/50      11.7G      1.625      1.618    0.01593        289        640: 3% ──────────── 1/29 2.3it/s 0.3s<12.2s
[K       5/50      11.7G      1.608       1.63    0.01573        240        640: 6% ╸─────────── 2/29 3.9it/s 0.4s<6.9s
[K       5/50      11.7G      1.613      1.637    0.01562        298        640: 10% ━─────────── 3/29 5.0it/s 0.5s<5.2s
[K       5/50      11.7G       1.62      1.642    0.01624        246        640: 13% ━╸────────── 4/29 5.8it/s 0.7s<4.3s
[K       5/50      11.7G      1.637      1.631    0.01669        236        640: 17% ━━────────── 5/29 6.2it/s 0.8s<3.8s
[K       5/50      11.7G      1.638      1.628    0.01682        283        640: 20% ━━────────── 6/29 6.5it/s 1.0s<3.5s
[K       5/50      11.7G      1.626      1.607    0.01658        247        640: 24% ━━╸───────── 7/29 6.9it/s 1.1s<3.2s
[K       5/50      11.7G      1.625      1.593    0.01649        314        640: 27% ━━━───────── 8/29 7.0it/s 1.2s<3.0s
[K       5/50      11.7G      1.613       1.58    0.01642        274        640: 31% ━━━╸──────── 9/29 7.2it/s 1.4s<2.8s
[K       5/50      11.7G      1.618      1.578    0.01633        293        640: 34% ━━━━──────── 10/29 7.3it/s 1.5s<2.6s
[K       5/50      11.7G       1.62      1.568    0.01632        303        640: 37% ━━━━╸─────── 11/29 7.3it/s 1.6s<2.5s
[K       5/50      11.7G      1.617      1.559    0.01628        311        640: 41% ━━━━╸─────── 12/29 7.4it/s 1.8s<2.3s
[K       5/50      11.7G      1.618      1.553    0.01621        309        640: 44% ━━━━━─────── 13/29 7.4it/s 1.9s<2.2s
[K       5/50      11.7G      1.613      1.552     0.0162        225        640: 48% ━━━━━╸────── 14/29 7.3it/s 2.0s<2.0s
[K       5/50      11.7G      1.616      1.544    0.01617        313        640: 51% ━━━━━━────── 15/29 7.5it/s 2.2s<1.9s
[K       5/50      11.7G      1.621      1.546    0.01614        260        640: 55% ━━━━━━╸───── 16/29 7.4it/s 2.3s<1.8s
[K       5/50      11.7G      1.623      1.546    0.01607        318        640: 58% ━━━━━━━───── 17/29 7.4it/s 2.4s<1.6s
[K       5/50      11.7G      1.619      1.543    0.01606        270        640: 62% ━━━━━━━───── 18/29 7.5it/s 2.6s<1.5s
[K       5/50      11.7G       1.62      1.548    0.01602        319        640: 65% ━━━━━━━╸──── 19/29 7.4it/s 2.7s<1.4s
[K       5/50      11.7G      1.619      1.546    0.01596        310        640: 68% ━━━━━━━━──── 20/29 7.2it/s 2.8s<1.2s
[K       5/50      11.7G      1.618      1.539    0.01603        284        640: 72% ━━━━━━━━╸─── 21/29 7.3it/s 3.0s<1.1s
[K       5/50      11.7G      1.623      1.538    0.01617        275        640: 75% ━━━━━━━━━─── 22/29 7.3it/s 3.1s<1.0s
[K       5/50      11.7G      1.621      1.533    0.01613        303        640: 79% ━━━━━━━━━╸── 23/29 7.3it/s 3.3s<0.8s
[K       5/50      11.7G      1.624      1.532    0.01612        275        640: 82% ━━━━━━━━━╸── 24/29 7.2it/s 3.4s<0.7s
[K       5/50      11.7G      1.626      1.534    0.01608        321        640: 86% ━━━━━━━━━━── 25/29 7.2it/s 3.5s<0.6s
[K       5/50      11.7G      1.622      1.531    0.01603        296        640: 89% ━━━━━━━━━━╸─ 26/29 7.2it/s 3.7s<0.4s
[K       5/50      11.7G       1.62      1.531    0.01602        242        640: 93% ━━━━━━━━━━━─ 27/29 7.1it/s 3.8s<0.3s
[K       5/50      11.7G      1.618      1.528    0.01602        194        640: 96% ━━━━━━━━━━━╸ 28/29 7.9it/s 3.9s<0.1s
[K       5/50      11.7G      1.618      1.528    0.01602        194        640: 100% ━━━━━━━━━━━━ 29/29 7.4it/s 3.9s
[K                 Class     Images  Instances      Box(P          R      mAP50  mAP50-95): 50% ━━━━━━────── 1/2 2.0it/s 0.2s<0.5s
[K                 Class     Images  Instances      Box(P          R      mAP50  mAP50-95): 100% ━━━━━━━━━━━━ 2/2 8.3it/s 0.2s
                   all        202        531      0.643      0.597      0.632      0.301
      Epoch    GPU_mem   box_loss   cls_loss    l1_loss  Instances       Size
[K       6/50      11.7G       1.67      1.478    0.01538        284        640: 0% ──────────── 0/29  0.1s
[K       6/50      11.7G      1.616      1.431    0.01528        265        640: 3% ──────────── 1/29 2.4it/s 0.3s<11.8s
[K       6/50      11.7G      1.612      1.442    0.01486        327        640: 6% ╸─────────── 2/29 4.0it/s 0.4s<6.7s
[K       6/50      11.7G      1.629      1.452    0.01523        264        640: 10% ━─────────── 3/29 5.2it/s 0.5s<5.0s
[K       6/50      11.7G      1.616      1.463    0.01519        261        640: 13% ━╸────────── 4/29 6.0it/s 0.6s<4.2s
[K       6/50      11.7G      1.613      1.485     0.0153        247        640: 17% ━━────────── 5/29 6.5it/s 0.8s<3.7s
[K       6/50      11.7G      1.607      1.488    0.01522        321        640: 20% ━━────────── 6/29 6.8it/s 0.9s<3.4s
[K       6/50      11.7G      1.612      1.489    0.01519        280        640: 24% ━━╸───────── 7/29 7.1it/s 1.0s<3.1s
[K       6/50      11.7G      1.607      1.483    0.01509        271        640: 27% ━━━───────── 8/29 7.3it/s 1.2s<2.9s
[K       6/50      11.7G      1.606      1.483    0.01514        274        640: 31% ━━━╸──────── 9/29 7.4it/s 1.3s<2.7s
[K       6/50      11.7G      1.595      1.484    0.01504        283        640: 34% ━━━━──────── 10/29 7.6it/s 1.4s<2.5s
[K       6/50      11.7G      1.596      1.482    0.01499        326        640: 37% ━━━━╸─────── 11/29 7.5it/s 1.6s<2.4s
[K       6/50      11.7G      1.592      1.486    0.01498        264        640: 41% ━━━━╸─────── 12/29 7.5it/s 1.7s<2.3s
[K       6/50      11.7G      1.597       1.49    0.01504        265        640: 44% ━━━━━─────── 13/29 7.5it/s 1.8s<2.1s
[K       6/50      11.7G        1.6      1.491    0.01516        237        640: 48% ━━━━━╸────── 14/29 7.6it/s 2.0s<2.0s
[K       6/50      11.7G      1.603      1.485    0.01523        292        640: 51% ━━━━━━────── 15/29 7.4it/s 2.1s<1.9s
[K       6/50      11.7G      1.604      1.478    0.01539        275        640: 55% ━━━━━━╸───── 16/29 7.5it/s 2.2s<1.7s
[K       6/50      11.7G      1.602      1.473     0.0154        240        640: 58% ━━━━━━━───── 17/29 7.5it/s 2.4s<1.6s
[K       6/50      11.7G      1.602      1.471    0.01539        300        640: 62% ━━━━━━━───── 18/29 7.6it/s 2.5s<1.4s
[K       6/50      11.7G      1.604      1.469    0.01545        265        640: 65% ━━━━━━━╸──── 19/29 7.6it/s 2.6s<1.3s
[K       6/50      11.7G      1.601      1.467    0.01542        277        640: 68% ━━━━━━━━──── 20/29 7.7it/s 2.7s<1.2s
[K       6/50      11.7G      1.603      1.463    0.01548        280        640: 72% ━━━━━━━━╸─── 21/29 7.6it/s 2.9s<1.1s
[K       6/50      11.7G      1.604      1.462    0.01558        265        640: 75% ━━━━━━━━━─── 22/29 7.7it/s 3.0s<0.9s
[K       6/50      11.7G      1.603      1.458    0.01558        301        640: 79% ━━━━━━━━━╸── 23/29 7.7it/s 3.1s<0.8s
[K       6/50      11.7G      1.605      1.458    0.01562        225        640: 82% ━━━━━━━━━╸── 24/29 7.7it/s 3.3s<0.7s
[K       6/50      11.7G      1.604      1.454    0.01564        259        640: 86% ━━━━━━━━━━── 25/29 7.7it/s 3.4s<0.5s
[K       6/50      11.7G      1.603      1.448    0.01564        263        640: 89% ━━━━━━━━━━╸─ 26/29 7.8it/s 3.5s<0.4s
[K       6/50      11.7G      1.605       1.45    0.01562        324        640: 93% ━━━━━━━━━━━─ 27/29 7.8it/s 3.6s<0.3s
[K       6/50      11.7G      1.603      1.446     0.0156        210        640: 96% ━━━━━━━━━━━╸ 28/29 8.2it/s 3.8s<0.1s
[K       6/50      11.7G      1.603      1.446     0.0156        210        640: 100% ━━━━━━━━━━━━ 29/29 7.7it/s 3.8s
[K                 Class     Images  Instances      Box(P          R      mAP50  mAP50-95): 50% ━━━━━━────── 1/2 2.1it/s 0.1s<0.5s
[K                 Class     Images  Instances      Box(P          R      mAP50  mAP50-95): 100% ━━━━━━━━━━━━ 2/2 8.3it/s 0.2s
                   all        202        531      0.679      0.618      0.671      0.309
      Epoch    GPU_mem   box_loss   cls_loss    l1_loss  Instances       Size
[K       7/50      11.7G      1.584      1.421    0.01819        249        640: 0% ──────────── 0/29  0.1s
[K       7/50      11.7G      1.552       1.44    0.01647        240        640: 3% ──────────── 1/29 2.4it/s 0.3s<11.7s
[K       7/50      11.7G      1.581      1.377    0.01656        270        640: 6% ╸─────────── 2/29 4.1it/s 0.4s<6.6s
[K       7/50      11.7G      1.594      1.397     0.0162        306        640: 10% ━─────────── 3/29 5.2it/s 0.5s<5.0s
[K       7/50      11.7G      1.601      1.406    0.01638        237        640: 13% ━╸────────── 4/29 6.0it/s 0.6s<4.2s
[K       7/50      11.7G      1.601      1.417    0.01623        289        640: 17% ━━────────── 5/29 6.4it/s 0.8s<3.7s
[K       7/50      11.7G      1.599      1.405    0.01601        277        640: 20% ━━────────── 6/29 6.8it/s 0.9s<3.4s
[K       7/50      11.7G      1.597       1.41    0.01597        272        640: 24% ━━╸───────── 7/29 7.1it/s 1.0s<3.1s
[K       7/50      11.7G      1.603       1.42    0.01577        356        640: 27% ━━━───────── 8/29 7.1it/s 1.2s<3.0s
[K       7/50      11.7G      1.606      1.416    0.01587        295        640: 31% ━━━╸──────── 9/29 7.3it/s 1.3s<2.7s
[K       7/50      11.7G      1.622      1.414    0.01587        296        640: 34% ━━━━──────── 10/29 7.2it/s 1.4s<2.6s
[K       7/50      11.7G      1.621      1.413    0.01588        284        640: 37% ━━━━╸─────── 11/29 7.4it/s 1.6s<2.4s
[K       7/50      11.7G      1.619      1.422    0.01593        256        640: 41% ━━━━╸─────── 12/29 7.5it/s 1.7s<2.3s
[K       7/50      11.7G       1.62      1.417    0.01583        295        640: 44% ━━━━━─────── 13/29 7.6it/s 1.8s<2.1s
[K       7/50      11.7G      1.618       1.42    0.01586        247        640: 48% ━━━━━╸────── 14/29 7.7it/s 1.9s<1.9s
[K       7/50      11.7G      1.618      1.424    0.01588        274        640: 51% ━━━━━━────── 15/29 7.5it/s 2.1s<1.9s
[K       7/50      11.7G      1.615      1.416    0.01581        264        640: 55% ━━━━━━╸───── 16/29 7.5it/s 2.2s<1.7s
[K       7/50      11.7G      1.611       1.41    0.01578        275        640: 58% ━━━━━━━───── 17/29 7.6it/s 2.4s<1.6s
[K       7/50      11.7G      1.617      1.408    0.01575        277        640: 62% ━━━━━━━───── 18/29 7.4it/s 2.5s<1.5s
[K       7/50      11.7G      1.618      1.408    0.01577        316        640: 65% ━━━━━━━╸──── 19/29 7.5it/s 2.6s<1.3s
[K       7/50      11.7G      1.618      1.405    0.01585        235        640: 68% ━━━━━━━━──── 20/29 7.3it/s 2.8s<1.2s
[K       7/50      11.7G      1.616      1.394    0.01588        257        640: 72% ━━━━━━━━╸─── 21/29 7.4it/s 2.9s<1.1s
[K       7/50      11.7G      1.613      1.388    0.01583        292        640: 75% ━━━━━━━━━─── 22/29 7.2it/s 3.1s<1.0s
[K       7/50      11.7G       1.61      1.383     0.0158        279        640: 79% ━━━━━━━━━╸── 23/29 7.4it/s 3.2s<0.8s
[K       7/50      11.7G      1.608      1.382    0.01584        285        640: 82% ━━━━━━━━━╸── 24/29 6.1it/s 3.5s<0.8s
[K       7/50      11.7G       1.61      1.379    0.01585        310        640: 86% ━━━━━━━━━━── 25/29 6.6it/s 3.6s<0.6s
[K       7/50      11.7G      1.608      1.375    0.01587        239        640: 89% ━━━━━━━━━━╸─ 26/29 6.8it/s 3.8s<0.4s
[K       7/50      11.7G      1.608      1.372    0.01593        253        640: 93% ━━━━━━━━━━━─ 27/29 7.1it/s 3.9s<0.3s
[K       7/50      11.7G       1.61      1.373    0.01594        209        640: 100% ━━━━━━━━━━━━ 29/29 7.2it/s 4.0s
[K                 Class     Images  Instances      Box(P          R      mAP50  mAP50-95): 50% ━━━━━━────── 1/2 1.9it/s 0.2s<0.5s
[K                 Class     Images  Instances      Box(P          R      mAP50  mAP50-95): 100% ━━━━━━━━━━━━ 2/2 7.7it/s 0.3s
                   all        202        531      0.616      0.573       0.59      0.259
      Epoch    GPU_mem   box_loss   cls_loss    l1_loss  Instances       Size
[K       8/50      11.7G      1.606      1.419     0.0158        268        640: 0% ──────────── 0/29  0.1s
[K       8/50      11.7G      1.667      1.451    0.01766        258        640: 3% ──────────── 1/29 2.3it/s 0.3s<12.1s
[K       8/50      11.7G      1.637       1.42    0.01719        295        640: 6% ╸─────────── 2/29 3.9it/s 0.4s<6.9s
[K       8/50      11.7G      1.629      1.429    0.01661        306        640: 10% ━─────────── 3/29 5.0it/s 0.5s<5.2s
[K       8/50      11.7G      1.627      1.402     0.0166        280        640: 13% ━╸────────── 4/29 5.9it/s 0.7s<4.3s
[K       8/50      11.7G      1.623      1.408    0.01619        308        640: 17% ━━────────── 5/29 6.4it/s 0.8s<3.7s
[K       8/50      11.7G      1.613      1.402    0.01613        270        640: 20% ━━────────── 6/29 6.9it/s 0.9s<3.4s
[K       8/50      11.7G      1.612      1.411     0.0158        312        640: 24% ━━╸───────── 7/29 6.9it/s 1.1s<3.2s
[K       8/50      11.7G      1.622      1.411    0.01574        314        640: 27% ━━━───────── 8/29 7.1it/s 1.2s<3.0s
[K       8/50      11.7G       1.62      1.402    0.01573        301        640: 31% ━━━╸──────── 9/29 6.9it/s 1.3s<2.9s
[K       8/50      11.7G      1.608      1.387    0.01563        284        640: 34% ━━━━──────── 10/29 7.1it/s 1.5s<2.7s
[K       8/50      11.7G      1.606      1.392    0.01562        318        640: 37% ━━━━╸─────── 11/29 7.3it/s 1.6s<2.5s
[K       8/50      11.7G        1.6      1.386    0.01559        264        640: 41% ━━━━╸─────── 12/29 7.4it/s 1.7s<2.3s
[K       8/50      11.7G      1.597      1.379    0.01563        287        640: 44% ━━━━━─────── 13/29 7.5it/s 1.9s<2.1s
[K       8/50      11.7G      1.597      1.374    0.01558        293        640: 48% ━━━━━╸────── 14/29 7.3it/s 2.0s<2.1s
[K       8/50      11.7G       1.59      1.359    0.01553        306        640: 51% ━━━━━━────── 15/29 7.4it/s 2.1s<1.9s
[K       8/50      11.7G      1.588      1.362    0.01553        278        640: 55% ━━━━━━╸───── 16/29 7.5it/s 2.3s<1.7s
[K       8/50      11.7G      1.593      1.364    0.01544        305        640: 58% ━━━━━━━───── 17/29 7.2it/s 2.4s<1.7s
[K       8/50      11.7G      1.593      1.353     0.0154        291        640: 62% ━━━━━━━───── 18/29 7.4it/s 2.5s<1.5s
[K       8/50      11.7G      1.592      1.345    0.01541        279        640: 65% ━━━━━━━╸──── 19/29 7.3it/s 2.7s<1.4s
[K       8/50      11.7G      1.589      1.342    0.01541        253        640: 68% ━━━━━━━━──── 20/29 7.4it/s 2.8s<1.2s
[K       8/50      11.7G      1.586      1.338    0.01538        276        640: 72% ━━━━━━━━╸─── 21/29 7.5it/s 2.9s<1.1s
[K       8/50      11.7G      1.584      1.334    0.01539        276        640: 75% ━━━━━━━━━─── 22/29 7.4it/s 3.1s<1.0s
[K       8/50      11.7G       1.58      1.326    0.01536        293        640: 79% ━━━━━━━━━╸── 23/29 7.2it/s 3.2s<0.8s
[K       8/50      11.7G      1.583      1.327    0.01538        298        640: 82% ━━━━━━━━━╸── 24/29 7.3it/s 3.4s<0.7s
[K       8/50      11.7G      1.583      1.324    0.01538        299        640: 86% ━━━━━━━━━━── 25/29 7.3it/s 3.5s<0.6s
[K       8/50      11.7G      1.581      1.322    0.01542        244        640: 89% ━━━━━━━━━━╸─ 26/29 7.4it/s 3.6s<0.4s
[K       8/50      11.7G      1.578      1.314    0.01533        295        640: 93% ━━━━━━━━━━━─ 27/29 7.3it/s 3.8s<0.3s
[K       8/50      11.7G       1.58      1.315    0.01528        236        640: 96% ━━━━━━━━━━━╸ 28/29 8.1it/s 3.9s<0.1s
[K       8/50      11.7G       1.58      1.315    0.01528        236        640: 100% ━━━━━━━━━━━━ 29/29 7.5it/s 3.9s
[K                 Class     Images  Instances      Box(P          R      mAP50  mAP50-95): 50% ━━━━━━────── 1/2 2.1it/s 0.1s<0.5s
[K                 Class     Images  Instances      Box(P          R      mAP50  mAP50-95): 100% ━━━━━━━━━━━━ 2/2 8.2it/s 0.2s
                   all        202        531       0.74      0.652       0.74      0.362
      Epoch    GPU_mem   box_loss   cls_loss    l1_loss  Instances       Size
[K       9/50      11.7G       1.68      1.322    0.01551        308        640: 0% ──────────── 0/29  0.1s
[K       9/50      11.7G      1.633      1.276     0.0158        288        640: 3% ──────────── 1/29 2.4it/s 0.3s<11.7s
[K       9/50      11.7G      1.612      1.245    0.01565        298        640: 6% ╸─────────── 2/29 4.1it/s 0.4s<6.6s
[K       9/50      11.7G      1.611      1.265    0.01529        310        640: 10% ━─────────── 3/29 5.3it/s 0.5s<5.0s
[K       9/50      11.7G      1.601      1.278    0.01525        282        640: 13% ━╸────────── 4/29 6.0it/s 0.7s<4.1s
[K       9/50      11.7G      1.598      1.283    0.01511        294        640: 17% ━━────────── 5/29 6.5it/s 0.8s<3.7s
[K       9/50      11.7G      1.593      1.261    0.01512        283        640: 20% ━━────────── 6/29 6.7it/s 0.9s<3.4s
[K       9/50      11.7G      1.586      1.274    0.01511        282        640: 24% ━━╸───────── 7/29 7.1it/s 1.0s<3.1s
[K       9/50      11.7G      1.582      1.279    0.01498        302        640: 27% ━━━───────── 8/29 7.2it/s 1.2s<2.9s
[K       9/50      11.7G      1.573      1.279    0.01481        281        640: 31% ━━━╸──────── 9/29 7.4it/s 1.3s<2.7s
[K       9/50      11.7G      1.574      1.286    0.01484        283        640: 34% ━━━━──────── 10/29 7.4it/s 1.4s<2.6s
[K       9/50      11.7G       1.57      1.285    0.01476        268        640: 37% ━━━━╸─────── 11/29 7.5it/s 1.6s<2.4s
[K       9/50      11.7G      1.572      1.281    0.01474        275        640: 41% ━━━━╸─────── 12/29 7.4it/s 1.7s<2.3s
[K       9/50      11.7G      1.571      1.282    0.01473        247        640: 44% ━━━━━─────── 13/29 7.6it/s 1.8s<2.1s
[K       9/50      11.7G      1.572      1.276     0.0149        234        640: 48% ━━━━━╸────── 14/29 7.5it/s 2.0s<2.0s
[K       9/50      11.7G      1.577      1.274    0.01495        279        640: 51% ━━━━━━────── 15/29 7.6it/s 2.1s<1.8s
[K       9/50      11.7G      1.575      1.268     0.0149        310        640: 55% ━━━━━━╸───── 16/29 7.5it/s 2.2s<1.7s
[K       9/50      11.7G      1.576      1.268    0.01496        270        640: 58% ━━━━━━━───── 17/29 7.6it/s 2.4s<1.6s
[K       9/50      11.7G      1.572      1.262    0.01495        297        640: 62% ━━━━━━━───── 18/29 7.5it/s 2.5s<1.5s
[K       9/50      11.7G      1.574      1.265    0.01495        298        640: 65% ━━━━━━━╸──── 19/29 7.7it/s 2.6s<1.3s
[K       9/50      11.7G      1.573      1.259    0.01495        297        640: 68% ━━━━━━━━──── 20/29 7.5it/s 2.8s<1.2s
[K       9/50      11.7G      1.571      1.257    0.01495        292        640: 72% ━━━━━━━━╸─── 21/29 7.4it/s 2.9s<1.1s
[K       9/50      11.7G       1.57      1.255    0.01499        292        640: 75% ━━━━━━━━━─── 22/29 7.2it/s 3.1s<1.0s
[K       9/50      11.7G      1.566      1.254    0.01494        267        640: 79% ━━━━━━━━━╸── 23/29 7.4it/s 3.2s<0.8s
[K       9/50      11.7G      1.569      1.255    0.01494        304        640: 82% ━━━━━━━━━╸── 24/29 7.4it/s 3.3s<0.7s
[K       9/50      11.7G      1.569      1.259      0.015        270        640: 86% ━━━━━━━━━━── 25/29 7.4it/s 3.5s<0.5s
[K       9/50      11.7G       1.57      1.256    0.01506        253        640: 89% ━━━━━━━━━━╸─ 26/29 7.2it/s 3.6s<0.4s
[K       9/50      11.7G      1.573      1.254    0.01505        285        640: 93% ━━━━━━━━━━━─ 27/29 7.3it/s 3.7s<0.3s
[K       9/50      11.7G      1.574      1.252    0.01511        179        640: 100% ━━━━━━━━━━━━ 29/29 7.6it/s 3.8s
[K                 Class     Images  Instances      Box(P          R      mAP50  mAP50-95): 50% ━━━━━━────── 1/2 2.0it/s 0.1s<0.5s
[K                 Class     Images  Instances      Box(P          R      mAP50  mAP50-95): 100% ━━━━━━━━━━━━ 2/2 8.2it/s 0.2s
                   all        202        531      0.775      0.635      0.728      0.357
      Epoch    GPU_mem   box_loss   cls_loss    l1_loss  Instances       Size
[K      10/50      11.7G      1.589      1.191     0.0161        282        640: 0% ──────────── 0/29  0.1s
[K      10/50      11.7G      1.568      1.218    0.01567        276        640: 3% ──────────── 1/29 2.3it/s 0.3s<12.1s
[K      10/50      11.7G      1.571      1.242    0.01583        291        640: 6% ╸─────────── 2/29 4.0it/s 0.4s<6.8s
[K      10/50      11.7G      1.592      1.262     0.0158        307        640: 10% ━─────────── 3/29 5.1it/s 0.5s<5.1s
[K      10/50      11.7G      1.585      1.275    0.01589        253        640: 13% ━╸────────── 4/29 5.9it/s 0.7s<4.2s
[K      10/50      11.7G      1.587      1.267    0.01569        281        640: 17% ━━────────── 5/29 6.4it/s 0.8s<3.8s
[K      10/50      11.7G      1.572      1.262    0.01554        267        640: 20% ━━────────── 6/29 6.7it/s 0.9s<3.4s
[K      10/50      11.7G      1.566      1.255     0.0153        279        640: 24% ━━╸───────── 7/29 6.9it/s 1.1s<3.2s
[K      10/50      11.7G      1.566      1.248    0.01533        275        640: 27% ━━━───────── 8/29 7.2it/s 1.2s<2.9s
[K      10/50      11.7G      1.568      1.245    0.01516        296        640: 31% ━━━╸──────── 9/29 7.2it/s 1.3s<2.8s
[K      10/50      11.7G      1.563      1.243    0.01507        282        640: 34% ━━━━──────── 10/29 7.4it/s 1.4s<2.6s
[K      10/50      11.7G      1.565      1.236    0.01513        232        640: 37% ━━━━╸─────── 11/29 7.4it/s 1.6s<2.4s
[K      10/50      11.7G      1.569      1.229     0.0151        288        640: 41% ━━━━╸─────── 12/29 7.5it/s 1.7s<2.3s
[K      10/50      11.7G      1.568       1.23    0.01519        262        640: 44% ━━━━━─────── 13/29 7.6it/s 1.8s<2.1s
[K      10/50      11.7G       1.57      1.229    0.01518        295        640: 48% ━━━━━╸────── 14/29 7.7it/s 2.0s<2.0s
[K      10/50      11.7G      1.568      1.227    0.01502        344        640: 51% ━━━━━━────── 15/29 7.5it/s 2.1s<1.9s
[K      10/50      11.7G      1.571      1.231    0.01508        231        640: 55% ━━━━━━╸───── 16/29 7.6it/s 2.2s<1.7s
[K      10/50      11.7G      1.571      1.227    0.01511        295        640: 58% ━━━━━━━───── 17/29 7.5it/s 2.4s<1.6s
[K      10/50      11.7G      1.569      1.231    0.01505        270        640: 62% ━━━━━━━───── 18/29 7.4it/s 2.5s<1.5s
[K      10/50      11.7G      1.568      1.228    0.01507        275        640: 65% ━━━━━━━╸──── 19/29 7.3it/s 2.7s<1.4s
[K      10/50      11.7G      1.566      1.225    0.01502        280        640: 68% ━━━━━━━━──── 20/29 7.4it/s 2.8s<1.2s
[K      10/50      11.7G       1.57      1.226    0.01501        294        640: 72% ━━━━━━━━╸─── 21/29 7.4it/s 2.9s<1.1s
[K      10/50      11.7G      1.573      1.225    0.01508        276        640: 75% ━━━━━━━━━─── 22/29 7.3it/s 3.1s<1.0s
[K      10/50      11.7G      1.571      1.222      0.015        288        640: 79% ━━━━━━━━━╸── 23/29 7.3it/s 3.2s<0.8s
[K      10/50      11.7G      1.573      1.218    0.01495        332        640: 82% ━━━━━━━━━╸── 24/29 7.5it/s 3.3s<0.7s
[K      10/50      11.7G      1.571      1.216    0.01485        355        640: 86% ━━━━━━━━━━── 25/29 7.4it/s 3.5s<0.5s
[K      10/50      11.7G      1.572      1.214    0.01484        293        640: 89% ━━━━━━━━━━╸─ 26/29 7.4it/s 3.6s<0.4s
[K      10/50      11.7G      1.576      1.214    0.01493        256        640: 93% ━━━━━━━━━━━─ 27/29 7.3it/s 3.7s<0.3s
[K      10/50      11.7G      1.572      1.217    0.01492        208        640: 96% ━━━━━━━━━━━╸ 28/29 7.7it/s 3.9s<0.1s
[K      10/50      11.7G      1.572      1.217    0.01492        208        640: 100% ━━━━━━━━━━━━ 29/29 7.5it/s 3.9s
[K                 Class     Images  Instances      Box(P          R      mAP50  mAP50-95): 50% ━━━━━━────── 1/2 2.0it/s 0.1s<0.5s
[K                 Class     Images  Instances      Box(P          R      mAP50  mAP50-95): 100% ━━━━━━━━━━━━ 2/2 8.2it/s 0.2s
                   all        202        531      0.734      0.661      0.749      0.369
      Epoch    GPU_mem   box_loss   cls_loss    l1_loss  Instances       Size
[K      11/50      11.7G      1.555      1.258    0.01355        325        640: 0% ──────────── 0/29  0.1s
[K      11/50      11.7G      1.584      1.224    0.01448        267        640: 3% ──────────── 1/29 2.4it/s 0.3s<11.7s
[K      11/50      11.7G      1.588      1.225    0.01476        274        640: 6% ╸─────────── 2/29 4.1it/s 0.4s<6.6s
[K      11/50      11.7G      1.585      1.213    0.01533        246        640: 10% ━─────────── 3/29 5.3it/s 0.5s<4.9s
[K      11/50      11.7G      1.572      1.226    0.01518        290        640: 13% ━╸────────── 4/29 6.1it/s 0.6s<4.1s
[K      11/50      11.7G      1.554      1.222     0.0147        318        640: 17% ━━────────── 5/29 6.5it/s 0.8s<3.7s
[K      11/50      11.7G      1.563      1.219    0.01489        307        640: 20% ━━────────── 6/29 6.9it/s 0.9s<3.3s
[K      11/50      11.7G      1.569      1.224    0.01488        293        640: 24% ━━╸───────── 7/29 7.2it/s 1.0s<3.0s
[K      11/50      11.7G      1.569      1.222     0.0149        275        640: 27% ━━━───────── 8/29 7.5it/s 1.1s<2.8s
[K      11/50      11.7G      1.556      1.221    0.01496        250        640: 31% ━━━╸──────── 9/29 7.6it/s 1.3s<2.6s
[K      11/50      11.7G      1.554      1.212    0.01477        317        640: 34% ━━━━──────── 10/29 7.7it/s 1.4s<2.5s
[K      11/50      11.7G      1.557      1.211     0.0147        294        640: 37% ━━━━╸─────── 11/29 7.7it/s 1.5s<2.4s
[K      11/50      11.7G      1.547      1.196    0.01475        260        640: 41% ━━━━╸─────── 12/29 7.7it/s 1.7s<2.2s
[K      11/50      11.7G      1.549      1.195    0.01467        290        640: 44% ━━━━━─────── 13/29 7.6it/s 1.8s<2.1s
[K      11/50      11.7G      1.549      1.191    0.01477        267        640: 48% ━━━━━╸────── 14/29 7.7it/s 1.9s<2.0s
[K      11/50      11.7G      1.547      1.184    0.01467        314        640: 51% ━━━━━━────── 15/29 7.8it/s 2.0s<1.8s
[K      11/50      11.7G      1.547      1.177     0.0146        311        640: 55% ━━━━━━╸───── 16/29 7.8it/s 2.2s<1.7s
[K      11/50      11.7G      1.547      1.179    0.01456        260        640: 58% ━━━━━━━───── 17/29 7.9it/s 2.3s<1.5s
[K      11/50      11.7G      1.547      1.181    0.01461        241        640: 62% ━━━━━━━───── 18/29 7.9it/s 2.4s<1.4s
[K      11/50      11.7G      1.545       1.18    0.01457        317        640: 65% ━━━━━━━╸──── 19/29 7.7it/s 2.6s<1.3s
[K      11/50      11.7G      1.546      1.181    0.01453        242        640: 68% ━━━━━━━━──── 20/29 7.8it/s 2.7s<1.2s
[K      11/50      11.7G      1.545      1.184    0.01456        284        640: 72% ━━━━━━━━╸─── 21/29 7.6it/s 2.8s<1.1s
[K      11/50      11.7G      1.544      1.178    0.01453        281        640: 75% ━━━━━━━━━─── 22/29 7.7it/s 2.9s<0.9s
[K      11/50      11.7G      1.543      1.179    0.01453        268        640: 79% ━━━━━━━━━╸── 23/29 7.7it/s 3.1s<0.8s
[K      11/50      11.7G      1.544      1.177    0.01452        278        640: 82% ━━━━━━━━━╸── 24/29 7.8it/s 3.2s<0.6s
[K      11/50      11.7G      1.544      1.177    0.01442        358        640: 86% ━━━━━━━━━━── 25/29 7.8it/s 3.3s<0.5s
[K      11/50      11.7G      1.544      1.174    0.01442        286        640: 89% ━━━━━━━━━━╸─ 26/29 7.8it/s 3.5s<0.4s
[K      11/50      11.7G      1.544      1.174    0.01441        313        640: 93% ━━━━━━━━━━━─ 27/29 7.7it/s 3.6s<0.3s
[K      11/50      11.7G      1.544      1.172    0.01438        229        640: 96% ━━━━━━━━━━━╸ 28/29 8.4it/s 3.7s<0.1s
[K      11/50      11.7G      1.544      1.172    0.01438        229        640: 100% ━━━━━━━━━━━━ 29/29 7.9it/s 3.7s
[K                 Class     Images  Instances      Box(P          R      mAP50  mAP50-95): 50% ━━━━━━────── 1/2 1.9it/s 0.2s<0.5s
[K                 Class     Images  Instances      Box(P          R      mAP50  mAP50-95): 100% ━━━━━━━━━━━━ 2/2 7.9it/s 0.3s
                   all        202        531      0.775      0.759      0.819      0.417
      Epoch    GPU_mem   box_loss   cls_loss    l1_loss  Instances       Size
[K      12/50      11.7G      1.562      1.031    0.01471        315        640: 0% ──────────── 0/29  0.1s
[K      12/50      11.7G      1.525      1.083    0.01418        302        640: 3% ──────────── 1/29 2.4it/s 0.3s<11.9s
[K      12/50      11.7G      1.558      1.158    0.01436        255        640: 6% ╸─────────── 2/29 4.0it/s 0.4s<6.7s
[K      12/50      11.7G      1.581       1.16    0.01431        348        640: 10% ━─────────── 3/29 5.2it/s 0.5s<5.0s
[K      12/50      11.7G      1.565      1.141    0.01447        271        640: 13% ━╸────────── 4/29 6.0it/s 0.6s<4.2s
[K      12/50      11.7G      1.554      1.141    0.01423        272        640: 17% ━━────────── 5/29 6.6it/s 0.8s<3.6s
[K      12/50      11.7G      1.554      1.141    0.01441        296        640: 20% ━━────────── 6/29 6.9it/s 0.9s<3.3s
[K      12/50      11.7G      1.554      1.152    0.01457        283        640: 24% ━━╸───────── 7/29 7.0it/s 1.0s<3.2s
[K      12/50      11.7G      1.556      1.161    0.01461        271        640: 27% ━━━───────── 8/29 6.9it/s 1.2s<3.0s
[K      12/50      11.7G      1.552      1.161     0.0144        320        640: 31% ━━━╸──────── 9/29 6.9it/s 1.3s<2.9s
[K      12/50      11.7G      1.547      1.155    0.01445        261        640: 34% ━━━━──────── 10/29 7.1it/s 1.5s<2.7s
[K      12/50      11.7G      1.545      1.154    0.01436        277        640: 37% ━━━━╸─────── 11/29 7.2it/s 1.6s<2.5s
[K      12/50      11.7G      1.548      1.159    0.01455        206        640: 41% ━━━━╸─────── 12/29 7.2it/s 1.7s<2.3s
[K      12/50      11.7G      1.546      1.158    0.01441        324        640: 44% ━━━━━─────── 13/29 7.2it/s 1.9s<2.2s
[K      12/50      11.7G      1.543       1.15    0.01455        251        640: 48% ━━━━━╸────── 14/29 7.3it/s 2.0s<2.0s
[K      12/50      11.7G       1.54      1.152    0.01462        277        640: 51% ━━━━━━────── 15/29 7.4it/s 2.1s<1.9s
[K      12/50      11.7G      1.541      1.155    0.01455        280        640: 55% ━━━━━━╸───── 16/29 7.5it/s 2.3s<1.7s
[K      12/50      11.7G      1.539      1.152    0.01451        278        640: 58% ━━━━━━━───── 17/29 7.3it/s 2.4s<1.6s
[K      12/50      11.7G      1.545      1.155    0.01453        324        640: 62% ━━━━━━━───── 18/29 7.2it/s 2.6s<1.5s
[K      12/50      11.7G      1.542      1.153    0.01446        295        640: 65% ━━━━━━━╸──── 19/29 7.2it/s 2.7s<1.4s
[K      12/50      11.7G      1.546      1.155    0.01439        286        640: 68% ━━━━━━━━──── 20/29 7.0it/s 2.8s<1.3s
[K      12/50      11.7G      1.543      1.155    0.01438        295        640: 72% ━━━━━━━━╸─── 21/29 7.2it/s 3.0s<1.1s
[K      12/50      11.7G      1.545      1.152    0.01435        305        640: 75% ━━━━━━━━━─── 22/29 7.4it/s 3.1s<1.0s
[K      12/50      11.7G      1.545      1.148    0.01434        299        640: 79% ━━━━━━━━━╸── 23/29 7.5it/s 3.2s<0.8s
[K      12/50      11.7G      1.544      1.149    0.01433        279        640: 82% ━━━━━━━━━╸── 24/29 7.6it/s 3.4s<0.7s
[K      12/50      11.7G      1.546      1.151    0.01431        306        640: 86% ━━━━━━━━━━── 25/29 7.6it/s 3.5s<0.5s
[K      12/50      11.7G      1.544      1.147    0.01429        245        640: 89% ━━━━━━━━━━╸─ 26/29 7.6it/s 3.6s<0.4s
[K      12/50      11.7G      1.545      1.147    0.01431        249        640: 93% ━━━━━━━━━━━─ 27/29 7.6it/s 3.8s<0.3s
[K      12/50      11.7G      1.544      1.149    0.01428        214        640: 96% ━━━━━━━━━━━╸ 28/29 8.3it/s 3.9s<0.1s
[K      12/50      11.7G      1.544      1.149    0.01428        214        640: 100% ━━━━━━━━━━━━ 29/29 7.5it/s 3.9s
[K                 Class     Images  Instances      Box(P          R      mAP50  mAP50-95): 50% ━━━━━━────── 1/2 2.1it/s 0.1s<0.5s
[K                 Class     Images  Instances      Box(P          R      mAP50  mAP50-95): 100% ━━━━━━━━━━━━ 2/2 8.3it/s 0.2s
                   all        202        531      0.636      0.616      0.652      0.312
      Epoch    GPU_mem   box_loss   cls_loss    l1_loss  Instances       Size
[K      13/50      11.7G      1.531      1.124    0.01495        247        640: 0% ──────────── 0/29  0.1s
[K      13/50      11.7G      1.526      1.135    0.01483        274        640: 3% ──────────── 1/29 2.3it/s 0.3s<12.1s
[K      13/50      11.7G      1.537      1.156    0.01471        297        640: 6% ╸─────────── 2/29 3.9it/s 0.4s<6.9s
[K      13/50      11.7G       1.55      1.172    0.01527        257        640: 10% ━─────────── 3/29 5.0it/s 0.5s<5.2s
[K      13/50      11.7G      1.555      1.175    0.01512        310        640: 13% ━╸────────── 4/29 5.6it/s 0.7s<4.4s
[K      13/50      11.7G      1.559       1.16    0.01531        278        640: 17% ━━────────── 5/29 6.3it/s 0.8s<3.8s
[K      13/50      11.7G      1.546      1.132    0.01546        263        640: 20% ━━────────── 6/29 6.6it/s 0.9s<3.5s
[K      13/50      11.7G      1.536      1.123    0.01529        295        640: 24% ━━╸───────── 7/29 6.9it/s 1.1s<3.2s
[K      13/50      11.7G      1.531      1.129    0.01543        218        640: 27% ━━━───────── 8/29 6.9it/s 1.2s<3.0s
[K      13/50      11.7G      1.532      1.142    0.01523        323        640: 31% ━━━╸──────── 9/29 7.2it/s 1.3s<2.8s
[K      13/50      11.7G      1.529      1.141    0.01529        272        640: 34% ━━━━──────── 10/29 7.3it/s 1.5s<2.6s
[K      13/50      11.7G      1.537      1.147    0.01537        236        640: 37% ━━━━╸─────── 11/29 7.5it/s 1.6s<2.4s
[K      13/50      11.7G      1.541      1.149    0.01521        301        640: 41% ━━━━╸─────── 12/29 7.3it/s 1.7s<2.3s
[K      13/50      11.7G      1.535      1.146    0.01511        272        640: 44% ━━━━━─────── 13/29 7.5it/s 1.9s<2.1s
[K      13/50      11.7G      1.535      1.144    0.01504        300        640: 48% ━━━━━╸────── 14/29 7.6it/s 2.0s<2.0s
[K      13/50      11.7G      1.527      1.137    0.01494        289        640: 51% ━━━━━━────── 15/29 7.6it/s 2.1s<1.9s
[K      13/50      11.7G       1.52      1.128    0.01497        233        640: 55% ━━━━━━╸───── 16/29 7.4it/s 2.3s<1.8s
[K      13/50      11.7G       1.52      1.126    0.01494        284        640: 58% ━━━━━━━───── 17/29 7.5it/s 2.4s<1.6s
[K      13/50      11.7G      1.522       1.13    0.01483        326        640: 62% ━━━━━━━───── 18/29 7.5it/s 2.5s<1.5s
[K      13/50      11.7G      1.519       1.13    0.01478        296        640: 65% ━━━━━━━╸──── 19/29 7.5it/s 2.7s<1.3s
[K      13/50      11.7G       1.52      1.128    0.01478        280        640: 68% ━━━━━━━━──── 20/29 7.3it/s 2.8s<1.2s
[K      13/50      11.7G       1.52      1.129     0.0148        269        640: 72% ━━━━━━━━╸─── 21/29 7.4it/s 2.9s<1.1s
[K      13/50      11.7G      1.517       1.13    0.01479        286        640: 75% ━━━━━━━━━─── 22/29 7.4it/s 3.1s<0.9s
[K      13/50      11.7G      1.515      1.127    0.01473        281        640: 79% ━━━━━━━━━╸── 23/29 7.4it/s 3.2s<0.8s
[K      13/50      11.7G      1.518      1.127    0.01467        336        640: 82% ━━━━━━━━━╸── 24/29 7.5it/s 3.3s<0.7s
[K      13/50      11.7G      1.519      1.129    0.01456        312        640: 86% ━━━━━━━━━━── 25/29 7.5it/s 3.5s<0.5s
[K      13/50      11.7G       1.52      1.131     0.0145        325        640: 89% ━━━━━━━━━━╸─ 26/29 7.4it/s 3.6s<0.4s
[K      13/50      11.7G       1.52      1.132    0.01449        243        640: 93% ━━━━━━━━━━━─ 27/29 7.5it/s 3.7s<0.3s
[K      13/50      11.7G      1.519      1.131    0.01454        190        640: 96% ━━━━━━━━━━━╸ 28/29 8.0it/s 3.9s<0.1s
[K      13/50      11.7G      1.519      1.131    0.01454        190        640: 100% ━━━━━━━━━━━━ 29/29 7.5it/s 3.9s
[K                 Class     Images  Instances      Box(P          R      mAP50  mAP50-95): 50% ━━━━━━────── 1/2 2.0it/s 0.2s<0.5s
[K                 Class     Images  Instances      Box(P          R      mAP50  mAP50-95): 100% ━━━━━━━━━━━━ 2/2 8.0it/s 0.2s
                   all        202        531      0.764       0.75      0.813      0.424
      Epoch    GPU_mem   box_loss   cls_loss    l1_loss  Instances       Size
[K      14/50      11.7G      1.428      1.178    0.01384        235        640: 0% ──────────── 0/29  0.1s
[K      14/50      11.7G      1.454      1.131    0.01374        285        640: 3% ──────────── 1/29 2.3it/s 0.3s<12.0s
[K      14/50      11.7G      1.478      1.118     0.0142        244        640: 6% ╸─────────── 2/29 3.9it/s 0.4s<6.9s
[K      14/50      11.7G      1.511      1.126    0.01412        323        640: 10% ━─────────── 3/29 5.1it/s 0.5s<5.1s
[K      14/50      11.7G      1.493      1.118      0.014        276        640: 13% ━╸────────── 4/29 5.7it/s 0.7s<4.4s
[K      14/50      11.7G      1.482      1.107    0.01378        302        640: 17% ━━────────── 5/29 6.2it/s 0.8s<3.9s
[K      14/50      11.7G       1.48      1.113    0.01391        246        640: 20% ━━────────── 6/29 6.6it/s 0.9s<3.5s
[K      14/50      11.7G      1.483      1.115    0.01386        291        640: 24% ━━╸───────── 7/29 6.7it/s 1.1s<3.3s
[K      14/50      11.7G      1.483      1.117    0.01382        319        640: 27% ━━━───────── 8/29 7.0it/s 1.2s<3.0s
[K      14/50      11.7G      1.491      1.114    0.01384        288        640: 31% ━━━╸──────── 9/29 7.0it/s 1.3s<2.9s
[K      14/50      11.7G      1.495      1.114    0.01387        270        640: 34% ━━━━──────── 10/29 6.9it/s 1.5s<2.8s
[K      14/50      11.7G      1.499       1.12    0.01401        238        640: 37% ━━━━╸─────── 11/29 6.9it/s 1.6s<2.6s
[K      14/50      11.7G        1.5      1.117    0.01405        266        640: 41% ━━━━╸─────── 12/29 7.1it/s 1.8s<2.4s
[K      14/50      11.7G      1.507      1.113    0.01407        290        640: 44% ━━━━━─────── 13/29 7.1it/s 1.9s<2.2s
[K      14/50      11.7G      1.507      1.112    0.01403        314        640: 48% ━━━━━╸────── 14/29 7.3it/s 2.0s<2.1s
[K      14/50      11.7G      1.508      1.109    0.01402        273        640: 51% ━━━━━━────── 15/29 7.1it/s 2.2s<2.0s
[K      14/50      11.7G      1.508      1.112    0.01407        257        640: 55% ━━━━━━╸───── 16/29 7.3it/s 2.3s<1.8s
[K      14/50      11.7G      1.507      1.109    0.01403        290        640: 58% ━━━━━━━───── 17/29 7.4it/s 2.5s<1.6s
[K      14/50      11.7G      1.506      1.111    0.01403        279        640: 62% ━━━━━━━───── 18/29 7.2it/s 2.6s<1.5s
[K      14/50      11.7G      1.506      1.112    0.01395        277        640: 65% ━━━━━━━╸──── 19/29 7.2it/s 2.7s<1.4s
[K      14/50      11.7G      1.505      1.109    0.01397        266        640: 68% ━━━━━━━━──── 20/29 7.3it/s 2.9s<1.2s
[K      14/50      11.7G      1.502      1.105    0.01397        242        640: 72% ━━━━━━━━╸─── 21/29 7.2it/s 3.0s<1.1s
[K      14/50      11.7G      1.501      1.104    0.01394        300        640: 75% ━━━━━━━━━─── 22/29 7.1it/s 3.2s<1.0s
[K      14/50      11.7G      1.503      1.102    0.01398        252        640: 79% ━━━━━━━━━╸── 23/29 7.2it/s 3.3s<0.8s
[K      14/50      11.7G      1.502      1.097    0.01395        298        640: 82% ━━━━━━━━━╸── 24/29 7.3it/s 3.4s<0.7s
[K      14/50      11.7G      1.502      1.095    0.01395        334        640: 86% ━━━━━━━━━━── 25/29 7.1it/s 3.6s<0.6s
[K      14/50      11.7G      1.505      1.094    0.01396        304        640: 89% ━━━━━━━━━━╸─ 26/29 7.0it/s 3.7s<0.4s
[K      14/50      11.7G      1.507      1.094    0.01396        297        640: 93% ━━━━━━━━━━━─ 27/29 7.1it/s 3.9s<0.3s
[K      14/50      11.7G      1.509       1.09    0.01396        195        640: 96% ━━━━━━━━━━━╸ 28/29 7.5it/s 4.0s<0.1s
[K      14/50      11.7G      1.509       1.09    0.01396        195        640: 100% ━━━━━━━━━━━━ 29/29 7.3it/s 4.0s
[K                 Class     Images  Instances      Box(P          R      mAP50  mAP50-95): 50% ━━━━━━────── 1/2 1.8it/s 0.2s<0.6s
[K                 Class     Images  Instances      Box(P          R      mAP50  mAP50-95): 100% ━━━━━━━━━━━━ 2/2 7.9it/s 0.3s
                   all        202        531      0.772       0.78      0.827      0.415
      Epoch    GPU_mem   box_loss   cls_loss    l1_loss  Instances       Size
[K      15/50      11.7G      1.566        1.1    0.01422        281        640: 0% ──────────── 0/29  0.1s
[K      15/50      11.7G      1.564      1.022    0.01467        291        640: 3% ──────────── 1/29 2.3it/s 0.3s<12.0s
[K      15/50      11.7G      1.555      1.028    0.01504        250        640: 6% ╸─────────── 2/29 4.0it/s 0.4s<6.8s
[K      15/50      11.7G      1.545      1.052    0.01507        285        640: 10% ━─────────── 3/29 5.1it/s 0.5s<5.1s
[K      15/50      11.7G      1.552      1.085    0.01475        296        640: 13% ━╸────────── 4/29 5.8it/s 0.7s<4.3s
[K      15/50      11.7G      1.544      1.088    0.01464        309        640: 17% ━━────────── 5/29 6.4it/s 0.8s<3.8s
[K      15/50      11.7G       1.54        1.1    0.01432        313        640: 20% ━━────────── 6/29 6.6it/s 0.9s<3.5s
[K      15/50      11.7G      1.543      1.101    0.01452        273        640: 24% ━━╸───────── 7/29 6.8it/s 1.1s<3.3s
[K      15/50      11.7G       1.53      1.096    0.01429        305        640: 27% ━━━───────── 8/29 7.1it/s 1.2s<3.0s
[K      15/50      11.7G      1.528      1.091    0.01411        297        640: 31% ━━━╸──────── 9/29 7.3it/s 1.3s<2.7s
[K      15/50      11.7G      1.528      1.085    0.01415        287        640: 34% ━━━━──────── 10/29 7.2it/s 1.5s<2.6s
[K      15/50      11.7G      1.528      1.082    0.01412        314        640: 37% ━━━━╸─────── 11/29 7.4it/s 1.6s<2.4s
[K      15/50      11.7G      1.525       1.09    0.01408        279        640: 41% ━━━━╸─────── 12/29 7.5it/s 1.7s<2.3s
[K      15/50      11.7G      1.522      1.082    0.01395        341        640: 44% ━━━━━─────── 13/29 7.6it/s 1.8s<2.1s
[K      15/50      11.7G      1.527      1.088    0.01407        257        640: 48% ━━━━━╸────── 14/29 7.6it/s 2.0s<2.0s
[K      15/50      11.7G       1.53      1.085    0.01406        286        640: 51% ━━━━━━────── 15/29 7.6it/s 2.1s<1.9s
[K      15/50      11.7G      1.529      1.086    0.01396        321        640: 55% ━━━━━━╸───── 16/29 7.6it/s 2.2s<1.7s
[K      15/50      11.7G      1.523      1.079    0.01395        305        640: 58% ━━━━━━━───── 17/29 7.7it/s 2.4s<1.6s
[K      15/50      11.7G      1.519      1.077    0.01393        282        640: 62% ━━━━━━━───── 18/29 7.6it/s 2.5s<1.4s
[K      15/50      11.7G      1.521       1.08    0.01394        291        640: 65% ━━━━━━━╸──── 19/29 7.7it/s 2.6s<1.3s
[K      15/50      11.7G       1.52      1.075    0.01393        288        640: 68% ━━━━━━━━──── 20/29 7.7it/s 2.8s<1.2s
[K      15/50      11.7G      1.519      1.073    0.01392        241        640: 72% ━━━━━━━━╸─── 21/29 7.7it/s 2.9s<1.0s
[K      15/50      11.7G      1.519      1.073    0.01392        258        640: 75% ━━━━━━━━━─── 22/29 7.5it/s 3.0s<0.9s
[K      15/50      11.7G      1.516      1.073     0.0139        250        640: 79% ━━━━━━━━━╸── 23/29 7.5it/s 3.2s<0.8s
[K      15/50      11.7G      1.515      1.072    0.01393        271        640: 82% ━━━━━━━━━╸── 24/29 7.6it/s 3.3s<0.7s
[K      15/50      11.7G      1.516       1.07      0.014        259        640: 86% ━━━━━━━━━━── 25/29 7.7it/s 3.4s<0.5s
[K      15/50      11.7G      1.516      1.068    0.01402        276        640: 89% ━━━━━━━━━━╸─ 26/29 7.8it/s 3.5s<0.4s
[K      15/50      11.7G      1.516      1.068      0.014        309        640: 93% ━━━━━━━━━━━─ 27/29 7.8it/s 3.7s<0.3s
[K      15/50      11.7G      1.515      1.071    0.01399        190        640: 96% ━━━━━━━━━━━╸ 28/29 8.4it/s 3.8s<0.1s
[K      15/50      11.7G      1.515      1.071    0.01399        190        640: 100% ━━━━━━━━━━━━ 29/29 7.7it/s 3.8s
[K                 Class     Images  Instances      Box(P          R      mAP50  mAP50-95): 50% ━━━━━━────── 1/2 2.0it/s 0.2s<0.5s
[K                 Class     Images  Instances      Box(P          R      mAP50  mAP50-95): 100% ━━━━━━━━━━━━ 2/2 7.9it/s 0.3s
                   all        202        531       0.82      0.738      0.833      0.445
      Epoch    GPU_mem   box_loss   cls_loss    l1_loss  Instances       Size
[K      16/50      11.7G      1.502      1.029    0.01364        283        640: 0% ──────────── 0/29  0.1s
[K      16/50      11.7G      1.518      1.067    0.01318        291        640: 3% ──────────── 1/29 2.4it/s 0.3s<11.7s
[K      16/50      11.7G      1.547      1.087    0.01429        238        640: 6% ╸─────────── 2/29 4.1it/s 0.4s<6.6s
[K      16/50      11.7G      1.535      1.069    0.01389        323        640: 10% ━─────────── 3/29 5.2it/s 0.5s<5.0s
[K      16/50      11.7G      1.514      1.055    0.01387        278        640: 13% ━╸────────── 4/29 5.8it/s 0.6s<4.3s
[K      16/50      11.7G      1.511      1.037    0.01376        303        640: 17% ━━────────── 5/29 6.4it/s 0.8s<3.7s
[K      16/50      11.7G      1.509      1.045    0.01414        258        640: 20% ━━────────── 6/29 6.8it/s 0.9s<3.4s
[K      16/50      11.7G      1.495      1.037    0.01419        271        640: 24% ━━╸───────── 7/29 7.1it/s 1.0s<3.1s
[K      16/50      11.7G      1.499      1.047    0.01408        260        640: 27% ━━━───────── 8/29 7.2it/s 1.2s<2.9s
[K      16/50      11.7G      1.498      1.052      0.014        269        640: 31% ━━━╸──────── 9/29 7.2it/s 1.3s<2.8s
[K      16/50      11.7G      1.492      1.044    0.01393        301        640: 34% ━━━━──────── 10/29 7.1it/s 1.5s<2.7s
[K      16/50      11.7G       1.49       1.04    0.01385        282        640: 37% ━━━━╸─────── 11/29 7.2it/s 1.6s<2.5s
[K      16/50      11.7G       1.49      1.033    0.01382        288        640: 41% ━━━━╸─────── 12/29 7.4it/s 1.7s<2.3s
[K      16/50      11.7G      1.495      1.031    0.01376        270        640: 44% ━━━━━─────── 13/29 7.3it/s 1.9s<2.2s
[K      16/50      11.7G      1.495      1.032    0.01372        330        640: 48% ━━━━━╸────── 14/29 7.4it/s 2.0s<2.0s
[K      16/50      11.7G      1.497      1.034    0.01372        300        640: 51% ━━━━━━────── 15/29 7.3it/s 2.1s<1.9s
[K      16/50      11.7G        1.5      1.042    0.01368        322        640: 55% ━━━━━━╸───── 16/29 7.4it/s 2.3s<1.8s
[K      16/50      11.7G      1.501       1.04    0.01363        270        640: 58% ━━━━━━━───── 17/29 7.5it/s 2.4s<1.6s
[K      16/50      11.7G      1.506      1.052    0.01372        271        640: 62% ━━━━━━━───── 18/29 7.4it/s 2.5s<1.5s
[K      16/50      11.7G      1.505      1.052    0.01375        291        640: 65% ━━━━━━━╸──── 19/29 7.4it/s 2.7s<1.4s
[K      16/50      11.7G      1.501      1.053    0.01378        234        640: 68% ━━━━━━━━──── 20/29 7.5it/s 2.8s<1.2s
[K      16/50      11.7G      1.503      1.054    0.01381        275        640: 72% ━━━━━━━━╸─── 21/29 7.3it/s 2.9s<1.1s
[K      16/50      11.7G      1.503      1.056    0.01377        280        640: 75% ━━━━━━━━━─── 22/29 7.5it/s 3.1s<0.9s
[K      16/50      11.7G      1.503       1.06    0.01381        266        640: 79% ━━━━━━━━━╸── 23/29 7.3it/s 3.2s<0.8s
[K      16/50      11.7G      1.502      1.063    0.01378        310        640: 82% ━━━━━━━━━╸── 24/29 7.5it/s 3.3s<0.7s
[K      16/50      11.7G      1.503      1.064    0.01374        276        640: 86% ━━━━━━━━━━── 25/29 7.6it/s 3.5s<0.5s
[K      16/50      11.7G      1.502      1.066    0.01375        290        640: 89% ━━━━━━━━━━╸─ 26/29 7.5it/s 3.6s<0.4s
[K      16/50      11.7G      1.499      1.065    0.01371        284        640: 93% ━━━━━━━━━━━─ 27/29 7.6it/s 3.7s<0.3s
[K      16/50      11.7G      1.498      1.064    0.01369        191        640: 96% ━━━━━━━━━━━╸ 28/29 8.2it/s 3.8s<0.1s
[K      16/50      11.7G      1.498      1.064    0.01369        191        640: 100% ━━━━━━━━━━━━ 29/29 7.6it/s 3.8s
[K                 Class     Images  Instances      Box(P          R      mAP50  mAP50-95): 50% ━━━━━━────── 1/2 2.0it/s 0.1s<0.5s
[K                 Class     Images  Instances      Box(P          R      mAP50  mAP50-95): 100% ━━━━━━━━━━━━ 2/2 8.2it/s 0.2s
                   all        202        531      0.761      0.782      0.829      0.435
      Epoch    GPU_mem   box_loss   cls_loss    l1_loss  Instances       Size
[K      17/50      11.7G      1.488      1.059    0.01434        283        640: 0% ──────────── 0/29  0.1s
[K      17/50      11.7G      1.555      1.045    0.01755        235        640: 3% ──────────── 1/29 2.2it/s 0.3s<12.6s
[K      17/50      11.7G      1.552      1.021    0.01612        282        640: 6% ╸─────────── 2/29 3.8it/s 0.4s<7.2s
[K      17/50      11.7G      1.525      1.005    0.01564        277        640: 10% ━─────────── 3/29 4.9it/s 0.5s<5.3s
[K      17/50      11.7G      1.529      1.019    0.01489        319        640: 13% ━╸────────── 4/29 5.5it/s 0.7s<4.5s
[K      17/50      11.7G      1.515      1.023    0.01443        306        640: 17% ━━────────── 5/29 6.1it/s 0.8s<3.9s
[K      17/50      11.7G       1.52       1.03    0.01424        326        640: 20% ━━────────── 6/29 6.5it/s 0.9s<3.5s
[K      17/50      11.7G      1.527       1.04    0.01443        270        640: 24% ━━╸───────── 7/29 6.9it/s 1.1s<3.2s
[K      17/50      11.7G      1.529      1.041    0.01441        286        640: 27% ━━━───────── 8/29 7.2it/s 1.2s<2.9s
[K      17/50      11.7G       1.53      1.041    0.01428        272        640: 31% ━━━╸──────── 9/29 7.4it/s 1.3s<2.7s
[K      17/50      11.7G      1.527      1.039    0.01429        285        640: 34% ━━━━──────── 10/29 7.5it/s 1.5s<2.5s
[K      17/50      11.7G       1.52      1.034    0.01427        248        640: 37% ━━━━╸─────── 11/29 7.4it/s 1.6s<2.4s
[K      17/50      11.7G      1.522      1.031    0.01428        267        640: 41% ━━━━╸─────── 12/29 7.3it/s 1.7s<2.3s
[K      17/50      11.7G      1.521      1.031     0.0141        328        640: 44% ━━━━━─────── 13/29 7.2it/s 1.9s<2.2s
[K      17/50      11.7G      1.517       1.03    0.01404        276        640: 48% ━━━━━╸────── 14/29 7.2it/s 2.0s<2.1s
[K      17/50      11.7G      1.517      1.032    0.01399        297        640: 51% ━━━━━━────── 15/29 7.3it/s 2.2s<1.9s
[K      17/50      11.7G      1.519      1.035    0.01397        291        640: 55% ━━━━━━╸───── 16/29 7.3it/s 2.3s<1.8s
[K      17/50      11.7G      1.519      1.034    0.01395        259        640: 58% ━━━━━━━───── 17/29 7.5it/s 2.4s<1.6s
[K      17/50      11.7G      1.517      1.032    0.01394        281        640: 62% ━━━━━━━───── 18/29 7.3it/s 2.6s<1.5s
[K      17/50      11.7G      1.519      1.032    0.01392        288        640: 65% ━━━━━━━╸──── 19/29 7.4it/s 2.7s<1.3s
[K      17/50      11.7G      1.516      1.029    0.01395        260        640: 68% ━━━━━━━━──── 20/29 7.4it/s 2.8s<1.2s
[K      17/50      11.7G      1.515      1.027    0.01395        277        640: 72% ━━━━━━━━╸─── 21/29 7.3it/s 3.0s<1.1s
[K      17/50      11.7G      1.517      1.034    0.01386        321        640: 75% ━━━━━━━━━─── 22/29 7.3it/s 3.1s<1.0s
[K      17/50      11.7G      1.519      1.037    0.01389        266        640: 79% ━━━━━━━━━╸── 23/29 7.4it/s 3.2s<0.8s
[K      17/50      11.7G      1.518      1.035    0.01389        288        640: 82% ━━━━━━━━━╸── 24/29 7.5it/s 3.4s<0.7s
[K      17/50      11.7G      1.515      1.038    0.01386        291        640: 86% ━━━━━━━━━━── 25/29 7.5it/s 3.5s<0.5s
[K      17/50      11.7G      1.515      1.036    0.01391        282        640: 89% ━━━━━━━━━━╸─ 26/29 7.6it/s 3.6s<0.4s
[K      17/50      11.7G      1.512      1.034    0.01398        267        640: 93% ━━━━━━━━━━━─ 27/29 7.5it/s 3.8s<0.3s
[K      17/50      11.7G       1.51      1.035    0.01408        171        640: 96% ━━━━━━━━━━━╸ 28/29 8.1it/s 3.9s<0.1s
[K      17/50      11.7G       1.51      1.035    0.01408        171        640: 100% ━━━━━━━━━━━━ 29/29 7.5it/s 3.9s
[K                 Class     Images  Instances      Box(P          R      mAP50  mAP50-95): 50% ━━━━━━────── 1/2 2.0it/s 0.1s<0.5s
[K                 Class     Images  Instances      Box(P          R      mAP50  mAP50-95): 100% ━━━━━━━━━━━━ 2/2 8.3it/s 0.2s
                   all        202        531      0.811      0.807      0.858       0.46
      Epoch    GPU_mem   box_loss   cls_loss    l1_loss  Instances       Size
[K      18/50      11.7G      1.451      1.151    0.01257        288        640: 0% ──────────── 0/29  0.1s
[K      18/50      11.7G      1.525      1.103    0.01332        303        640: 3% ──────────── 1/29 2.2it/s 0.3s<12.5s
[K      18/50      11.7G      1.489      1.084    0.01281        307        640: 6% ╸─────────── 2/29 3.9it/s 0.4s<6.9s
[K      18/50      11.7G      1.481      1.052    0.01292        303        640: 10% ━─────────── 3/29 5.0it/s 0.5s<5.2s
[K      18/50      11.7G      1.501      1.056    0.01337        261        640: 13% ━╸────────── 4/29 5.8it/s 0.7s<4.3s
[K      18/50      11.7G      1.503      1.056    0.01339        273        640: 17% ━━────────── 5/29 6.4it/s 0.8s<3.7s
[K      18/50      11.7G      1.498      1.038    0.01337        289        640: 20% ━━────────── 6/29 6.8it/s 0.9s<3.4s
[K      18/50      11.7G      1.487      1.022     0.0134        246        640: 24% ━━╸───────── 7/29 7.1it/s 1.0s<3.1s
[K      18/50      11.7G      1.496      1.023    0.01341        335        640: 27% ━━━───────── 8/29 7.2it/s 1.2s<2.9s
[K      18/50      11.7G      1.489      1.024    0.01334        316        640: 31% ━━━╸──────── 9/29 7.2it/s 1.3s<2.8s
[K      18/50      11.7G      1.491      1.022     0.0134        326        640: 34% ━━━━──────── 10/29 7.4it/s 1.4s<2.6s
[K      18/50      11.7G      1.487      1.013    0.01331        275        640: 37% ━━━━╸─────── 11/29 7.2it/s 1.6s<2.5s
[K      18/50      11.7G      1.488      1.005    0.01346        271        640: 41% ━━━━╸─────── 12/29 7.2it/s 1.7s<2.4s
[K      18/50      11.7G      1.482      1.007    0.01345        299        640: 44% ━━━━━─────── 13/29 7.4it/s 1.9s<2.2s
[K      18/50      11.7G      1.487      1.017    0.01348        255        640: 48% ━━━━━╸────── 14/29 7.5it/s 2.0s<2.0s
[K      18/50      11.7G      1.486      1.015    0.01351        256        640: 51% ━━━━━━────── 15/29 7.5it/s 2.1s<1.9s
[K      18/50      11.7G      1.486      1.013    0.01343        315        640: 55% ━━━━━━╸───── 16/29 7.6it/s 2.2s<1.7s
[K      18/50      11.7G      1.484      1.014    0.01363        194        640: 58% ━━━━━━━───── 17/29 7.5it/s 2.4s<1.6s
[K      18/50      11.7G      1.489      1.018    0.01363        266        640: 62% ━━━━━━━───── 18/29 7.6it/s 2.5s<1.4s
[K      18/50      11.7G      1.489      1.015    0.01363        310        640: 65% ━━━━━━━╸──── 19/29 7.7it/s 2.6s<1.3s
[K      18/50      11.7G       1.49       1.02    0.01361        301        640: 68% ━━━━━━━━──── 20/29 7.6it/s 2.8s<1.2s
[K      18/50      11.7G      1.492      1.019     0.0136        314        640: 72% ━━━━━━━━╸─── 21/29 7.7it/s 2.9s<1.0s
[K      18/50      11.7G      1.489      1.016    0.01369        232        640: 75% ━━━━━━━━━─── 22/29 7.5it/s 3.0s<0.9s
[K      18/50      11.7G      1.491      1.016    0.01364        298        640: 79% ━━━━━━━━━╸── 23/29 7.3it/s 3.2s<0.8s
[K      18/50      11.7G      1.491      1.016    0.01362        258        640: 82% ━━━━━━━━━╸── 24/29 7.5it/s 3.3s<0.7s
[K      18/50      11.7G      1.491      1.013    0.01361        286        640: 86% ━━━━━━━━━━── 25/29 7.4it/s 3.5s<0.5s
[K      18/50      11.7G      1.489      1.012    0.01361        270        640: 89% ━━━━━━━━━━╸─ 26/29 7.5it/s 3.6s<0.4s
[K      18/50      11.7G      1.486      1.011    0.01362        238        640: 93% ━━━━━━━━━━━─ 27/29 7.5it/s 3.7s<0.3s
[K      18/50      11.7G      1.486       1.01    0.01358        214        640: 100% ━━━━━━━━━━━━ 29/29 7.6it/s 3.8s
[K                 Class     Images  Instances      Box(P          R      mAP50  mAP50-95): 50% ━━━━━━────── 1/2 2.1it/s 0.1s<0.5s
[K                 Class     Images  Instances      Box(P          R      mAP50  mAP50-95): 100% ━━━━━━━━━━━━ 2/2 8.3it/s 0.2s
                   all        202        531      0.808      0.772      0.856      0.477
      Epoch    GPU_mem   box_loss   cls_loss    l1_loss  Instances       Size
[K      19/50      11.7G      1.406     0.9336    0.01251        314        640: 0% ──────────── 0/29  0.1s
[K      19/50      11.7G      1.433     0.9759    0.01304        322        640: 3% ──────────── 1/29 2.3it/s 0.3s<11.9s
[K      19/50      11.7G      1.456     0.9977    0.01311        282        640: 6% ╸─────────── 2/29 4.0it/s 0.4s<6.7s
[K      19/50      11.7G      1.484      1.025    0.01294        348        640: 10% ━─────────── 3/29 5.1it/s 0.5s<5.1s
[K      19/50      11.7G      1.471       1.01    0.01279        281        640: 13% ━╸────────── 4/29 5.9it/s 0.6s<4.2s
[K      19/50      11.7G      1.469     0.9947      0.013        266        640: 17% ━━────────── 5/29 6.5it/s 0.8s<3.7s
[K      19/50      11.7G      1.467      0.994    0.01278        299        640: 20% ━━────────── 6/29 6.7it/s 0.9s<3.4s
[K      19/50      11.7G      1.458     0.9798    0.01276        306        640: 24% ━━╸───────── 7/29 6.9it/s 1.0s<3.2s
[K      19/50      11.7G      1.461     0.9764     0.0131        240        640: 27% ━━━───────── 8/29 7.1it/s 1.2s<3.0s
[K      19/50      11.7G      1.473     0.9771    0.01309        291        640: 31% ━━━╸──────── 9/29 7.2it/s 1.3s<2.8s
[K      19/50      11.7G      1.482     0.9833    0.01329        307        640: 34% ━━━━──────── 10/29 7.3it/s 1.4s<2.6s
[K      19/50      11.7G       1.48     0.9775     0.0133        298        640: 37% ━━━━╸─────── 11/29 7.3it/s 1.6s<2.5s
[K      19/50      11.7G      1.481     0.9773    0.01327        283        640: 41% ━━━━╸─────── 12/29 7.3it/s 1.7s<2.3s
[K      19/50      11.7G      1.472     0.9768    0.01324        264        640: 44% ━━━━━─────── 13/29 7.5it/s 1.8s<2.1s
[K      19/50      11.7G      1.474     0.9759    0.01336        244        640: 48% ━━━━━╸────── 14/29 7.4it/s 2.0s<2.0s
[K      19/50      11.7G      1.474     0.9724    0.01327        342        640: 51% ━━━━━━────── 15/29 7.4it/s 2.1s<1.9s
[K      19/50      11.7G      1.469     0.9709    0.01326        255        640: 55% ━━━━━━╸───── 16/29 7.5it/s 2.3s<1.7s
[K      19/50      11.7G      1.465     0.9633     0.0133        274        640: 58% ━━━━━━━───── 17/29 7.4it/s 2.4s<1.6s
[K      19/50      11.7G      1.465     0.9583    0.01347        257        640: 62% ━━━━━━━───── 18/29 7.4it/s 2.5s<1.5s
[K      19/50      11.7G      1.461     0.9577    0.01348        253        640: 65% ━━━━━━━╸──── 19/29 7.4it/s 2.7s<1.4s
[K      19/50      11.7G      1.462     0.9577    0.01346        261        640: 68% ━━━━━━━━──── 20/29 7.2it/s 2.8s<1.2s
[K      19/50      11.7G      1.462     0.9562    0.01346        287        640: 72% ━━━━━━━━╸─── 21/29 7.4it/s 2.9s<1.1s
[K      19/50      11.7G      1.465     0.9616     0.0134        293        640: 75% ━━━━━━━━━─── 22/29 7.3it/s 3.1s<1.0s
[K      19/50      11.7G       1.47     0.9666    0.01336        350        640: 79% ━━━━━━━━━╸── 23/29 7.4it/s 3.2s<0.8s
[K      19/50      11.7G      1.471     0.9682    0.01339        329        640: 82% ━━━━━━━━━╸── 24/29 7.5it/s 3.3s<0.7s
[K      19/50      11.7G       1.47     0.9655    0.01348        234        640: 86% ━━━━━━━━━━── 25/29 7.6it/s 3.5s<0.5s
[K      19/50      11.7G      1.469     0.9646    0.01349        248        640: 89% ━━━━━━━━━━╸─ 26/29 7.4it/s 3.6s<0.4s
[K      19/50      11.7G      1.471     0.9657    0.01351        272        640: 93% ━━━━━━━━━━━─ 27/29 7.3it/s 3.7s<0.3s
[K      19/50      11.7G      1.471     0.9664    0.01346        226        640: 100% ━━━━━━━━━━━━ 29/29 7.5it/s 3.8s
[K                 Class     Images  Instances      Box(P          R      mAP50  mAP50-95): 50% ━━━━━━────── 1/2 2.1it/s 0.1s<0.5s
[K                 Class     Images  Instances      Box(P          R      mAP50  mAP50-95): 100% ━━━━━━━━━━━━ 2/2 8.2it/s 0.2s
                   all        202        531      0.807      0.741      0.826      0.442
      Epoch    GPU_mem   box_loss   cls_loss    l1_loss  Instances       Size
[K      20/50      11.7G      1.503     0.9935    0.01459        242        640: 0% ──────────── 0/29  0.1s
[K      20/50      11.7G      1.464     0.9453    0.01402        274        640: 3% ──────────── 1/29 2.3it/s 0.3s<12.1s
[K      20/50      11.7G      1.462      0.962    0.01349        303        640: 6% ╸─────────── 2/29 4.0it/s 0.4s<6.8s
[K      20/50      11.7G      1.458     0.9718    0.01347        257        640: 10% ━─────────── 3/29 5.2it/s 0.5s<5.0s
[K      20/50      11.7G      1.447     0.9575     0.0136        256        640: 13% ━╸────────── 4/29 6.0it/s 0.6s<4.2s
[K      20/50      11.7G      1.454     0.9676     0.0135        311        640: 17% ━━────────── 5/29 6.5it/s 0.8s<3.7s
[K      20/50      11.7G      1.469     0.9752    0.01373        265        640: 20% ━━────────── 6/29 6.9it/s 0.9s<3.3s
[K      20/50      11.7G      1.457     0.9818    0.01377        247        640: 24% ━━╸───────── 7/29 7.2it/s 1.0s<3.1s
[K      20/50      11.7G      1.461     0.9791    0.01374        293        640: 27% ━━━───────── 8/29 7.4it/s 1.2s<2.8s
[K      20/50      11.7G      1.461     0.9822    0.01368        272        640: 31% ━━━╸──────── 9/29 7.6it/s 1.3s<2.6s
[K      20/50      11.7G      1.453      0.985    0.01366        259        640: 34% ━━━━──────── 10/29 7.7it/s 1.4s<2.5s
[K      20/50      11.7G       1.45     0.9832    0.01363        258        640: 37% ━━━━╸─────── 11/29 7.5it/s 1.5s<2.4s
[K      20/50      11.7G      1.451     0.9851    0.01375        278        640: 41% ━━━━╸─────── 12/29 7.5it/s 1.7s<2.3s
[K      20/50      11.7G      1.449     0.9822    0.01367        314        640: 44% ━━━━━─────── 13/29 7.3it/s 1.8s<2.2s
[K      20/50      11.7G      1.452     0.9832    0.01366        301        640: 48% ━━━━━╸────── 14/29 7.4it/s 2.0s<2.0s
[K      20/50      11.7G      1.452       0.99    0.01368        256        640: 51% ━━━━━━────── 15/29 7.5it/s 2.1s<1.9s
[K      20/50      11.7G      1.452     0.9902    0.01372        240        640: 55% ━━━━━━╸───── 16/29 7.6it/s 2.2s<1.7s
[K      20/50      11.7G      1.451     0.9891    0.01362        313        640: 58% ━━━━━━━───── 17/29 7.7it/s 2.3s<1.6s
[K      20/50      11.7G      1.451     0.9896     0.0136        308        640: 62% ━━━━━━━───── 18/29 7.7it/s 2.5s<1.4s
[K      20/50      11.7G      1.454     0.9897    0.01361        317        640: 65% ━━━━━━━╸──── 19/29 7.7it/s 2.6s<1.3s
[K      20/50      11.7G      1.454     0.9896     0.0136        278        640: 68% ━━━━━━━━──── 20/29 7.8it/s 2.7s<1.2s
[K      20/50      11.7G      1.455     0.9888    0.01363        288        640: 72% ━━━━━━━━╸─── 21/29 7.7it/s 2.9s<1.0s
[K      20/50      11.7G      1.454      0.991    0.01363        258        640: 75% ━━━━━━━━━─── 22/29 7.8it/s 3.0s<0.9s
[K      20/50      11.7G      1.455     0.9911    0.01364        290        640: 79% ━━━━━━━━━╸── 23/29 7.8it/s 3.1s<0.8s
[K      20/50      11.7G      1.457     0.9898    0.01363        312        640: 82% ━━━━━━━━━╸── 24/29 7.7it/s 3.2s<0.6s
[K      20/50      11.7G      1.456     0.9876    0.01363        277        640: 86% ━━━━━━━━━━── 25/29 7.7it/s 3.4s<0.5s
[K      20/50      11.7G      1.458     0.9882    0.01358        275        640: 89% ━━━━━━━━━━╸─ 26/29 7.8it/s 3.5s<0.4s
[K      20/50      11.7G      1.456     0.9881    0.01353        317        640: 93% ━━━━━━━━━━━─ 27/29 7.8it/s 3.6s<0.3s
[K      20/50      11.7G      1.459     0.9934    0.01356        201        640: 96% ━━━━━━━━━━━╸ 28/29 8.4it/s 3.7s<0.1s
[K      20/50      11.7G      1.459     0.9934    0.01356        201        640: 100% ━━━━━━━━━━━━ 29/29 7.8it/s 3.7s
[K                 Class     Images  Instances      Box(P          R      mAP50  mAP50-95): 50% ━━━━━━────── 1/2 2.1it/s 0.1s<0.5s
[K                 Class     Images  Instances      Box(P          R      mAP50  mAP50-95): 100% ━━━━━━━━━━━━ 2/2 8.3it/s 0.2s
                   all        202        531       0.81      0.765      0.838      0.455
      Epoch    GPU_mem   box_loss   cls_loss    l1_loss  Instances       Size
[K      21/50      11.7G      1.483     0.9987     0.0137        268        640: 0% ──────────── 0/29  0.1s
[K      21/50      11.7G      1.487       1.03    0.01442        273        640: 3% ──────────── 1/29 2.4it/s 0.3s<11.8s
[K      21/50      11.7G      1.483     0.9849    0.01393        310        640: 6% ╸─────────── 2/29 4.1it/s 0.4s<6.6s
[K      21/50      11.7G      1.494     0.9879    0.01405        304        640: 10% ━─────────── 3/29 5.3it/s 0.5s<5.0s
[K      21/50      11.7G        1.5      0.983    0.01385        286        640: 13% ━╸────────── 4/29 6.1it/s 0.6s<4.1s
[K      21/50      11.7G      1.502     0.9812    0.01384        282        640: 17% ━━────────── 5/29 6.5it/s 0.8s<3.7s
[K      21/50      11.7G      1.497     0.9787    0.01389        282        640: 20% ━━────────── 6/29 6.9it/s 0.9s<3.3s
[K      21/50      11.7G      1.479     0.9682    0.01391        277        640: 24% ━━╸───────── 7/29 7.0it/s 1.0s<3.1s
[K      21/50      11.7G      1.472     0.9614    0.01374        315        640: 27% ━━━───────── 8/29 6.9it/s 1.2s<3.0s
[K      21/50      11.7G      1.478     0.9582    0.01392        273        640: 31% ━━━╸──────── 9/29 7.1it/s 1.3s<2.8s
[K      21/50      11.7G      1.481     0.9576     0.0138        270        640: 34% ━━━━──────── 10/29 7.2it/s 1.4s<2.6s
[K      21/50      11.7G      1.478     0.9611    0.01382        281        640: 37% ━━━━╸─────── 11/29 7.4it/s 1.6s<2.4s
[K      21/50      11.7G      1.483     0.9595    0.01399        259        640: 41% ━━━━╸─────── 12/29 7.2it/s 1.7s<2.3s
[K      21/50      11.7G      1.484     0.9606    0.01383        312        640: 44% ━━━━━─────── 13/29 7.4it/s 1.9s<2.2s
[K      21/50      11.7G      1.488     0.9782    0.01379        280        640: 48% ━━━━━╸────── 14/29 7.2it/s 2.0s<2.1s
[K      21/50      11.7G      1.489     0.9866    0.01381        283        640: 51% ━━━━━━────── 15/29 7.3it/s 2.1s<1.9s
[K      21/50      11.7G      1.482     0.9886    0.01377        251        640: 55% ━━━━━━╸───── 16/29 7.3it/s 2.3s<1.8s
[K      21/50      11.7G      1.481     0.9929    0.01376        276        640: 58% ━━━━━━━───── 17/29 7.4it/s 2.4s<1.6s
[K      21/50      11.7G      1.487     0.9932    0.01371        277        640: 62% ━━━━━━━───── 18/29 7.4it/s 2.5s<1.5s
[K      21/50      11.7G      1.487     0.9915    0.01369        312        640: 65% ━━━━━━━╸──── 19/29 7.5it/s 2.7s<1.3s
[K      21/50      11.7G      1.481       0.99    0.01362        292        640: 68% ━━━━━━━━──── 20/29 7.3it/s 2.8s<1.2s
[K      21/50      11.7G      1.479     0.9913    0.01366        282        640: 72% ━━━━━━━━╸─── 21/29 7.4it/s 2.9s<1.1s
[K      21/50      11.7G      1.477     0.9909    0.01359        268        640: 75% ━━━━━━━━━─── 22/29 7.3it/s 3.1s<1.0s
[K      21/50      11.7G      1.475     0.9899    0.01347        320        640: 79% ━━━━━━━━━╸── 23/29 7.4it/s 3.2s<0.8s
[K      21/50      11.7G      1.472     0.9849    0.01345        276        640: 82% ━━━━━━━━━╸── 24/29 7.2it/s 3.4s<0.7s
[K      21/50      11.7G      1.468     0.9831    0.01347        247        640: 86% ━━━━━━━━━━── 25/29 7.4it/s 3.5s<0.5s
[K      21/50      11.7G      1.468     0.9818    0.01345        258        640: 89% ━━━━━━━━━━╸─ 26/29 7.5it/s 3.6s<0.4s
[K      21/50      11.7G      1.469     0.9825    0.01346        312        640: 93% ━━━━━━━━━━━─ 27/29 7.6it/s 3.8s<0.3s
[K      21/50      11.7G      1.472     0.9865    0.01347        204        640: 96% ━━━━━━━━━━━╸ 28/29 7.9it/s 3.9s<0.1s
[K      21/50      11.7G      1.472     0.9865    0.01347        204        640: 100% ━━━━━━━━━━━━ 29/29 7.5it/s 3.9s
[K                 Class     Images  Instances      Box(P          R      mAP50  mAP50-95): 50% ━━━━━━────── 1/2 2.0it/s 0.2s<0.5s
[K                 Class     Images  Instances      Box(P          R      mAP50  mAP50-95): 100% ━━━━━━━━━━━━ 2/2 8.0it/s 0.2s
                   all        202        531      0.826      0.782       0.86      0.492
      Epoch    GPU_mem   box_loss   cls_loss    l1_loss  Instances       Size
[K      22/50      11.7G      1.487     0.9374    0.01276        286        640: 0% ──────────── 0/29  0.1s
[K      22/50      11.7G      1.474     0.9698    0.01281        301        640: 3% ──────────── 1/29 2.3it/s 0.3s<12.2s
[K      22/50      11.7G      1.473     0.9705    0.01278        291        640: 6% ╸─────────── 2/29 3.9it/s 0.4s<6.9s
[K      22/50      11.7G      1.485     0.9725    0.01306        285        640: 10% ━─────────── 3/29 5.1it/s 0.5s<5.1s
[K      22/50      11.7G      1.464     0.9635    0.01285        312        640: 13% ━╸────────── 4/29 5.9it/s 0.7s<4.3s
[K      22/50      11.7G       1.47     0.9605    0.01293        307        640: 17% ━━────────── 5/29 6.4it/s 0.8s<3.7s
[K      22/50      11.7G      1.465      0.951    0.01295        308        640: 20% ━━────────── 6/29 6.6it/s 0.9s<3.5s
[K      22/50      11.7G      1.457     0.9512    0.01267        355        640: 24% ━━╸───────── 7/29 6.7it/s 1.1s<3.3s
[K      22/50      11.7G      1.461     0.9487     0.0127        303        640: 27% ━━━───────── 8/29 6.9it/s 1.2s<3.1s
[K      22/50      11.7G      1.458     0.9461    0.01277        272        640: 31% ━━━╸──────── 9/29 7.1it/s 1.3s<2.8s
[K      22/50      11.7G      1.463     0.9498    0.01293        241        640: 34% ━━━━──────── 10/29 7.3it/s 1.5s<2.6s
[K      22/50      11.7G      1.469     0.9496    0.01289        313        640: 37% ━━━━╸─────── 11/29 7.1it/s 1.6s<2.5s
[K      22/50      11.7G      1.466     0.9533    0.01289        291        640: 41% ━━━━╸─────── 12/29 7.3it/s 1.7s<2.3s
[K      22/50      11.7G      1.462     0.9563    0.01293        263        640: 44% ━━━━━─────── 13/29 7.3it/s 1.9s<2.2s
[K      22/50      11.7G      1.461     0.9524      0.013        268        640: 48% ━━━━━╸────── 14/29 7.5it/s 2.0s<2.0s
[K      22/50      11.7G       1.46     0.9541    0.01297        259        640: 51% ━━━━━━────── 15/29 7.5it/s 2.1s<1.9s
[K      22/50      11.7G      1.459     0.9497    0.01293        292        640: 55% ━━━━━━╸───── 16/29 7.6it/s 2.3s<1.7s
[K      22/50      11.7G      1.459     0.9506    0.01309        229        640: 58% ━━━━━━━───── 17/29 7.7it/s 2.4s<1.6s
[K      22/50      11.7G      1.459      0.946    0.01311        273        640: 62% ━━━━━━━───── 18/29 7.5it/s 2.5s<1.5s
[K      22/50      11.7G      1.455     0.9427    0.01312        263        640: 65% ━━━━━━━╸──── 19/29 7.3it/s 2.7s<1.4s
[K      22/50      11.7G      1.453     0.9456    0.01312        259        640: 68% ━━━━━━━━──── 20/29 7.3it/s 2.8s<1.2s
[K      22/50      11.7G      1.452     0.9443    0.01308        285        640: 72% ━━━━━━━━╸─── 21/29 7.3it/s 3.0s<1.1s
[K      22/50      11.7G      1.451     0.9441    0.01309        314        640: 75% ━━━━━━━━━─── 22/29 7.5it/s 3.1s<0.9s
[K      22/50      11.7G       1.45     0.9419    0.01305        265        640: 79% ━━━━━━━━━╸── 23/29 7.6it/s 3.2s<0.8s
[K      22/50      11.7G      1.448     0.9357     0.0131        243        640: 82% ━━━━━━━━━╸── 24/29 7.7it/s 3.3s<0.7s
[K      22/50      11.7G      1.448     0.9376    0.01314        276        640: 86% ━━━━━━━━━━── 25/29 7.8it/s 3.5s<0.5s
[K      22/50      11.7G       1.45     0.9379    0.01317        249        640: 89% ━━━━━━━━━━╸─ 26/29 7.8it/s 3.6s<0.4s
[K      22/50      11.7G      1.452      0.938    0.01314        304        640: 93% ━━━━━━━━━━━─ 27/29 7.6it/s 3.7s<0.3s
[K      22/50      11.7G      1.452     0.9359    0.01316        199        640: 96% ━━━━━━━━━━━╸ 28/29 8.2it/s 3.8s<0.1s
[K      22/50      11.7G      1.452     0.9359    0.01316        199        640: 100% ━━━━━━━━━━━━ 29/29 7.6it/s 3.8s
[K                 Class     Images  Instances      Box(P          R      mAP50  mAP50-95): 50% ━━━━━━────── 1/2 2.1it/s 0.1s<0.5s
[K                 Class     Images  Instances      Box(P          R      mAP50  mAP50-95): 100% ━━━━━━━━━━━━ 2/2 8.6it/s 0.2s
                   all        202        531      0.811      0.812      0.872      0.487
      Epoch    GPU_mem   box_loss   cls_loss    l1_loss  Instances       Size
[K      23/50      11.7G      1.493      1.001     0.0125        289        640: 0% ──────────── 0/29  0.2s
[K      23/50      11.7G      1.436     0.9116    0.01246        289        640: 3% ──────────── 1/29 2.3it/s 0.3s<12.4s
[K      23/50      11.7G      1.445     0.9217    0.01267        272        640: 6% ╸─────────── 2/29 3.8it/s 0.4s<7.0s
[K      23/50      11.7G      1.436     0.9247    0.01288        274        640: 10% ━─────────── 3/29 4.9it/s 0.6s<5.3s
[K      23/50      11.7G      1.414     0.9134    0.01305        233        640: 13% ━╸────────── 4/29 5.8it/s 0.7s<4.3s
[K      23/50      11.7G      1.424     0.9353    0.01298        288        640: 17% ━━────────── 5/29 6.2it/s 0.8s<3.9s
[K      23/50      11.7G      1.428     0.9382    0.01306        289        640: 20% ━━────────── 6/29 6.4it/s 1.0s<3.6s
[K      23/50      11.7G      1.428     0.9294    0.01294        319        640: 24% ━━╸───────── 7/29 6.7it/s 1.1s<3.3s
[K      23/50      11.7G      1.436     0.9267      0.013        278        640: 27% ━━━───────── 8/29 7.0it/s 1.2s<3.0s
[K      23/50      11.7G      1.439      0.933    0.01297        267        640: 31% ━━━╸──────── 9/29 7.2it/s 1.4s<2.8s
[K      23/50      11.7G      1.432     0.9357    0.01293        271        640: 34% ━━━━──────── 10/29 7.4it/s 1.5s<2.6s
[K      23/50      11.7G      1.435     0.9353    0.01298        292        640: 37% ━━━━╸─────── 11/29 7.4it/s 1.6s<2.4s
[K      23/50      11.7G      1.438     0.9335    0.01313        263        640: 41% ━━━━╸─────── 12/29 7.4it/s 1.8s<2.3s
[K      23/50      11.7G      1.433     0.9346    0.01319        233        640: 44% ━━━━━─────── 13/29 7.3it/s 1.9s<2.2s
[K      23/50      11.7G      1.437     0.9342    0.01317        269        640: 48% ━━━━━╸────── 14/29 7.0it/s 2.1s<2.1s
[K      23/50      11.7G      1.436     0.9327     0.0132        296        640: 51% ━━━━━━────── 15/29 7.2it/s 2.2s<1.9s
[K      23/50      11.7G      1.436     0.9279    0.01322        250        640: 55% ━━━━━━╸───── 16/29 7.4it/s 2.3s<1.7s
[K      23/50      11.7G      1.436      0.931    0.01321        321        640: 58% ━━━━━━━───── 17/29 7.6it/s 2.4s<1.6s
[K      23/50      11.7G      1.439     0.9319    0.01335        279        640: 62% ━━━━━━━───── 18/29 7.6it/s 2.6s<1.4s
[K      23/50      11.7G      1.437      0.934    0.01327        273        640: 65% ━━━━━━━╸──── 19/29 7.7it/s 2.7s<1.3s
[K      23/50      11.7G      1.436     0.9329    0.01325        272        640: 68% ━━━━━━━━──── 20/29 7.5it/s 2.8s<1.2s
[K      23/50      11.7G      1.436     0.9323    0.01325        297        640: 72% ━━━━━━━━╸─── 21/29 7.6it/s 3.0s<1.1s
[K      23/50      11.7G      1.435     0.9315    0.01323        306        640: 75% ━━━━━━━━━─── 22/29 7.7it/s 3.1s<0.9s
[K      23/50      11.7G      1.434     0.9294    0.01326        265        640: 79% ━━━━━━━━━╸── 23/29 7.6it/s 3.2s<0.8s
[K      23/50      11.7G      1.435     0.9271    0.01333        231        640: 82% ━━━━━━━━━╸── 24/29 7.7it/s 3.4s<0.6s
[K      23/50      11.7G      1.433     0.9231    0.01334        260        640: 86% ━━━━━━━━━━── 25/29 7.6it/s 3.5s<0.5s
[K      23/50      11.7G      1.437     0.9219    0.01343        243        640: 89% ━━━━━━━━━━╸─ 26/29 7.4it/s 3.6s<0.4s
[K      23/50      11.7G      1.437     0.9179    0.01348        258        640: 93% ━━━━━━━━━━━─ 27/29 7.5it/s 3.8s<0.3s
[K      23/50      11.7G      1.438     0.9214    0.01352        202        640: 96% ━━━━━━━━━━━╸ 28/29 7.9it/s 3.9s<0.1s
[K      23/50      11.7G      1.438     0.9214    0.01352        202        640: 100% ━━━━━━━━━━━━ 29/29 7.5it/s 3.9s
[K                 Class     Images  Instances      Box(P          R      mAP50  mAP50-95): 50% ━━━━━━────── 1/2 2.1it/s 0.1s<0.5s
[K                 Class     Images  Instances      Box(P          R      mAP50  mAP50-95): 100% ━━━━━━━━━━━━ 2/2 8.3it/s 0.2s
                   all        202        531      0.827      0.817      0.879      0.477
      Epoch    GPU_mem   box_loss   cls_loss    l1_loss  Instances       Size
[K      24/50      11.7G      1.441      0.816    0.01383        255        640: 0% ──────────── 0/29  0.1s
[K      24/50      11.7G      1.467     0.9138    0.01366        275        640: 3% ──────────── 1/29 2.3it/s 0.3s<11.9s
[K      24/50      11.7G      1.487     0.9224    0.01348        284        640: 6% ╸─────────── 2/29 4.0it/s 0.4s<6.8s
[K      24/50      11.7G      1.464     0.9012    0.01322        299        640: 10% ━─────────── 3/29 5.1it/s 0.5s<5.1s
[K      24/50      11.7G      1.468     0.9426    0.01313        270        640: 13% ━╸────────── 4/29 5.9it/s 0.7s<4.3s
[K      24/50      11.7G      1.459     0.9418    0.01308        275        640: 17% ━━────────── 5/29 6.4it/s 0.8s<3.8s
[K      24/50      11.7G      1.459     0.9311    0.01306        320        640: 20% ━━────────── 6/29 6.6it/s 0.9s<3.5s
[K      24/50      11.7G      1.454     0.9208    0.01292        294        640: 24% ━━╸───────── 7/29 6.8it/s 1.1s<3.2s
[K      24/50      11.7G      1.453     0.9073    0.01284        312        640: 27% ━━━───────── 8/29 7.0it/s 1.2s<3.0s
[K      24/50      11.7G      1.444     0.9023    0.01287        272        640: 31% ━━━╸──────── 9/29 7.2it/s 1.3s<2.8s
[K      24/50      11.7G       1.44     0.9049     0.0129        285        640: 34% ━━━━──────── 10/29 7.2it/s 1.5s<2.6s
[K      24/50      11.7G      1.439     0.9042    0.01289        292        640: 37% ━━━━╸─────── 11/29 7.4it/s 1.6s<2.4s
[K      24/50      11.7G      1.432     0.8952    0.01289        258        640: 41% ━━━━╸─────── 12/29 7.2it/s 1.7s<2.4s
[K      24/50      11.7G       1.43     0.8938    0.01278        263        640: 44% ━━━━━─────── 13/29 7.2it/s 1.9s<2.2s
[K      24/50      11.7G      1.433     0.8968    0.01273        319        640: 48% ━━━━━╸────── 14/29 7.3it/s 2.0s<2.0s
[K      24/50      11.7G      1.435     0.8956    0.01271        321        640: 51% ━━━━━━────── 15/29 7.5it/s 2.1s<1.9s
[K      24/50      11.7G      1.436     0.8946    0.01265        341        640: 55% ━━━━━━╸───── 16/29 7.4it/s 2.3s<1.8s
[K      24/50      11.7G      1.433     0.8914    0.01261        318        640: 58% ━━━━━━━───── 17/29 7.2it/s 2.4s<1.7s
[K      24/50      11.7G      1.433     0.8903     0.0126        302        640: 62% ━━━━━━━───── 18/29 7.4it/s 2.6s<1.5s
[K      24/50      11.7G      1.435      0.889    0.01259        308        640: 65% ━━━━━━━╸──── 19/29 7.5it/s 2.7s<1.3s
[K      24/50      11.7G      1.433     0.8913    0.01259        284        640: 68% ━━━━━━━━──── 20/29 7.6it/s 2.8s<1.2s
[K      24/50      11.7G      1.429     0.8936    0.01257        295        640: 72% ━━━━━━━━╸─── 21/29 7.6it/s 2.9s<1.1s
[K      24/50      11.7G      1.433      0.892    0.01262        297        640: 75% ━━━━━━━━━─── 22/29 7.6it/s 3.1s<0.9s
[K      24/50      11.7G      1.431     0.8926    0.01267        289        640: 79% ━━━━━━━━━╸── 23/29 7.5it/s 3.2s<0.8s
[K      24/50      11.7G       1.43     0.8903    0.01263        261        640: 82% ━━━━━━━━━╸── 24/29 7.4it/s 3.3s<0.7s
[K      24/50      11.7G      1.433     0.8911    0.01263        299        640: 86% ━━━━━━━━━━── 25/29 7.3it/s 3.5s<0.5s
[K      24/50      11.7G      1.432     0.8911    0.01257        360        640: 89% ━━━━━━━━━━╸─ 26/29 7.4it/s 3.6s<0.4s
[K      24/50      11.7G      1.431     0.8893    0.01253        330        640: 93% ━━━━━━━━━━━─ 27/29 7.5it/s 3.8s<0.3s
[K      24/50      11.7G      1.433     0.8903    0.01251        255        640: 96% ━━━━━━━━━━━╸ 28/29 8.2it/s 3.9s<0.1s
[K      24/50      11.7G      1.433     0.8903    0.01251        255        640: 100% ━━━━━━━━━━━━ 29/29 7.5it/s 3.9s
[K                 Class     Images  Instances      Box(P          R      mAP50  mAP50-95): 50% ━━━━━━────── 1/2 2.0it/s 0.1s<0.5s
[K                 Class     Images  Instances      Box(P          R      mAP50  mAP50-95): 100% ━━━━━━━━━━━━ 2/2 8.1it/s 0.2s
                   all        202        531      0.851      0.802      0.879      0.491
      Epoch    GPU_mem   box_loss   cls_loss    l1_loss  Instances       Size
[K      25/50      11.7G      1.468     0.8824     0.0142        265        640: 0% ──────────── 0/29  0.2s
[K      25/50      11.7G       1.41     0.9223    0.01345        257        640: 3% ──────────── 1/29 2.3it/s 0.3s<12.0s
[K      25/50      11.7G      1.417     0.9166    0.01301        315        640: 6% ╸─────────── 2/29 4.0it/s 0.4s<6.8s
[K      25/50      11.7G      1.436     0.9273    0.01283        275        640: 10% ━─────────── 3/29 5.1it/s 0.5s<5.1s
[K      25/50      11.7G       1.42     0.9071    0.01288        281        640: 13% ━╸────────── 4/29 5.7it/s 0.7s<4.4s
[K      25/50      11.7G      1.423     0.9126    0.01282        299        640: 17% ━━────────── 5/29 6.3it/s 0.8s<3.8s
[K      25/50      11.7G      1.414     0.9066    0.01253        298        640: 20% ━━────────── 6/29 6.6it/s 0.9s<3.5s
[K      25/50      11.7G      1.408     0.9026    0.01264        248        640: 24% ━━╸───────── 7/29 6.9it/s 1.1s<3.2s
[K      25/50      11.7G      1.405     0.8985    0.01261        279        640: 27% ━━━───────── 8/29 7.1it/s 1.2s<2.9s
[K      25/50      11.7G       1.41     0.8997    0.01272        249        640: 31% ━━━╸──────── 9/29 7.3it/s 1.3s<2.7s
[K      25/50      11.7G      1.413      0.895     0.0128        259        640: 34% ━━━━──────── 10/29 7.3it/s 1.5s<2.6s
[K      25/50      11.7G      1.413     0.8916    0.01279        256        640: 37% ━━━━╸─────── 11/29 7.3it/s 1.6s<2.5s
[K      25/50      11.7G      1.409     0.8965    0.01282        273        640: 41% ━━━━╸─────── 12/29 7.4it/s 1.7s<2.3s
[K      25/50      11.7G      1.411     0.8925    0.01286        272        640: 44% ━━━━━─────── 13/29 7.3it/s 1.9s<2.2s
[K      25/50      11.7G       1.42     0.8896     0.0129        272        640: 48% ━━━━━╸────── 14/29 7.3it/s 2.0s<2.0s
[K      25/50      11.7G       1.42     0.8946    0.01285        303        640: 51% ━━━━━━────── 15/29 7.4it/s 2.2s<1.9s
[K      25/50      11.7G       1.42     0.8963    0.01292        253        640: 55% ━━━━━━╸───── 16/29 7.5it/s 2.3s<1.7s
[K      25/50      11.7G      1.419      0.896    0.01288        305        640: 58% ━━━━━━━───── 17/29 7.4it/s 2.4s<1.6s
[K      25/50      11.7G      1.424     0.8964    0.01292        280        640: 62% ━━━━━━━───── 18/29 7.5it/s 2.5s<1.5s
[K      25/50      11.7G      1.425     0.8977    0.01305        272        640: 65% ━━━━━━━╸──── 19/29 7.4it/s 2.7s<1.3s
[K      25/50      11.7G       1.43     0.9025      0.013        311        640: 68% ━━━━━━━━──── 20/29 7.3it/s 2.8s<1.2s
[K      25/50      11.7G      1.433     0.9021    0.01303        270        640: 72% ━━━━━━━━╸─── 21/29 7.4it/s 3.0s<1.1s
[K      25/50      11.7G      1.433        0.9    0.01301        317        640: 75% ━━━━━━━━━─── 22/29 7.5it/s 3.1s<0.9s
[K      25/50      11.7G      1.433     0.9014    0.01302        265        640: 79% ━━━━━━━━━╸── 23/29 7.4it/s 3.2s<0.8s
[K      25/50      11.7G      1.433     0.9001    0.01299        304        640: 82% ━━━━━━━━━╸── 24/29 7.4it/s 3.4s<0.7s
[K      25/50      11.7G      1.432     0.8986      0.013        254        640: 86% ━━━━━━━━━━── 25/29 7.4it/s 3.5s<0.5s
[K      25/50      11.7G       1.43     0.8975    0.01297        270        640: 89% ━━━━━━━━━━╸─ 26/29 7.3it/s 3.6s<0.4s
[K      25/50      11.7G      1.429     0.8977    0.01297        261        640: 93% ━━━━━━━━━━━─ 27/29 7.3it/s 3.8s<0.3s
[K      25/50      11.7G      1.428     0.8961    0.01291        224        640: 96% ━━━━━━━━━━━╸ 28/29 8.0it/s 3.9s<0.1s
[K      25/50      11.7G      1.428     0.8961    0.01291        224        640: 100% ━━━━━━━━━━━━ 29/29 7.5it/s 3.9s
[K                 Class     Images  Instances      Box(P          R      mAP50  mAP50-95): 50% ━━━━━━────── 1/2 2.0it/s 0.1s<0.5s
[K                 Class     Images  Instances      Box(P          R      mAP50  mAP50-95): 100% ━━━━━━━━━━━━ 2/2 8.4it/s 0.2s
                   all        202        531       0.84       0.83      0.899      0.518
      Epoch    GPU_mem   box_loss   cls_loss    l1_loss  Instances       Size
[K      26/50      11.7G      1.525     0.8646    0.01318        298        640: 0% ──────────── 0/29  0.1s
[K      26/50      11.7G      1.454     0.8755    0.01253        258        640: 3% ──────────── 1/29 2.3it/s 0.3s<12.2s
[K      26/50      11.7G      1.453     0.8661    0.01229        344        640: 6% ╸─────────── 2/29 3.8it/s 0.4s<7.1s
[K      26/50      11.7G      1.441     0.8831    0.01291        252        640: 10% ━─────────── 3/29 4.8it/s 0.5s<5.4s
[K      26/50      11.7G      1.427     0.8697    0.01262        311        640: 13% ━╸────────── 4/29 5.4it/s 0.7s<4.6s
[K      26/50      11.7G      1.422     0.8567    0.01266        286        640: 17% ━━────────── 5/29 5.9it/s 0.8s<4.0s
[K      26/50      11.7G      1.418     0.8676    0.01262        301        640: 20% ━━────────── 6/29 6.3it/s 1.0s<3.6s
[K      26/50      11.7G      1.411     0.8688    0.01284        253        640: 24% ━━╸───────── 7/29 6.6it/s 1.1s<3.4s
[K      26/50      11.7G      1.414     0.8732    0.01317        228        640: 27% ━━━───────── 8/29 7.0it/s 1.2s<3.0s
[K      26/50      11.7G      1.423     0.8683    0.01319        290        640: 31% ━━━╸──────── 9/29 7.1it/s 1.4s<2.8s
[K      26/50      11.7G      1.416     0.8664     0.0133        246        640: 34% ━━━━──────── 10/29 7.1it/s 1.5s<2.7s
[K      26/50      11.7G      1.411     0.8702     0.0133        256        640: 37% ━━━━╸─────── 11/29 7.1it/s 1.6s<2.5s
[K      26/50      11.7G      1.409     0.8789    0.01329        229        640: 41% ━━━━╸─────── 12/29 7.3it/s 1.8s<2.3s
[K      26/50      11.7G      1.412     0.8815     0.0133        247        640: 44% ━━━━━─────── 13/29 7.5it/s 1.9s<2.1s
[K      26/50      11.7G      1.418     0.8893    0.01323        339        640: 48% ━━━━━╸────── 14/29 7.6it/s 2.0s<2.0s
[K      26/50      11.7G      1.416     0.8905    0.01312        257        640: 51% ━━━━━━────── 15/29 7.6it/s 2.2s<1.8s
[K      26/50      11.7G      1.418     0.8884    0.01315        269        640: 55% ━━━━━━╸───── 16/29 7.7it/s 2.3s<1.7s
[K      26/50      11.7G      1.418     0.8895    0.01312        286        640: 58% ━━━━━━━───── 17/29 7.6it/s 2.4s<1.6s
[K      26/50      11.7G      1.416     0.8825    0.01309        284        640: 62% ━━━━━━━───── 18/29 7.6it/s 2.5s<1.4s
[K      26/50      11.7G      1.417     0.8827    0.01311        283        640: 65% ━━━━━━━╸──── 19/29 7.7it/s 2.7s<1.3s
[K      26/50      11.7G      1.419     0.8853    0.01303        360        640: 68% ━━━━━━━━──── 20/29 7.5it/s 2.8s<1.2s
[K      26/50      11.7G       1.42     0.8899    0.01303        242        640: 72% ━━━━━━━━╸─── 21/29 7.6it/s 2.9s<1.0s
[K      26/50      11.7G      1.419     0.8871      0.013        294        640: 75% ━━━━━━━━━─── 22/29 7.6it/s 3.1s<0.9s
[K      26/50      11.7G      1.417     0.8872    0.01296        248        640: 79% ━━━━━━━━━╸── 23/29 7.6it/s 3.2s<0.8s
[K      26/50      11.7G      1.414     0.8871    0.01291        306        640: 82% ━━━━━━━━━╸── 24/29 7.7it/s 3.3s<0.7s
[K      26/50      11.7G      1.412     0.8864    0.01284        327        640: 86% ━━━━━━━━━━── 25/29 7.6it/s 3.5s<0.5s
[K      26/50      11.7G      1.409     0.8843    0.01289        231        640: 89% ━━━━━━━━━━╸─ 26/29 7.5it/s 3.6s<0.4s
[K      26/50      11.7G      1.408     0.8834    0.01286        290        640: 93% ━━━━━━━━━━━─ 27/29 7.6it/s 3.7s<0.3s
[K      26/50      11.7G      1.405     0.8809    0.01287        194        640: 96% ━━━━━━━━━━━╸ 28/29 8.2it/s 3.8s<0.1s
[K      26/50      11.7G      1.405     0.8809    0.01287        194        640: 100% ━━━━━━━━━━━━ 29/29 7.6it/s 3.8s
[K                 Class     Images  Instances      Box(P          R      mAP50  mAP50-95): 50% ━━━━━━────── 1/2 2.1it/s 0.1s<0.5s
[K                 Class     Images  Instances      Box(P          R      mAP50  mAP50-95): 100% ━━━━━━━━━━━━ 2/2 8.3it/s 0.2s
                   all        202        531      0.836      0.819        0.9      0.518
      Epoch    GPU_mem   box_loss   cls_loss    l1_loss  Instances       Size
[K      27/50      11.7G      1.358      0.825    0.01202        296        640: 0% ──────────── 0/29  0.1s
[K      27/50      11.7G      1.358     0.8155    0.01219        319        640: 3% ──────────── 1/29 2.4it/s 0.3s<11.7s
[K      27/50      11.7G      1.371      0.852    0.01219        258        640: 6% ╸─────────── 2/29 4.1it/s 0.4s<6.6s
[K      27/50      11.7G      1.361     0.8531    0.01208        325        640: 10% ━─────────── 3/29 5.2it/s 0.5s<5.0s
[K      27/50      11.7G      1.337     0.8343    0.01193        289        640: 13% ━╸────────── 4/29 6.0it/s 0.6s<4.2s
[K      27/50      11.7G      1.341     0.8448    0.01199        275        640: 17% ━━────────── 5/29 6.3it/s 0.8s<3.8s
[K      27/50      11.7G      1.347     0.8498    0.01216        234        640: 20% ━━────────── 6/29 6.7it/s 0.9s<3.4s
[K      27/50      11.7G      1.349     0.8425    0.01212        282        640: 24% ━━╸───────── 7/29 6.9it/s 1.0s<3.2s
[K      27/50      11.7G       1.35     0.8444     0.0125        216        640: 27% ━━━───────── 8/29 7.1it/s 1.2s<3.0s
[K      27/50      11.7G      1.359     0.8461    0.01249        260        640: 31% ━━━╸──────── 9/29 7.3it/s 1.3s<2.7s
[K      27/50      11.7G      1.357     0.8413    0.01246        272        640: 34% ━━━━──────── 10/29 7.4it/s 1.4s<2.6s
[K      27/50      11.7G      1.359     0.8364    0.01245        268        640: 37% ━━━━╸─────── 11/29 7.5it/s 1.6s<2.4s
[K      27/50      11.7G       1.36     0.8402    0.01231        315        640: 41% ━━━━╸─────── 12/29 7.6it/s 1.7s<2.2s
[K      27/50      11.7G      1.361     0.8407    0.01227        309        640: 44% ━━━━━─────── 13/29 7.7it/s 1.8s<2.1s
[K      27/50      11.7G      1.363     0.8444    0.01231        238        640: 48% ━━━━━╸────── 14/29 7.7it/s 1.9s<1.9s
[K      27/50      11.7G      1.361       0.84    0.01234        254        640: 51% ━━━━━━────── 15/29 7.7it/s 2.1s<1.8s
[K      27/50      11.7G      1.362     0.8359     0.0123        306        640: 55% ━━━━━━╸───── 16/29 7.7it/s 2.2s<1.7s
[K      27/50      11.7G      1.359     0.8323    0.01226        281        640: 58% ━━━━━━━───── 17/29 7.7it/s 2.3s<1.6s
[K      27/50      11.7G       1.36      0.834    0.01235        268        640: 62% ━━━━━━━───── 18/29 7.7it/s 2.5s<1.4s
[K      27/50      11.7G      1.362     0.8379    0.01235        305        640: 65% ━━━━━━━╸──── 19/29 7.7it/s 2.6s<1.3s
[K      27/50      11.7G      1.366     0.8389    0.01234        266        640: 68% ━━━━━━━━──── 20/29 7.8it/s 2.7s<1.2s
[K      27/50      11.7G      1.368     0.8455    0.01238        249        640: 72% ━━━━━━━━╸─── 21/29 7.6it/s 2.9s<1.1s
[K      27/50      11.7G      1.373     0.8482    0.01236        320        640: 75% ━━━━━━━━━─── 22/29 7.7it/s 3.0s<0.9s
[K      27/50      11.7G      1.372     0.8482     0.0124        246        640: 79% ━━━━━━━━━╸── 23/29 7.6it/s 3.1s<0.8s
[K      27/50      11.7G      1.374     0.8503    0.01245        314        640: 82% ━━━━━━━━━╸── 24/29 7.7it/s 3.2s<0.6s
[K      27/50      11.7G      1.376     0.8471    0.01254        234        640: 86% ━━━━━━━━━━── 25/29 7.6it/s 3.4s<0.5s
[K      27/50      11.7G      1.377     0.8469    0.01254        266        640: 89% ━━━━━━━━━━╸─ 26/29 7.6it/s 3.5s<0.4s
[K      27/50      11.7G      1.379     0.8504    0.01251        343        640: 93% ━━━━━━━━━━━─ 27/29 7.5it/s 3.7s<0.3s
[K      27/50      11.7G      1.376     0.8529    0.01246        237        640: 96% ━━━━━━━━━━━╸ 28/29 8.1it/s 3.8s<0.1s
[K      27/50      11.7G      1.376     0.8529    0.01246        237        640: 100% ━━━━━━━━━━━━ 29/29 7.7it/s 3.8s
[K                 Class     Images  Instances      Box(P          R      mAP50  mAP50-95): 50% ━━━━━━────── 1/2 2.0it/s 0.1s<0.5s
[K                 Class     Images  Instances      Box(P          R      mAP50  mAP50-95): 100% ━━━━━━━━━━━━ 2/2 8.4it/s 0.2s
                   all        202        531       0.86      0.827      0.885      0.509
      Epoch    GPU_mem   box_loss   cls_loss    l1_loss  Instances       Size
[K      28/50      11.7G      1.361     0.8234    0.01077        324        640: 0% ──────────── 0/29  0.1s
[K      28/50      11.7G      1.403     0.8763    0.01177        314        640: 3% ──────────── 1/29 2.3it/s 0.3s<11.9s
[K      28/50      11.7G        1.4     0.8659    0.01207        273        640: 6% ╸─────────── 2/29 4.0it/s 0.4s<6.7s
[K      28/50      11.7G      1.383     0.8865    0.01172        281        640: 10% ━─────────── 3/29 5.2it/s 0.5s<5.0s
[K      28/50      11.7G      1.388     0.8921    0.01165        336        640: 13% ━╸────────── 4/29 6.0it/s 0.7s<4.2s
[K      28/50      11.7G      1.386     0.8928     0.0121        240        640: 17% ━━────────── 5/29 6.6it/s 0.8s<3.7s
[K      28/50      11.7G      1.377     0.8849    0.01201        286        640: 20% ━━────────── 6/29 6.8it/s 0.9s<3.4s
[K      28/50      11.7G      1.368     0.8765    0.01207        285        640: 24% ━━╸───────── 7/29 7.1it/s 1.0s<3.1s
[K      28/50      11.7G      1.375     0.8757    0.01215        254        640: 27% ━━━───────── 8/29 7.0it/s 1.2s<3.0s
[K      28/50      11.7G      1.383     0.8828    0.01218        294        640: 31% ━━━╸──────── 9/29 7.2it/s 1.3s<2.8s
[K      28/50      11.7G      1.385     0.8913    0.01214        280        640: 34% ━━━━──────── 10/29 7.1it/s 1.5s<2.7s
[K      28/50      11.7G      1.385     0.8873    0.01223        270        640: 37% ━━━━╸─────── 11/29 7.3it/s 1.6s<2.5s
[K      28/50      11.7G      1.385     0.8842    0.01215        346        640: 41% ━━━━╸─────── 12/29 7.2it/s 1.7s<2.4s
[K      28/50      11.7G      1.382     0.8839    0.01202        286        640: 44% ━━━━━─────── 13/29 7.2it/s 1.9s<2.2s
[K      28/50      11.7G      1.383     0.8843    0.01205        256        640: 48% ━━━━━╸────── 14/29 7.2it/s 2.0s<2.1s
[K      28/50      11.7G       1.38     0.8783    0.01206        267        640: 51% ━━━━━━────── 15/29 7.2it/s 2.2s<1.9s
[K      28/50      11.7G      1.381     0.8779    0.01209        295        640: 55% ━━━━━━╸───── 16/29 7.3it/s 2.3s<1.8s
[K      28/50      11.7G      1.379     0.8768    0.01214        272        640: 58% ━━━━━━━───── 17/29 7.5it/s 2.4s<1.6s
[K      28/50      11.7G      1.373     0.8715    0.01211        286        640: 62% ━━━━━━━───── 18/29 7.3it/s 2.6s<1.5s
[K      28/50      11.7G      1.372     0.8693     0.0121        272        640: 65% ━━━━━━━╸──── 19/29 7.4it/s 2.7s<1.3s
[K      28/50      11.7G      1.367     0.8699    0.01211        259        640: 68% ━━━━━━━━──── 20/29 7.4it/s 2.8s<1.2s
[K      28/50      11.7G      1.365     0.8702    0.01209        303        640: 72% ━━━━━━━━╸─── 21/29 7.4it/s 3.0s<1.1s
[K      28/50      11.7G      1.366      0.869    0.01212        310        640: 75% ━━━━━━━━━─── 22/29 7.6it/s 3.1s<0.9s
[K      28/50      11.7G      1.366     0.8679    0.01215        260        640: 79% ━━━━━━━━━╸── 23/29 7.5it/s 3.2s<0.8s
[K      28/50      11.7G      1.367     0.8671    0.01216        284        640: 82% ━━━━━━━━━╸── 24/29 7.6it/s 3.4s<0.7s
[K      28/50      11.7G      1.368      0.866    0.01216        274        640: 86% ━━━━━━━━━━── 25/29 7.7it/s 3.5s<0.5s
[K      28/50      11.7G      1.369     0.8644    0.01219        270        640: 89% ━━━━━━━━━━╸─ 26/29 7.7it/s 3.6s<0.4s
[K      28/50      11.7G      1.369     0.8633    0.01222        291        640: 93% ━━━━━━━━━━━─ 27/29 7.6it/s 3.7s<0.3s
[K      28/50      11.7G      1.367     0.8619    0.01223        168        640: 100% ━━━━━━━━━━━━ 29/29 7.6it/s 3.8s
[K                 Class     Images  Instances      Box(P          R      mAP50  mAP50-95): 50% ━━━━━━────── 1/2 2.1it/s 0.1s<0.5s
[K                 Class     Images  Instances      Box(P          R      mAP50  mAP50-95): 100% ━━━━━━━━━━━━ 2/2 8.4it/s 0.2s
                   all        202        531      0.875      0.794      0.888      0.513
      Epoch    GPU_mem   box_loss   cls_loss    l1_loss  Instances       Size
[K      29/50      11.7G      1.357     0.8178    0.01147        285        640: 0% ──────────── 0/29  0.1s
[K      29/50      11.7G      1.361     0.7997    0.01241        232        640: 3% ──────────── 1/29 2.4it/s 0.3s<11.6s
[K      29/50      11.7G      1.374     0.8071    0.01225        294        640: 6% ╸─────────── 2/29 4.1it/s 0.4s<6.6s
[K      29/50      11.7G      1.386      0.811    0.01229        317        640: 10% ━─────────── 3/29 5.2it/s 0.5s<5.0s
[K      29/50      11.7G      1.391     0.8337     0.0121        340        640: 13% ━╸────────── 4/29 6.0it/s 0.6s<4.2s
[K      29/50      11.7G      1.396     0.8417    0.01203        299        640: 17% ━━────────── 5/29 6.6it/s 0.8s<3.7s
[K      29/50      11.7G      1.386     0.8557    0.01175        309        640: 20% ━━────────── 6/29 6.8it/s 0.9s<3.4s
[K      29/50      11.7G      1.383     0.8526    0.01199        305        640: 24% ━━╸───────── 7/29 7.1it/s 1.0s<3.1s
[K      29/50      11.7G      1.384     0.8556    0.01196        268        640: 27% ━━━───────── 8/29 7.0it/s 1.2s<3.0s
[K      29/50      11.7G      1.377     0.8552    0.01191        289        640: 31% ━━━╸──────── 9/29 7.2it/s 1.3s<2.8s
[K      29/50      11.7G      1.382     0.8529    0.01197        300        640: 34% ━━━━──────── 10/29 7.0it/s 1.5s<2.7s
[K      29/50      11.7G      1.381     0.8503    0.01197        300        640: 37% ━━━━╸─────── 11/29 7.3it/s 1.6s<2.5s
[K      29/50      11.7G      1.375     0.8421      0.012        302        640: 41% ━━━━╸─────── 12/29 7.4it/s 1.7s<2.3s
[K      29/50      11.7G      1.375     0.8442    0.01211        264        640: 44% ━━━━━─────── 13/29 7.4it/s 1.8s<2.2s
[K      29/50      11.7G      1.379     0.8491    0.01212        301        640: 48% ━━━━━╸────── 14/29 7.5it/s 2.0s<2.0s
[K      29/50      11.7G      1.374     0.8445    0.01208        276        640: 51% ━━━━━━────── 15/29 7.7it/s 2.1s<1.8s
[K      29/50      11.7G      1.378     0.8458    0.01223        258        640: 55% ━━━━━━╸───── 16/29 7.7it/s 2.2s<1.7s
[K      29/50      11.7G      1.377     0.8434    0.01213        307        640: 58% ━━━━━━━───── 17/29 7.8it/s 2.3s<1.5s
[K      29/50      11.7G      1.375      0.844    0.01217        239        640: 62% ━━━━━━━───── 18/29 7.8it/s 2.5s<1.4s
[K      29/50      11.7G      1.376     0.8448    0.01218        283        640: 65% ━━━━━━━╸──── 19/29 7.7it/s 2.6s<1.3s
[K      29/50      11.7G      1.373     0.8439    0.01214        279        640: 68% ━━━━━━━━──── 20/29 7.6it/s 2.7s<1.2s
[K      29/50      11.7G      1.373     0.8436    0.01209        326        640: 72% ━━━━━━━━╸─── 21/29 7.5it/s 2.9s<1.1s
[K      29/50      11.7G      1.372     0.8429    0.01204        265        640: 75% ━━━━━━━━━─── 22/29 7.6it/s 3.0s<0.9s
[K      29/50      11.7G      1.374     0.8421    0.01201        305        640: 79% ━━━━━━━━━╸── 23/29 7.7it/s 3.1s<0.8s
[K      29/50      11.7G      1.371     0.8374    0.01202        257        640: 82% ━━━━━━━━━╸── 24/29 7.7it/s 3.3s<0.6s
[K      29/50      11.7G      1.371     0.8349    0.01207        258        640: 86% ━━━━━━━━━━── 25/29 7.8it/s 3.4s<0.5s
[K      29/50      11.7G      1.372     0.8348    0.01206        254        640: 89% ━━━━━━━━━━╸─ 26/29 7.8it/s 3.5s<0.4s
[K      29/50      11.7G       1.37     0.8317    0.01205        304        640: 93% ━━━━━━━━━━━─ 27/29 7.8it/s 3.6s<0.3s
[K      29/50      11.7G      1.374      0.833    0.01208        211        640: 96% ━━━━━━━━━━━╸ 28/29 8.4it/s 3.7s<0.1s
[K      29/50      11.7G      1.374      0.833    0.01208        211        640: 100% ━━━━━━━━━━━━ 29/29 7.7it/s 3.7s
[K                 Class     Images  Instances      Box(P          R      mAP50  mAP50-95): 50% ━━━━━━────── 1/2 2.0it/s 0.1s<0.5s
[K                 Class     Images  Instances      Box(P          R      mAP50  mAP50-95): 100% ━━━━━━━━━━━━ 2/2 8.1it/s 0.2s
                   all        202        531      0.863      0.819      0.894      0.531
      Epoch    GPU_mem   box_loss   cls_loss    l1_loss  Instances       Size
[K      30/50      11.7G      1.335     0.7685    0.01317        280        640: 0% ──────────── 0/29  0.1s
[K      30/50      11.7G      1.331     0.8565    0.01316        242        640: 3% ──────────── 1/29 2.3it/s 0.3s<12.1s
[K      30/50      11.7G      1.343     0.8332    0.01256        288        640: 6% ╸─────────── 2/29 3.9it/s 0.4s<6.9s
[K      30/50      11.7G      1.337     0.8337    0.01264        277        640: 10% ━─────────── 3/29 5.1it/s 0.5s<5.1s
[K      30/50      11.7G      1.353     0.8505    0.01312        219        640: 13% ━╸────────── 4/29 5.7it/s 0.7s<4.4s
[K      30/50      11.7G      1.357     0.8587    0.01294        299        640: 17% ━━────────── 5/29 6.1it/s 0.8s<4.0s
[K      30/50      11.7G      1.359     0.8536    0.01282        259        640: 20% ━━────────── 6/29 6.5it/s 0.9s<3.5s
[K      30/50      11.7G      1.351     0.8498    0.01265        308        640: 24% ━━╸───────── 7/29 6.7it/s 1.1s<3.3s
[K      30/50      11.7G      1.344     0.8437    0.01245        305        640: 27% ━━━───────── 8/29 6.9it/s 1.2s<3.1s
[K      30/50      11.7G      1.337     0.8393    0.01234        278        640: 31% ━━━╸──────── 9/29 7.2it/s 1.3s<2.8s
[K      30/50      11.7G      1.336     0.8338    0.01228        289        640: 34% ━━━━──────── 10/29 7.3it/s 1.5s<2.6s
[K      30/50      11.7G      1.341     0.8318    0.01221        298        640: 37% ━━━━╸─────── 11/29 7.4it/s 1.6s<2.4s
[K      30/50      11.7G      1.347     0.8299    0.01241        252        640: 41% ━━━━╸─────── 12/29 7.4it/s 1.7s<2.3s
[K      30/50      11.7G      1.346     0.8361    0.01239        293        640: 44% ━━━━━─────── 13/29 7.2it/s 1.9s<2.2s
[K      30/50      11.7G      1.341     0.8339    0.01242        282        640: 48% ━━━━━╸────── 14/29 7.4it/s 2.0s<2.0s
[K      30/50      11.7G      1.343     0.8273    0.01238        250        640: 51% ━━━━━━────── 15/29 7.5it/s 2.1s<1.9s
[K      30/50      11.7G      1.348     0.8325    0.01235        297        640: 55% ━━━━━━╸───── 16/29 7.5it/s 2.3s<1.7s
[K      30/50      11.7G      1.351     0.8349    0.01233        282        640: 58% ━━━━━━━───── 17/29 7.6it/s 2.4s<1.6s
[K      30/50      11.7G      1.352     0.8342     0.0123        281        640: 62% ━━━━━━━───── 18/29 7.7it/s 2.5s<1.4s
[K      30/50      11.7G      1.358     0.8378    0.01227        287        640: 65% ━━━━━━━╸──── 19/29 7.6it/s 2.7s<1.3s
[K      30/50      11.7G       1.36     0.8359    0.01222        293        640: 68% ━━━━━━━━──── 20/29 7.5it/s 2.8s<1.2s
[K      30/50      11.7G      1.355     0.8346    0.01213        271        640: 72% ━━━━━━━━╸─── 21/29 7.6it/s 2.9s<1.1s
[K      30/50      11.7G      1.356     0.8353    0.01223        239        640: 75% ━━━━━━━━━─── 22/29 7.5it/s 3.1s<0.9s
[K      30/50      11.7G      1.356     0.8371    0.01225        271        640: 79% ━━━━━━━━━╸── 23/29 7.6it/s 3.2s<0.8s
[K      30/50      11.7G      1.358      0.837    0.01224        297        640: 82% ━━━━━━━━━╸── 24/29 7.5it/s 3.3s<0.7s
[K      30/50      11.7G      1.356     0.8342    0.01225        254        640: 86% ━━━━━━━━━━── 25/29 7.6it/s 3.5s<0.5s
[K      30/50      11.7G      1.354     0.8342    0.01224        308        640: 89% ━━━━━━━━━━╸─ 26/29 7.7it/s 3.6s<0.4s
[K      30/50      11.7G      1.356     0.8351     0.0122        353        640: 93% ━━━━━━━━━━━─ 27/29 7.6it/s 3.7s<0.3s
[K      30/50      11.7G      1.357     0.8352     0.0122        188        640: 96% ━━━━━━━━━━━╸ 28/29 8.0it/s 3.8s<0.1s
[K      30/50      11.7G      1.357     0.8352     0.0122        188        640: 100% ━━━━━━━━━━━━ 29/29 7.6it/s 3.8s
[K                 Class     Images  Instances      Box(P          R      mAP50  mAP50-95): 50% ━━━━━━────── 1/2 2.1it/s 0.1s<0.5s
[K                 Class     Images  Instances      Box(P          R      mAP50  mAP50-95): 100% ━━━━━━━━━━━━ 2/2 8.3it/s 0.2s
                   all        202        531      0.827      0.845      0.906      0.536
      Epoch    GPU_mem   box_loss   cls_loss    l1_loss  Instances       Size
[K      31/50      11.7G      1.387     0.7609    0.01252        273        640: 0% ──────────── 0/29  0.1s
[K      31/50      11.7G      1.362      0.804    0.01204        293        640: 3% ──────────── 1/29 2.4it/s 0.3s<11.9s
[K      31/50      11.7G      1.338     0.7912     0.0116        278        640: 6% ╸─────────── 2/29 4.0it/s 0.4s<6.7s
[K      31/50      11.7G      1.367      0.799    0.01206        290        640: 10% ━─────────── 3/29 5.2it/s 0.5s<5.0s
[K      31/50      11.7G      1.366     0.8041    0.01214        233        640: 13% ━╸────────── 4/29 5.8it/s 0.6s<4.3s
[K      31/50      11.7G      1.372     0.8122    0.01218        268        640: 17% ━━────────── 5/29 6.4it/s 0.8s<3.8s
[K      31/50      11.7G      1.369     0.8124    0.01214        299        640: 20% ━━────────── 6/29 6.7it/s 0.9s<3.5s
[K      31/50      11.7G      1.355     0.8049    0.01202        291        640: 24% ━━╸───────── 7/29 6.8it/s 1.1s<3.2s
[K      31/50      11.7G      1.352     0.8054    0.01186        323        640: 27% ━━━───────── 8/29 6.8it/s 1.2s<3.1s
[K      31/50      11.7G      1.351     0.8093    0.01175        340        640: 31% ━━━╸──────── 9/29 7.1it/s 1.3s<2.8s
[K      31/50      11.7G      1.349     0.8162    0.01174        280        640: 34% ━━━━──────── 10/29 7.3it/s 1.5s<2.6s
[K      31/50      11.7G      1.347     0.8162    0.01169        283        640: 37% ━━━━╸─────── 11/29 7.4it/s 1.6s<2.4s
[K      31/50      11.7G       1.35     0.8213    0.01175        285        640: 41% ━━━━╸─────── 12/29 7.5it/s 1.7s<2.3s
[K      31/50      11.7G      1.347     0.8176    0.01171        275        640: 44% ━━━━━─────── 13/29 7.7it/s 1.8s<2.1s
[K      31/50      11.7G      1.344     0.8122    0.01167        300        640: 48% ━━━━━╸────── 14/29 7.7it/s 2.0s<1.9s
[K      31/50      11.7G      1.339     0.8075    0.01171        302        640: 51% ━━━━━━────── 15/29 7.7it/s 2.1s<1.8s
[K      31/50      11.7G      1.342     0.8054    0.01179        277        640: 55% ━━━━━━╸───── 16/29 7.6it/s 2.2s<1.7s
[K      31/50      11.7G      1.347     0.8094     0.0118        311        640: 58% ━━━━━━━───── 17/29 7.7it/s 2.4s<1.6s
[K      31/50      11.7G      1.345     0.8122    0.01179        306        640: 62% ━━━━━━━───── 18/29 7.7it/s 2.5s<1.4s
[K      31/50      11.7G      1.347     0.8094    0.01183        256        640: 65% ━━━━━━━╸──── 19/29 7.5it/s 2.6s<1.3s
[K      31/50      11.7G      1.349     0.8116    0.01186        305        640: 68% ━━━━━━━━──── 20/29 7.6it/s 2.8s<1.2s
[K      31/50      11.7G      1.357     0.8155    0.01194        250        640: 72% ━━━━━━━━╸─── 21/29 7.7it/s 2.9s<1.0s
[K      31/50      11.7G       1.36     0.8168    0.01196        313        640: 75% ━━━━━━━━━─── 22/29 7.6it/s 3.0s<0.9s
[K      31/50      11.7G      1.361     0.8151    0.01198        278        640: 79% ━━━━━━━━━╸── 23/29 7.5it/s 3.2s<0.8s
[K      31/50      11.7G      1.358     0.8169    0.01194        240        640: 82% ━━━━━━━━━╸── 24/29 7.5it/s 3.3s<0.7s
[K      31/50      11.7G      1.354     0.8147    0.01191        279        640: 86% ━━━━━━━━━━── 25/29 7.4it/s 3.4s<0.5s
[K      31/50      11.7G      1.355     0.8128     0.0119        293        640: 89% ━━━━━━━━━━╸─ 26/29 7.5it/s 3.6s<0.4s
[K      31/50      11.7G      1.354     0.8116    0.01188        264        640: 93% ━━━━━━━━━━━─ 27/29 7.6it/s 3.7s<0.3s
[K      31/50      11.7G      1.357     0.8124    0.01191        205        640: 96% ━━━━━━━━━━━╸ 28/29 8.1it/s 3.8s<0.1s
[K      31/50      11.7G      1.357     0.8124    0.01191        205        640: 100% ━━━━━━━━━━━━ 29/29 7.6it/s 3.8s
[K                 Class     Images  Instances      Box(P          R      mAP50  mAP50-95): 50% ━━━━━━────── 1/2 2.0it/s 0.2s<0.5s
[K                 Class     Images  Instances      Box(P          R      mAP50  mAP50-95): 100% ━━━━━━━━━━━━ 2/2 7.9it/s 0.3s
                   all        202        531      0.847      0.803      0.888      0.529
      Epoch    GPU_mem   box_loss   cls_loss    l1_loss  Instances       Size
[K      32/50      11.7G      1.344     0.7655    0.01169        295        640: 0% ──────────── 0/29  0.1s
[K      32/50      11.7G      1.333     0.8129    0.01168        270        640: 3% ──────────── 1/29 2.4it/s 0.3s<11.7s
[K      32/50      11.7G      1.346     0.8129    0.01206        267        640: 6% ╸─────────── 2/29 4.1it/s 0.4s<6.7s
[K      32/50      11.7G      1.346     0.8085    0.01175        286        640: 10% ━─────────── 3/29 5.2it/s 0.5s<5.0s
[K      32/50      11.7G      1.344      0.826    0.01209        249        640: 13% ━╸────────── 4/29 6.0it/s 0.7s<4.2s
[K      32/50      11.7G       1.35     0.8301    0.01201        290        640: 17% ━━────────── 5/29 6.4it/s 0.8s<3.8s
[K      32/50      11.7G      1.347     0.8308    0.01201        293        640: 20% ━━────────── 6/29 6.7it/s 0.9s<3.5s
[K      32/50      11.7G      1.336     0.8129    0.01199        264        640: 24% ━━╸───────── 7/29 6.8it/s 1.1s<3.2s
[K      32/50      11.7G       1.33     0.8022    0.01199        270        640: 27% ━━━───────── 8/29 6.9it/s 1.2s<3.1s
[K      32/50      11.7G      1.326     0.8001    0.01195        328        640: 31% ━━━╸──────── 9/29 7.1it/s 1.3s<2.8s
[K      32/50      11.7G      1.318     0.7951     0.0119        270        640: 34% ━━━━──────── 10/29 7.0it/s 1.5s<2.7s
[K      32/50      11.7G      1.314     0.7963    0.01195        284        640: 37% ━━━━╸─────── 11/29 7.2it/s 1.6s<2.5s
[K      32/50      11.7G      1.317     0.8032    0.01196        226        640: 41% ━━━━╸─────── 12/29 7.3it/s 1.7s<2.3s
[K      32/50      11.7G      1.315     0.8085    0.01202        239        640: 44% ━━━━━─────── 13/29 7.4it/s 1.9s<2.2s
[K      32/50      11.7G      1.319     0.8155    0.01203        305        640: 48% ━━━━━╸────── 14/29 7.3it/s 2.0s<2.0s
[K      32/50      11.7G      1.326     0.8116    0.01204        302        640: 51% ━━━━━━────── 15/29 7.4it/s 2.2s<1.9s
[K      32/50      11.7G      1.321     0.8102    0.01202        263        640: 55% ━━━━━━╸───── 16/29 7.4it/s 2.3s<1.7s
[K      32/50      11.7G      1.321     0.8107    0.01201        271        640: 58% ━━━━━━━───── 17/29 7.6it/s 2.4s<1.6s
[K      32/50      11.7G      1.316     0.8116    0.01198        236        640: 62% ━━━━━━━───── 18/29 7.3it/s 2.6s<1.5s
[K      32/50      11.7G      1.319     0.8096    0.01201        307        640: 65% ━━━━━━━╸──── 19/29 7.4it/s 2.7s<1.3s
[K      32/50      11.7G      1.318     0.8102    0.01198        313        640: 68% ━━━━━━━━──── 20/29 7.4it/s 2.8s<1.2s
[K      32/50      11.7G      1.317     0.8099      0.012        265        640: 72% ━━━━━━━━╸─── 21/29 7.5it/s 3.0s<1.1s
[K      32/50      11.7G      1.315     0.8093    0.01197        309        640: 75% ━━━━━━━━━─── 22/29 7.6it/s 3.1s<0.9s
[K      32/50      11.7G      1.318     0.8097    0.01195        322        640: 79% ━━━━━━━━━╸── 23/29 7.7it/s 3.2s<0.8s
[K      32/50      11.7G      1.318     0.8085    0.01192        304        640: 82% ━━━━━━━━━╸── 24/29 7.6it/s 3.3s<0.7s
[K      32/50      11.7G      1.324     0.8146    0.01186        335        640: 86% ━━━━━━━━━━── 25/29 7.7it/s 3.5s<0.5s
[K      32/50      11.7G      1.326     0.8178    0.01187        265        640: 89% ━━━━━━━━━━╸─ 26/29 7.7it/s 3.6s<0.4s
[K      32/50      11.7G      1.329     0.8214    0.01194        219        640: 93% ━━━━━━━━━━━─ 27/29 7.6it/s 3.7s<0.3s
[K      32/50      11.7G      1.328     0.8212    0.01196        237        640: 96% ━━━━━━━━━━━╸ 28/29 8.2it/s 3.8s<0.1s
[K      32/50      11.7G      1.328     0.8212    0.01196        237        640: 100% ━━━━━━━━━━━━ 29/29 7.6it/s 3.8s
[K                 Class     Images  Instances      Box(P          R      mAP50  mAP50-95): 50% ━━━━━━────── 1/2 2.1it/s 0.1s<0.5s
[K                 Class     Images  Instances      Box(P          R      mAP50  mAP50-95): 100% ━━━━━━━━━━━━ 2/2 8.3it/s 0.2s
                   all        202        531      0.869      0.812      0.901      0.548
      Epoch    GPU_mem   box_loss   cls_loss    l1_loss  Instances       Size
[K      33/50      11.7G      1.334     0.7457    0.01145        280        640: 0% ──────────── 0/29  0.1s
[K      33/50      11.7G      1.315      0.745    0.01167        277        640: 3% ──────────── 1/29 2.3it/s 0.3s<12.3s
[K      33/50      11.7G      1.316     0.7429    0.01205        251        640: 6% ╸─────────── 2/29 3.9it/s 0.4s<6.9s
[K      33/50      11.7G       1.32      0.749      0.012        280        640: 10% ━─────────── 3/29 5.0it/s 0.5s<5.2s
[K      33/50      11.7G      1.339     0.7659    0.01193        289        640: 13% ━╸────────── 4/29 5.7it/s 0.7s<4.4s
[K      33/50      11.7G      1.335     0.7657    0.01178        283        640: 17% ━━────────── 5/29 6.4it/s 0.8s<3.8s
[K      33/50      11.7G      1.334      0.766    0.01184        291        640: 20% ━━────────── 6/29 6.7it/s 0.9s<3.5s
[K      33/50      11.7G      1.334     0.7756    0.01171        287        640: 24% ━━╸───────── 7/29 7.0it/s 1.0s<3.1s
[K      33/50      11.7G      1.331     0.7762    0.01167        297        640: 27% ━━━───────── 8/29 7.3it/s 1.2s<2.9s
[K      33/50      11.7G      1.325     0.7658     0.0117        253        640: 31% ━━━╸──────── 9/29 7.2it/s 1.3s<2.8s
[K      33/50      11.7G       1.32     0.7709    0.01177        233        640: 34% ━━━━──────── 10/29 7.4it/s 1.4s<2.6s
[K      33/50      11.7G      1.319      0.768    0.01173        283        640: 37% ━━━━╸─────── 11/29 7.4it/s 1.6s<2.4s
[K      33/50      11.7G      1.321     0.7652    0.01183        254        640: 41% ━━━━╸─────── 12/29 7.5it/s 1.7s<2.3s
[K      33/50      11.7G      1.319     0.7621    0.01178        271        640: 44% ━━━━━─────── 13/29 7.5it/s 1.8s<2.1s
[K      33/50      11.7G      1.328     0.7698    0.01176        279        640: 48% ━━━━━╸────── 14/29 7.6it/s 2.0s<2.0s
[K      33/50      11.7G      1.329     0.7745    0.01172        326        640: 51% ━━━━━━────── 15/29 7.6it/s 2.1s<1.8s
[K      33/50      11.7G      1.323     0.7746    0.01163        351        640: 55% ━━━━━━╸───── 16/29 7.7it/s 2.2s<1.7s
[K      33/50      11.7G      1.324     0.7783    0.01161        295        640: 58% ━━━━━━━───── 17/29 7.5it/s 2.4s<1.6s
[K      33/50      11.7G      1.323     0.7769    0.01161        254        640: 62% ━━━━━━━───── 18/29 7.6it/s 2.5s<1.4s
[K      33/50      11.7G       1.32     0.7775    0.01155        294        640: 65% ━━━━━━━╸──── 19/29 7.6it/s 2.6s<1.3s
[K      33/50      11.7G      1.321     0.7814    0.01151        293        640: 68% ━━━━━━━━──── 20/29 7.5it/s 2.8s<1.2s
[K      33/50      11.7G      1.323     0.7841    0.01155        285        640: 72% ━━━━━━━━╸─── 21/29 7.5it/s 2.9s<1.1s
[K      33/50      11.7G       1.32     0.7838    0.01159        249        640: 75% ━━━━━━━━━─── 22/29 7.4it/s 3.0s<0.9s
[K      33/50      11.7G       1.32     0.7815    0.01157        328        640: 79% ━━━━━━━━━╸── 23/29 7.4it/s 3.2s<0.8s
[K      33/50      11.7G      1.324     0.7839    0.01153        270        640: 82% ━━━━━━━━━╸── 24/29 7.5it/s 3.3s<0.7s
[K      33/50      11.7G      1.322     0.7829    0.01158        258        640: 86% ━━━━━━━━━━── 25/29 7.5it/s 3.4s<0.5s
[K      33/50      11.7G      1.322     0.7828    0.01156        296        640: 89% ━━━━━━━━━━╸─ 26/29 7.6it/s 3.6s<0.4s
[K      33/50      11.7G      1.324     0.7825    0.01161        274        640: 93% ━━━━━━━━━━━─ 27/29 7.6it/s 3.7s<0.3s
[K      33/50      11.7G      1.324     0.7817    0.01161        209        640: 96% ━━━━━━━━━━━╸ 28/29 8.1it/s 3.8s<0.1s
[K      33/50      11.7G      1.324     0.7817    0.01161        209        640: 100% ━━━━━━━━━━━━ 29/29 7.6it/s 3.8s
[K                 Class     Images  Instances      Box(P          R      mAP50  mAP50-95): 50% ━━━━━━────── 1/2 1.9it/s 0.2s<0.5s
[K                 Class     Images  Instances      Box(P          R      mAP50  mAP50-95): 100% ━━━━━━━━━━━━ 2/2 8.0it/s 0.3s
                   all        202        531       0.88      0.819      0.901      0.516
      Epoch    GPU_mem   box_loss   cls_loss    l1_loss  Instances       Size
[K      34/50      11.7G      1.301     0.8176    0.01129        266        640: 0% ──────────── 0/29  0.1s
[K      34/50      11.7G       1.29     0.7933    0.01173        255        640: 3% ──────────── 1/29 2.3it/s 0.3s<12.0s
[K      34/50      11.7G      1.299     0.7826    0.01178        252        640: 6% ╸─────────── 2/29 4.0it/s 0.4s<6.8s
[K      34/50      11.7G      1.305     0.7732    0.01169        289        640: 10% ━─────────── 3/29 5.1it/s 0.5s<5.1s
[K      34/50      11.7G      1.302     0.7714    0.01168        270        640: 13% ━╸────────── 4/29 5.9it/s 0.7s<4.3s
[K      34/50      11.7G      1.299     0.7825    0.01167        251        640: 17% ━━────────── 5/29 6.4it/s 0.8s<3.8s
[K      34/50      11.7G      1.298     0.7856    0.01153        308        640: 20% ━━────────── 6/29 6.8it/s 0.9s<3.4s
[K      34/50      11.7G      1.298     0.7814    0.01163        285        640: 24% ━━╸───────── 7/29 7.1it/s 1.0s<3.1s
[K      34/50      11.7G      1.299     0.7817    0.01149        295        640: 27% ━━━───────── 8/29 7.3it/s 1.2s<2.9s
[K      34/50      11.7G      1.291     0.7761    0.01135        305        640: 31% ━━━╸──────── 9/29 7.4it/s 1.3s<2.7s
[K      34/50      11.7G      1.287     0.7733     0.0113        273        640: 34% ━━━━──────── 10/29 7.5it/s 1.4s<2.5s
[K      34/50      11.7G      1.289     0.7747    0.01138        266        640: 37% ━━━━╸─────── 11/29 7.6it/s 1.6s<2.4s
[K      34/50      11.7G      1.294     0.7771    0.01139        302        640: 41% ━━━━╸─────── 12/29 7.5it/s 1.7s<2.3s
[K      34/50      11.7G      1.296     0.7748    0.01126        328        640: 44% ━━━━━─────── 13/29 7.3it/s 1.8s<2.2s
[K      34/50      11.7G      1.298     0.7803    0.01127        290        640: 48% ━━━━━╸────── 14/29 7.4it/s 2.0s<2.0s
[K      34/50      11.7G      1.295     0.7824     0.0113        240        640: 51% ━━━━━━────── 15/29 7.4it/s 2.1s<1.9s
[K      34/50      11.7G      1.298     0.7839    0.01125        331        640: 55% ━━━━━━╸───── 16/29 7.4it/s 2.2s<1.8s
[K      34/50      11.7G        1.3     0.7838    0.01126        296        640: 58% ━━━━━━━───── 17/29 7.5it/s 2.4s<1.6s
[K      34/50      11.7G      1.305     0.7864    0.01129        295        640: 62% ━━━━━━━───── 18/29 7.5it/s 2.5s<1.5s
[K      34/50      11.7G      1.306      0.784    0.01133        271        640: 65% ━━━━━━━╸──── 19/29 7.6it/s 2.6s<1.3s
[K      34/50      11.7G      1.309     0.7854    0.01132        330        640: 68% ━━━━━━━━──── 20/29 7.4it/s 2.8s<1.2s
[K      34/50      11.7G      1.312      0.787    0.01138        288        640: 72% ━━━━━━━━╸─── 21/29 7.5it/s 2.9s<1.1s
[K      34/50      11.7G       1.31     0.7833    0.01133        301        640: 75% ━━━━━━━━━─── 22/29 7.4it/s 3.1s<0.9s
[K      34/50      11.7G      1.307     0.7807    0.01133        260        640: 79% ━━━━━━━━━╸── 23/29 7.5it/s 3.2s<0.8s
[K      34/50      11.7G      1.306     0.7772    0.01135        295        640: 82% ━━━━━━━━━╸── 24/29 7.3it/s 3.3s<0.7s
[K      34/50      11.7G      1.306     0.7767    0.01134        302        640: 86% ━━━━━━━━━━── 25/29 7.3it/s 3.5s<0.5s
[K      34/50      11.7G      1.309     0.7794    0.01135        296        640: 89% ━━━━━━━━━━╸─ 26/29 7.3it/s 3.6s<0.4s
[K      34/50      11.7G      1.308     0.7806    0.01131        308        640: 93% ━━━━━━━━━━━─ 27/29 7.4it/s 3.7s<0.3s
[K      34/50      11.7G       1.31     0.7812    0.01134        204        640: 96% ━━━━━━━━━━━╸ 28/29 7.8it/s 3.8s<0.1s
[K      34/50      11.7G       1.31     0.7812    0.01134        204        640: 100% ━━━━━━━━━━━━ 29/29 7.5it/s 3.8s
[K                 Class     Images  Instances      Box(P          R      mAP50  mAP50-95): 50% ━━━━━━────── 1/2 1.9it/s 0.2s<0.5s
[K                 Class     Images  Instances      Box(P          R      mAP50  mAP50-95): 100% ━━━━━━━━━━━━ 2/2 8.1it/s 0.2s
                   all        202        531      0.865      0.791      0.897      0.533
      Epoch    GPU_mem   box_loss   cls_loss    l1_loss  Instances       Size
[K      35/50      11.7G      1.356     0.7957     0.0123        248        640: 0% ──────────── 0/29  0.1s
[K      35/50      11.7G       1.31     0.7835    0.01261        267        640: 3% ──────────── 1/29 2.3it/s 0.3s<12.2s
[K      35/50      11.7G      1.323     0.7686    0.01207        316        640: 6% ╸─────────── 2/29 3.9it/s 0.4s<7.0s
[K      35/50      11.7G      1.326     0.7694     0.0121        298        640: 10% ━─────────── 3/29 5.0it/s 0.5s<5.2s
[K      35/50      11.7G      1.327     0.7748    0.01176        288        640: 13% ━╸────────── 4/29 5.8it/s 0.7s<4.3s
[K      35/50      11.7G      1.323     0.7713    0.01175        262        640: 17% ━━────────── 5/29 6.4it/s 0.8s<3.8s
[K      35/50      11.7G      1.334     0.7744    0.01167        286        640: 20% ━━────────── 6/29 6.8it/s 0.9s<3.4s
[K      35/50      11.7G      1.322     0.7691    0.01152        289        640: 24% ━━╸───────── 7/29 7.1it/s 1.0s<3.1s
[K      35/50      11.7G      1.319     0.7655    0.01147        313        640: 27% ━━━───────── 8/29 7.1it/s 1.2s<2.9s
[K      35/50      11.7G      1.322     0.7816    0.01173        221        640: 31% ━━━╸──────── 9/29 7.3it/s 1.3s<2.7s
[K      35/50      11.7G      1.318      0.771    0.01162        297        640: 34% ━━━━──────── 10/29 7.4it/s 1.4s<2.6s
[K      35/50      11.7G      1.315     0.7661    0.01163        271        640: 37% ━━━━╸─────── 11/29 7.2it/s 1.6s<2.5s
[K      35/50      11.7G      1.315     0.7652    0.01155        279        640: 41% ━━━━╸─────── 12/29 7.2it/s 1.7s<2.4s
[K      35/50      11.7G      1.309     0.7685    0.01151        267        640: 44% ━━━━━─────── 13/29 7.3it/s 1.9s<2.2s
[K      35/50      11.7G      1.307      0.769    0.01153        266        640: 48% ━━━━━╸────── 14/29 7.4it/s 2.0s<2.0s
[K      35/50      11.7G      1.306     0.7676    0.01144        339        640: 51% ━━━━━━────── 15/29 7.3it/s 2.1s<1.9s
[K      35/50      11.7G      1.306     0.7705    0.01144        262        640: 55% ━━━━━━╸───── 16/29 7.4it/s 2.3s<1.8s
[K      35/50      11.7G      1.309     0.7729     0.0115        258        640: 58% ━━━━━━━───── 17/29 7.5it/s 2.4s<1.6s
[K      35/50      11.7G      1.308      0.771    0.01148        306        640: 62% ━━━━━━━───── 18/29 7.5it/s 2.5s<1.5s
[K      35/50      11.7G      1.304     0.7707    0.01147        287        640: 65% ━━━━━━━╸──── 19/29 7.6it/s 2.7s<1.3s
[K      35/50      11.7G      1.307     0.7741    0.01145        301        640: 68% ━━━━━━━━──── 20/29 7.5it/s 2.8s<1.2s
[K      35/50      11.7G      1.306     0.7749     0.0114        309        640: 72% ━━━━━━━━╸─── 21/29 7.6it/s 2.9s<1.1s
[K      35/50      11.7G      1.302     0.7699    0.01136        287        640: 75% ━━━━━━━━━─── 22/29 7.6it/s 3.0s<0.9s
[K      35/50      11.7G      1.302     0.7708    0.01136        261        640: 79% ━━━━━━━━━╸── 23/29 7.7it/s 3.2s<0.8s
[K      35/50      11.7G      1.303     0.7695    0.01139        261        640: 82% ━━━━━━━━━╸── 24/29 7.6it/s 3.3s<0.7s
[K      35/50      11.7G      1.305      0.769    0.01138        323        640: 86% ━━━━━━━━━━── 25/29 7.3it/s 3.5s<0.5s
[K      35/50      11.7G      1.305     0.7674     0.0114        264        640: 89% ━━━━━━━━━━╸─ 26/29 7.4it/s 3.6s<0.4s
[K      35/50      11.7G      1.303     0.7657     0.0114        245        640: 93% ━━━━━━━━━━━─ 27/29 7.5it/s 3.7s<0.3s
[K      35/50      11.7G        1.3     0.7664     0.0114        187        640: 96% ━━━━━━━━━━━╸ 28/29 8.0it/s 3.8s<0.1s
[K      35/50      11.7G        1.3     0.7664     0.0114        187        640: 100% ━━━━━━━━━━━━ 29/29 7.6it/s 3.8s
[K                 Class     Images  Instances      Box(P          R      mAP50  mAP50-95): 50% ━━━━━━────── 1/2 2.0it/s 0.1s<0.5s
[K                 Class     Images  Instances      Box(P          R      mAP50  mAP50-95): 100% ━━━━━━━━━━━━ 2/2 8.2it/s 0.2s
                   all        202        531      0.871      0.817        0.9      0.543
      Epoch    GPU_mem   box_loss   cls_loss    l1_loss  Instances       Size
[K      36/50      11.7G      1.199     0.7087    0.01081        275        640: 0% ──────────── 0/29  0.1s
[K      36/50      11.7G      1.261     0.7159    0.01084        286        640: 3% ──────────── 1/29 2.3it/s 0.3s<12.1s
[K      36/50      11.7G      1.244     0.7136    0.01088        262        640: 6% ╸─────────── 2/29 4.0it/s 0.4s<6.8s
[K      36/50      11.7G      1.264     0.7135    0.01108        253        640: 10% ━─────────── 3/29 5.1it/s 0.5s<5.1s
[K      36/50      11.7G      1.264     0.7224    0.01098        293        640: 13% ━╸────────── 4/29 5.8it/s 0.7s<4.3s
[K      36/50      11.7G      1.273     0.7312    0.01113        281        640: 17% ━━────────── 5/29 6.3it/s 0.8s<3.8s
[K      36/50      11.7G      1.274     0.7354    0.01113        247        640: 20% ━━────────── 6/29 6.7it/s 0.9s<3.4s
[K      36/50      11.7G      1.269     0.7391    0.01112        276        640: 24% ━━╸───────── 7/29 6.9it/s 1.1s<3.2s
[K      36/50      11.7G      1.272     0.7401    0.01111        319        640: 27% ━━━───────── 8/29 7.2it/s 1.2s<2.9s
[K      36/50      11.7G      1.269     0.7421    0.01116        289        640: 31% ━━━╸──────── 9/29 7.3it/s 1.3s<2.7s
[K      36/50      11.7G      1.266     0.7461    0.01113        314        640: 34% ━━━━──────── 10/29 7.4it/s 1.4s<2.6s
[K      36/50      11.7G      1.279     0.7531    0.01115        295        640: 37% ━━━━╸─────── 11/29 7.3it/s 1.6s<2.5s
[K      36/50      11.7G      1.281      0.757    0.01126        253        640: 41% ━━━━╸─────── 12/29 7.3it/s 1.7s<2.3s
[K      36/50      11.7G      1.284     0.7596    0.01139        244        640: 44% ━━━━━─────── 13/29 7.4it/s 1.9s<2.2s
[K      36/50      11.7G      1.288     0.7614    0.01135        303        640: 48% ━━━━━╸────── 14/29 7.5it/s 2.0s<2.0s
[K      36/50      11.7G       1.28     0.7536    0.01131        277        640: 51% ━━━━━━────── 15/29 7.3it/s 2.1s<1.9s
[K      36/50      11.7G       1.28     0.7612    0.01126        301        640: 55% ━━━━━━╸───── 16/29 7.3it/s 2.3s<1.8s
[K      36/50      11.7G      1.279     0.7622    0.01128        333        640: 58% ━━━━━━━───── 17/29 7.3it/s 2.4s<1.6s
[K      36/50      11.7G      1.283     0.7619    0.01128        274        640: 62% ━━━━━━━───── 18/29 7.4it/s 2.5s<1.5s
[K      36/50      11.7G      1.282      0.761    0.01128        284        640: 65% ━━━━━━━╸──── 19/29 7.2it/s 2.7s<1.4s
[K      36/50      11.7G      1.282     0.7622    0.01133        274        640: 68% ━━━━━━━━──── 20/29 7.4it/s 2.8s<1.2s
[K      36/50      11.7G      1.282     0.7598    0.01136        271        640: 72% ━━━━━━━━╸─── 21/29 7.4it/s 3.0s<1.1s
[K      36/50      11.7G      1.282      0.761    0.01132        346        640: 75% ━━━━━━━━━─── 22/29 7.5it/s 3.1s<0.9s
[K      36/50      11.7G      1.284     0.7623     0.0113        270        640: 79% ━━━━━━━━━╸── 23/29 7.5it/s 3.2s<0.8s
[K      36/50      11.7G      1.282       0.76    0.01125        304        640: 82% ━━━━━━━━━╸── 24/29 7.6it/s 3.3s<0.7s
[K      36/50      11.7G      1.285     0.7617    0.01123        283        640: 86% ━━━━━━━━━━── 25/29 7.4it/s 3.5s<0.5s
[K      36/50      11.7G      1.285     0.7604    0.01121        303        640: 89% ━━━━━━━━━━╸─ 26/29 7.3it/s 3.6s<0.4s
[K      36/50      11.7G      1.286     0.7599    0.01122        265        640: 93% ━━━━━━━━━━━─ 27/29 7.1it/s 3.8s<0.3s
[K      36/50      11.7G      1.285     0.7598    0.01122        206        640: 100% ━━━━━━━━━━━━ 29/29 7.5it/s 3.9s
[K                 Class     Images  Instances      Box(P          R      mAP50  mAP50-95): 50% ━━━━━━────── 1/2 2.1it/s 0.1s<0.5s
[K                 Class     Images  Instances      Box(P          R      mAP50  mAP50-95): 100% ━━━━━━━━━━━━ 2/2 8.4it/s 0.2s
                   all        202        531      0.888      0.847      0.915      0.543
      Epoch    GPU_mem   box_loss   cls_loss    l1_loss  Instances       Size
[K      37/50      11.7G      1.283     0.7864    0.01109        280        640: 0% ──────────── 0/29  0.1s
[K      37/50      11.7G      1.262     0.7586    0.01123        285        640: 3% ──────────── 1/29 2.4it/s 0.3s<11.9s
[K      37/50      11.7G      1.263     0.7658    0.01147        233        640: 6% ╸─────────── 2/29 4.0it/s 0.4s<6.7s
[K      37/50      11.7G       1.27     0.7784    0.01148        292        640: 10% ━─────────── 3/29 5.2it/s 0.5s<5.0s
[K      37/50      11.7G       1.28     0.7823    0.01147        291        640: 13% ━╸────────── 4/29 5.9it/s 0.6s<4.3s
[K      37/50      11.7G      1.282     0.7714    0.01123        321        640: 17% ━━────────── 5/29 6.3it/s 0.8s<3.8s
[K      37/50      11.7G      1.278      0.765    0.01126        287        640: 20% ━━────────── 6/29 6.8it/s 0.9s<3.4s
[K      37/50      11.7G      1.277      0.762     0.0112        299        640: 24% ━━╸───────── 7/29 6.9it/s 1.0s<3.2s
[K      37/50      11.7G      1.281     0.7669    0.01126        311        640: 27% ━━━───────── 8/29 7.2it/s 1.2s<2.9s
[K      37/50      11.7G      1.279     0.7689    0.01125        261        640: 31% ━━━╸──────── 9/29 7.4it/s 1.3s<2.7s
[K      37/50      11.7G      1.278     0.7668    0.01125        290        640: 34% ━━━━──────── 10/29 7.2it/s 1.4s<2.6s
[K      37/50      11.7G      1.283     0.7654    0.01137        258        640: 37% ━━━━╸─────── 11/29 7.4it/s 1.6s<2.4s
[K      37/50      11.7G      1.279     0.7682    0.01131        307        640: 41% ━━━━╸─────── 12/29 7.6it/s 1.7s<2.2s
[K      37/50      11.7G      1.279     0.7639    0.01122        284        640: 44% ━━━━━─────── 13/29 7.6it/s 1.8s<2.1s
[K      37/50      11.7G      1.278     0.7651    0.01124        237        640: 48% ━━━━━╸────── 14/29 7.6it/s 2.0s<2.0s
[K      37/50      11.7G      1.278     0.7618    0.01118        301        640: 51% ━━━━━━────── 15/29 7.4it/s 2.1s<1.9s
[K      37/50      11.7G       1.28     0.7597    0.01119        246        640: 55% ━━━━━━╸───── 16/29 7.5it/s 2.2s<1.7s
[K      37/50      11.7G      1.277     0.7566    0.01115        289        640: 58% ━━━━━━━───── 17/29 7.6it/s 2.4s<1.6s
[K      37/50      11.7G      1.274     0.7537    0.01115        276        640: 62% ━━━━━━━───── 18/29 7.3it/s 2.5s<1.5s
[K      37/50      11.7G      1.276     0.7523    0.01114        277        640: 65% ━━━━━━━╸──── 19/29 7.4it/s 2.6s<1.3s
[K      37/50      11.7G      1.281     0.7548    0.01113        295        640: 68% ━━━━━━━━──── 20/29 7.5it/s 2.8s<1.2s
[K      37/50      11.7G      1.278     0.7548    0.01111        282        640: 72% ━━━━━━━━╸─── 21/29 7.6it/s 2.9s<1.1s
[K      37/50      11.7G      1.278      0.751    0.01106        299        640: 75% ━━━━━━━━━─── 22/29 7.5it/s 3.0s<0.9s
[K      37/50      11.7G      1.279     0.7514     0.0111        266        640: 79% ━━━━━━━━━╸── 23/29 7.4it/s 3.2s<0.8s
[K      37/50      11.7G      1.282     0.7475    0.01107        303        640: 82% ━━━━━━━━━╸── 24/29 7.4it/s 3.3s<0.7s
[K      37/50      11.7G      1.281     0.7458    0.01111        260        640: 86% ━━━━━━━━━━── 25/29 7.7it/s 3.4s<0.5s
[K      37/50      11.7G      1.281     0.7452    0.01109        298        640: 89% ━━━━━━━━━━╸─ 26/29 7.4it/s 3.6s<0.4s
[K      37/50      11.7G      1.282     0.7463    0.01106        282        640: 93% ━━━━━━━━━━━─ 27/29 7.4it/s 3.7s<0.3s
[K      37/50      11.7G       1.28     0.7451    0.01108        175        640: 100% ━━━━━━━━━━━━ 29/29 7.6it/s 3.8s
[K                 Class     Images  Instances      Box(P          R      mAP50  mAP50-95): 50% ━━━━━━────── 1/2 2.0it/s 0.2s<0.5s
[K                 Class     Images  Instances      Box(P          R      mAP50  mAP50-95): 100% ━━━━━━━━━━━━ 2/2 7.9it/s 0.3s
                   all        202        531      0.886      0.827      0.902      0.554
      Epoch    GPU_mem   box_loss   cls_loss    l1_loss  Instances       Size
[K      38/50      11.7G      1.253     0.8401    0.01112        273        640: 0% ──────────── 0/29  0.1s
[K      38/50      11.7G      1.241     0.7754    0.01106        295        640: 3% ──────────── 1/29 2.3it/s 0.3s<12.2s
[K      38/50      11.7G      1.253     0.7559     0.0114        257        640: 6% ╸─────────── 2/29 3.9it/s 0.4s<6.9s
[K      38/50      11.7G      1.229     0.7273    0.01111        289        640: 10% ━─────────── 3/29 5.1it/s 0.5s<5.1s
[K      38/50      11.7G       1.25     0.7386    0.01127        262        640: 13% ━╸────────── 4/29 5.8it/s 0.7s<4.3s
[K      38/50      11.7G      1.237     0.7267    0.01109        289        640: 17% ━━────────── 5/29 6.5it/s 0.8s<3.7s
[K      38/50      11.7G      1.239     0.7404    0.01099        283        640: 20% ━━────────── 6/29 6.9it/s 0.9s<3.3s
[K      38/50      11.7G      1.241     0.7382    0.01114        231        640: 24% ━━╸───────── 7/29 6.8it/s 1.1s<3.2s
[K      38/50      11.7G      1.259     0.7433    0.01127        272        640: 27% ━━━───────── 8/29 7.2it/s 1.2s<2.9s
[K      38/50      11.7G      1.264     0.7431     0.0113        295        640: 31% ━━━╸──────── 9/29 7.3it/s 1.3s<2.7s
[K      38/50      11.7G      1.271     0.7479    0.01127        296        640: 34% ━━━━──────── 10/29 7.4it/s 1.4s<2.6s
[K      38/50      11.7G      1.268     0.7461    0.01118        303        640: 37% ━━━━╸─────── 11/29 7.5it/s 1.6s<2.4s
[K      38/50      11.7G      1.277     0.7476    0.01128        291        640: 41% ━━━━╸─────── 12/29 7.6it/s 1.7s<2.2s
[K      38/50      11.7G      1.273     0.7386    0.01126        264        640: 44% ━━━━━─────── 13/29 7.5it/s 1.8s<2.1s
[K      38/50      11.7G      1.271     0.7348    0.01123        301        640: 48% ━━━━━╸────── 14/29 7.7it/s 2.0s<2.0s
[K      38/50      11.7G      1.273     0.7362    0.01131        261        640: 51% ━━━━━━────── 15/29 7.3it/s 2.1s<1.9s
[K      38/50      11.7G      1.277     0.7399    0.01128        285        640: 55% ━━━━━━╸───── 16/29 7.5it/s 2.2s<1.7s
[K      38/50      11.7G      1.275     0.7423    0.01134        274        640: 58% ━━━━━━━───── 17/29 7.4it/s 2.4s<1.6s
[K      38/50      11.7G      1.273     0.7413    0.01134        231        640: 62% ━━━━━━━───── 18/29 7.3it/s 2.5s<1.5s
[K      38/50      11.7G      1.269     0.7422    0.01131        284        640: 65% ━━━━━━━╸──── 19/29 7.4it/s 2.7s<1.4s
[K      38/50      11.7G      1.267     0.7412    0.01124        271        640: 68% ━━━━━━━━──── 20/29 7.5it/s 2.8s<1.2s
[K      38/50      11.7G      1.266     0.7409    0.01117        256        640: 72% ━━━━━━━━╸─── 21/29 7.6it/s 2.9s<1.0s
[K      38/50      11.7G      1.269       0.74    0.01116        292        640: 75% ━━━━━━━━━─── 22/29 7.8it/s 3.0s<0.9s
[K      38/50      11.7G       1.27     0.7406    0.01112        295        640: 79% ━━━━━━━━━╸── 23/29 7.6it/s 3.2s<0.8s
[K      38/50      11.7G      1.269      0.738     0.0111        275        640: 82% ━━━━━━━━━╸── 24/29 7.7it/s 3.3s<0.6s
[K      38/50      11.7G       1.27     0.7373    0.01108        262        640: 86% ━━━━━━━━━━── 25/29 7.7it/s 3.4s<0.5s
[K      38/50      11.7G      1.269     0.7383    0.01102        319        640: 89% ━━━━━━━━━━╸─ 26/29 7.6it/s 3.6s<0.4s
[K      38/50      11.7G      1.272     0.7385    0.01103        301        640: 93% ━━━━━━━━━━━─ 27/29 7.5it/s 3.7s<0.3s
[K      38/50      11.7G      1.273     0.7369    0.01101        197        640: 100% ━━━━━━━━━━━━ 29/29 7.6it/s 3.8s
[K                 Class     Images  Instances      Box(P          R      mAP50  mAP50-95): 50% ━━━━━━────── 1/2 2.1it/s 0.1s<0.5s
[K                 Class     Images  Instances      Box(P          R      mAP50  mAP50-95): 100% ━━━━━━━━━━━━ 2/2 8.1it/s 0.2s
                   all        202        531      0.886      0.814      0.905      0.545
      Epoch    GPU_mem   box_loss   cls_loss    l1_loss  Instances       Size
[K      39/50      11.7G      1.184     0.6227    0.01132        270        640: 0% ──────────── 0/29  0.1s
[K      39/50      11.7G      1.188     0.6406    0.01097        244        640: 3% ──────────── 1/29 2.4it/s 0.3s<11.8s
[K      39/50      11.7G      1.202     0.6709    0.01108        264        640: 6% ╸─────────── 2/29 4.0it/s 0.4s<6.7s
[K      39/50      11.7G      1.209     0.6803     0.0111        270        640: 10% ━─────────── 3/29 5.2it/s 0.5s<5.0s
[K      39/50      11.7G      1.209      0.692    0.01112        249        640: 13% ━╸────────── 4/29 6.0it/s 0.6s<4.2s
[K      39/50      11.7G      1.214     0.7011    0.01101        275        640: 17% ━━────────── 5/29 6.5it/s 0.8s<3.7s
[K      39/50      11.7G      1.217     0.7023    0.01108        244        640: 20% ━━────────── 6/29 6.9it/s 0.9s<3.4s
[K      39/50      11.7G      1.216      0.697    0.01091        278        640: 24% ━━╸───────── 7/29 7.1it/s 1.0s<3.1s
[K      39/50      11.7G      1.217     0.6976    0.01081        309        640: 27% ━━━───────── 8/29 7.3it/s 1.2s<2.9s
[K      39/50      11.7G      1.222     0.7045    0.01066        329        640: 31% ━━━╸──────── 9/29 7.5it/s 1.3s<2.7s
[K      39/50      11.7G      1.226     0.7133    0.01061        264        640: 34% ━━━━──────── 10/29 7.6it/s 1.4s<2.5s
[K      39/50      11.7G      1.229     0.7191    0.01064        283        640: 37% ━━━━╸─────── 11/29 7.7it/s 1.5s<2.3s
[K      39/50      11.7G      1.236     0.7173    0.01066        301        640: 41% ━━━━╸─────── 12/29 7.8it/s 1.7s<2.2s
[K      39/50      11.7G      1.239     0.7156    0.01078        272        640: 44% ━━━━━─────── 13/29 7.8it/s 1.8s<2.1s
[K      39/50      11.7G      1.239     0.7164    0.01081        277        640: 48% ━━━━━╸────── 14/29 7.6it/s 1.9s<2.0s
[K      39/50      11.7G      1.238     0.7157    0.01076        308        640: 51% ━━━━━━────── 15/29 7.7it/s 2.1s<1.8s
[K      39/50      11.7G      1.235     0.7156    0.01073        265        640: 55% ━━━━━━╸───── 16/29 7.8it/s 2.2s<1.7s
[K      39/50      11.7G      1.235     0.7211    0.01072        284        640: 58% ━━━━━━━───── 17/29 7.6it/s 2.3s<1.6s
[K      39/50      11.7G       1.23     0.7193    0.01072        224        640: 62% ━━━━━━━───── 18/29 7.7it/s 2.4s<1.4s
[K      39/50      11.7G      1.228     0.7192    0.01072        255        640: 65% ━━━━━━━╸──── 19/29 7.8it/s 2.6s<1.3s
[K      39/50      11.7G      1.228      0.719    0.01077        264        640: 68% ━━━━━━━━──── 20/29 7.8it/s 2.7s<1.2s
[K      39/50      11.7G      1.228     0.7191    0.01079        259        640: 72% ━━━━━━━━╸─── 21/29 7.8it/s 2.8s<1.0s
[K      39/50      11.7G       1.23     0.7194    0.01075        279        640: 75% ━━━━━━━━━─── 22/29 7.8it/s 2.9s<0.9s
[K      39/50      11.7G      1.231     0.7194    0.01074        290        640: 79% ━━━━━━━━━╸── 23/29 7.8it/s 3.1s<0.8s
[K      39/50      11.7G      1.235     0.7206    0.01079        241        640: 82% ━━━━━━━━━╸── 24/29 7.7it/s 3.2s<0.6s
[K      39/50      11.7G      1.236     0.7192    0.01086        260        640: 86% ━━━━━━━━━━── 25/29 7.5it/s 3.4s<0.5s
[K      39/50      11.7G      1.237     0.7217    0.01083        282        640: 89% ━━━━━━━━━━╸─ 26/29 7.3it/s 3.5s<0.4s
[K      39/50      11.7G      1.237     0.7234    0.01082        285        640: 93% ━━━━━━━━━━━─ 27/29 7.4it/s 3.6s<0.3s
[K      39/50      11.7G      1.235     0.7232    0.01086        177        640: 96% ━━━━━━━━━━━╸ 28/29 8.1it/s 3.7s<0.1s
[K      39/50      11.7G      1.235     0.7232    0.01086        177        640: 100% ━━━━━━━━━━━━ 29/29 7.8it/s 3.7s
[K                 Class     Images  Instances      Box(P          R      mAP50  mAP50-95): 50% ━━━━━━────── 1/2 2.1it/s 0.1s<0.5s
[K                 Class     Images  Instances      Box(P          R      mAP50  mAP50-95): 100% ━━━━━━━━━━━━ 2/2 8.3it/s 0.2s
                   all        202        531      0.875      0.825      0.906      0.539
      Epoch    GPU_mem   box_loss   cls_loss    l1_loss  Instances       Size
[K      40/50      11.7G       1.22     0.6744   0.009777        298        640: 0% ──────────── 0/29  0.1s
[K      40/50      11.7G      1.246     0.6855    0.01052        316        640: 3% ──────────── 1/29 2.3it/s 0.3s<12.1s
[K      40/50      11.7G      1.261     0.6851    0.01075        312        640: 6% ╸─────────── 2/29 3.9it/s 0.4s<6.9s
[K      40/50      11.7G      1.257     0.6774    0.01121        256        640: 10% ━─────────── 3/29 5.1it/s 0.5s<5.1s
[K      40/50      11.7G      1.255     0.6849    0.01098        276        640: 13% ━╸────────── 4/29 5.8it/s 0.7s<4.3s
[K      40/50      11.7G      1.253     0.6869    0.01094        314        640: 17% ━━────────── 5/29 6.2it/s 0.8s<3.9s
[K      40/50      11.7G      1.254     0.6949    0.01075        312        640: 20% ━━────────── 6/29 6.6it/s 0.9s<3.5s
[K      40/50      11.7G      1.254     0.7014    0.01087        253        640: 24% ━━╸───────── 7/29 6.9it/s 1.1s<3.2s
[K      40/50      11.7G      1.256     0.7093    0.01089        249        640: 27% ━━━───────── 8/29 7.1it/s 1.2s<2.9s
[K      40/50      11.7G      1.259     0.7167    0.01087        269        640: 31% ━━━╸──────── 9/29 7.3it/s 1.3s<2.7s
[K      40/50      11.7G      1.263     0.7214    0.01089        315        640: 34% ━━━━──────── 10/29 7.4it/s 1.5s<2.6s
[K      40/50      11.7G      1.262     0.7247    0.01092        276        640: 37% ━━━━╸─────── 11/29 7.5it/s 1.6s<2.4s
[K      40/50      11.7G      1.259     0.7189    0.01098        248        640: 41% ━━━━╸─────── 12/29 7.4it/s 1.7s<2.3s
[K      40/50      11.7G      1.258     0.7171    0.01098        272        640: 44% ━━━━━─────── 13/29 7.3it/s 1.9s<2.2s
[K      40/50      11.7G      1.253     0.7115    0.01092        266        640: 48% ━━━━━╸────── 14/29 7.3it/s 2.0s<2.1s
[K      40/50      11.7G      1.251     0.7105    0.01088        278        640: 51% ━━━━━━────── 15/29 7.4it/s 2.1s<1.9s
[K      40/50      11.7G      1.252     0.7096    0.01092        272        640: 55% ━━━━━━╸───── 16/29 7.5it/s 2.3s<1.7s
[K      40/50      11.7G      1.253     0.7071    0.01088        293        640: 58% ━━━━━━━───── 17/29 7.5it/s 2.4s<1.6s
[K      40/50      11.7G      1.249     0.7073    0.01091        253        640: 62% ━━━━━━━───── 18/29 7.5it/s 2.5s<1.5s
[K      40/50      11.7G       1.25     0.7112    0.01098        262        640: 65% ━━━━━━━╸──── 19/29 7.5it/s 2.7s<1.3s
[K      40/50      11.7G      1.248      0.708    0.01097        327        640: 68% ━━━━━━━━──── 20/29 7.4it/s 2.8s<1.2s
[K      40/50      11.7G      1.247     0.7116    0.01098        281        640: 72% ━━━━━━━━╸─── 21/29 7.3it/s 2.9s<1.1s
[K      40/50      11.7G      1.245     0.7096    0.01093        282        640: 75% ━━━━━━━━━─── 22/29 7.2it/s 3.1s<1.0s
[K      40/50      11.7G      1.245     0.7134    0.01092        280        640: 79% ━━━━━━━━━╸── 23/29 7.4it/s 3.2s<0.8s
[K      40/50      11.7G      1.246     0.7157     0.0109        287        640: 82% ━━━━━━━━━╸── 24/29 7.5it/s 3.3s<0.7s
[K      40/50      11.7G      1.247     0.7178    0.01094        243        640: 86% ━━━━━━━━━━── 25/29 7.4it/s 3.5s<0.5s
[K      40/50      11.7G      1.248     0.7182    0.01094        286        640: 89% ━━━━━━━━━━╸─ 26/29 7.3it/s 3.6s<0.4s
[K      40/50      11.7G      1.248     0.7193     0.0109        323        640: 93% ━━━━━━━━━━━─ 27/29 7.4it/s 3.8s<0.3s
[K      40/50      11.7G      1.249     0.7191    0.01091        212        640: 96% ━━━━━━━━━━━╸ 28/29 7.9it/s 3.9s<0.1s
[K      40/50      11.7G      1.249     0.7191    0.01091        212        640: 100% ━━━━━━━━━━━━ 29/29 7.5it/s 3.9s
[K                 Class     Images  Instances      Box(P          R      mAP50  mAP50-95): 50% ━━━━━━────── 1/2 2.1it/s 0.1s<0.5s
[K                 Class     Images  Instances      Box(P          R      mAP50  mAP50-95): 100% ━━━━━━━━━━━━ 2/2 8.4it/s 0.2s
                   all        202        531      0.861      0.846      0.904       0.55
Closing dataloader mosaic
      Epoch    GPU_mem   box_loss   cls_loss    l1_loss  Instances       Size
[K      41/50      11.7G      1.286     0.6598    0.01381        166        640: 0% ──────────── 0/29  0.7s
[K      41/50      11.7G      1.254      0.595    0.01408        181        640: 3% ──────────── 1/29 1.9it/s 0.9s<14.6s
[K      41/50      11.7G      1.269     0.6425    0.01378        190        640: 6% ╸─────────── 2/29 2.7it/s 1.1s<9.9s
[K      41/50      11.7G      1.238     0.6123    0.01369        167        640: 10% ━─────────── 3/29 3.6it/s 1.3s<7.2s
[K      41/50      11.7G      1.242     0.6168    0.01341        163        640: 13% ━╸────────── 4/29 4.2it/s 1.5s<5.9s
[K      41/50      11.7G      1.232     0.6087    0.01351        132        640: 17% ━━────────── 5/29 4.9it/s 1.6s<4.9s
[K      41/50      11.7G      1.237     0.6156     0.0134        187        640: 20% ━━────────── 6/29 5.6it/s 1.8s<4.1s
[K      41/50      11.7G      1.231     0.6109    0.01341        160        640: 24% ━━╸───────── 7/29 6.2it/s 1.9s<3.5s
[K      41/50      11.7G      1.247     0.6074    0.01337        165        640: 27% ━━━───────── 8/29 6.7it/s 2.0s<3.1s
[K      41/50      11.7G      1.236     0.5908    0.01322        162        640: 31% ━━━╸──────── 9/29 6.7it/s 2.2s<3.0s
[K      41/50      11.7G      1.236     0.5921    0.01299        163        640: 34% ━━━━──────── 10/29 6.9it/s 2.3s<2.8s
[K      41/50      11.7G       1.23     0.5901    0.01285        165        640: 37% ━━━━╸─────── 11/29 6.9it/s 2.4s<2.6s
[K      41/50      11.7G       1.22     0.5799     0.0128        156        640: 41% ━━━━╸─────── 12/29 7.2it/s 2.6s<2.4s
[K      41/50      11.7G      1.226     0.5756    0.01295        148        640: 44% ━━━━━─────── 13/29 7.3it/s 2.7s<2.2s
[K      41/50      11.7G      1.228     0.5766    0.01299        152        640: 48% ━━━━━╸────── 14/29 7.4it/s 2.8s<2.0s
[K      41/50      11.7G       1.22     0.5751    0.01287        150        640: 51% ━━━━━━────── 15/29 7.5it/s 3.0s<1.9s
[K      41/50      11.7G      1.212     0.5743    0.01276        154        640: 55% ━━━━━━╸───── 16/29 7.6it/s 3.1s<1.7s
[K      41/50      11.7G      1.212     0.5711    0.01287        180        640: 58% ━━━━━━━───── 17/29 7.5it/s 3.2s<1.6s
[K      41/50      11.7G      1.214     0.5704     0.0128        175        640: 62% ━━━━━━━───── 18/29 7.4it/s 3.4s<1.5s
[K      41/50      11.7G      1.212     0.5664    0.01278        153        640: 65% ━━━━━━━╸──── 19/29 7.4it/s 3.5s<1.4s
[K      41/50      11.7G       1.22     0.5675    0.01283        167        640: 68% ━━━━━━━━──── 20/29 7.5it/s 3.6s<1.2s
[K      41/50      11.7G      1.224     0.5707    0.01287        161        640: 72% ━━━━━━━━╸─── 21/29 7.6it/s 3.8s<1.1s
[K      41/50      11.7G      1.223     0.5689    0.01289        157        640: 75% ━━━━━━━━━─── 22/29 7.6it/s 3.9s<0.9s
[K      41/50      11.7G      1.219     0.5662    0.01285        163        640: 79% ━━━━━━━━━╸── 23/29 7.6it/s 4.0s<0.8s
[K      41/50      11.7G      1.218     0.5638    0.01283        166        640: 82% ━━━━━━━━━╸── 24/29 7.7it/s 4.2s<0.7s
[K      41/50      11.7G      1.215     0.5651    0.01282        158        640: 86% ━━━━━━━━━━── 25/29 7.6it/s 4.3s<0.5s
[K      41/50      11.7G      1.209     0.5601    0.01275        166        640: 89% ━━━━━━━━━━╸─ 26/29 7.5it/s 4.4s<0.4s
[K      41/50      11.7G      1.208     0.5587    0.01276        156        640: 93% ━━━━━━━━━━━─ 27/29 7.4it/s 4.6s<0.3s
[K      41/50      11.7G      1.208     0.5571    0.01283        117        640: 100% ━━━━━━━━━━━━ 29/29 6.2it/s 4.7s
[K                 Class     Images  Instances      Box(P          R      mAP50  mAP50-95): 50% ━━━━━━────── 1/2 1.9it/s 0.2s<0.5s
[K                 Class     Images  Instances      Box(P          R      mAP50  mAP50-95): 100% ━━━━━━━━━━━━ 2/2 7.8it/s 0.3s
                   all        202        531      0.863      0.823      0.902      0.543
      Epoch    GPU_mem   box_loss   cls_loss    l1_loss  Instances       Size
[K      42/50      11.7G      1.188     0.5278    0.01262        162        640: 0% ──────────── 0/29  0.1s
[K      42/50      11.7G      1.199     0.5399    0.01368        156        640: 3% ──────────── 1/29 2.3it/s 0.3s<12.2s
[K      42/50      11.7G      1.196     0.5177    0.01356        155        640: 6% ╸─────────── 2/29 3.9it/s 0.4s<6.9s
[K      42/50      11.7G      1.183     0.5151    0.01356        164        640: 10% ━─────────── 3/29 5.1it/s 0.5s<5.1s
[K      42/50      11.7G      1.189     0.5235    0.01342        178        640: 13% ━╸────────── 4/29 5.7it/s 0.7s<4.4s
[K      42/50      11.7G      1.188     0.5239    0.01329        174        640: 17% ━━────────── 5/29 6.2it/s 0.8s<3.9s
[K      42/50      11.7G      1.191     0.5244    0.01331        157        640: 20% ━━────────── 6/29 6.3it/s 0.9s<3.6s
[K      42/50      11.7G      1.209     0.5422    0.01312        190        640: 24% ━━╸───────── 7/29 6.7it/s 1.1s<3.3s
[K      42/50      11.7G      1.215      0.558    0.01303        168        640: 27% ━━━───────── 8/29 7.0it/s 1.2s<3.0s
[K      42/50      11.7G      1.211     0.5522    0.01291        173        640: 31% ━━━╸──────── 9/29 7.0it/s 1.4s<2.8s
[K      42/50      11.7G      1.205     0.5475    0.01279        152        640: 34% ━━━━──────── 10/29 7.1it/s 1.5s<2.7s
[K      42/50      11.7G      1.203     0.5451    0.01274        163        640: 37% ━━━━╸─────── 11/29 7.1it/s 1.6s<2.5s
[K      42/50      11.7G      1.199      0.545    0.01276        153        640: 41% ━━━━╸─────── 12/29 7.3it/s 1.8s<2.3s
[K      42/50      11.7G      1.201     0.5456    0.01264        195        640: 44% ━━━━━─────── 13/29 7.5it/s 1.9s<2.1s
[K      42/50      11.7G      1.199     0.5453    0.01261        161        640: 48% ━━━━━╸────── 14/29 7.6it/s 2.0s<2.0s
[K      42/50      11.7G      1.196     0.5418    0.01255        186        640: 51% ━━━━━━────── 15/29 7.4it/s 2.2s<1.9s
[K      42/50      11.7G      1.188     0.5377    0.01253        149        640: 55% ━━━━━━╸───── 16/29 7.5it/s 2.3s<1.7s
[K      42/50      11.7G       1.18     0.5325    0.01248        150        640: 58% ━━━━━━━───── 17/29 7.3it/s 2.4s<1.6s
[K      42/50      11.7G       1.18     0.5284    0.01246        153        640: 62% ━━━━━━━───── 18/29 7.5it/s 2.6s<1.5s
[K      42/50      11.7G      1.175     0.5259    0.01245        144        640: 65% ━━━━━━━╸──── 19/29 7.4it/s 2.7s<1.3s
[K      42/50      11.7G      1.172     0.5263    0.01248        145        640: 68% ━━━━━━━━──── 20/29 7.4it/s 2.8s<1.2s
[K      42/50      11.7G      1.169     0.5222    0.01257        165        640: 72% ━━━━━━━━╸─── 21/29 7.5it/s 3.0s<1.1s
[K      42/50      11.7G      1.172     0.5218     0.0126        173        640: 75% ━━━━━━━━━─── 22/29 7.3it/s 3.1s<1.0s
[K      42/50      11.7G      1.168     0.5233     0.0125        187        640: 79% ━━━━━━━━━╸── 23/29 7.4it/s 3.2s<0.8s
[K      42/50      11.7G      1.166     0.5215    0.01245        158        640: 82% ━━━━━━━━━╸── 24/29 7.3it/s 3.4s<0.7s
[K      42/50      11.7G      1.166     0.5255    0.01242        162        640: 86% ━━━━━━━━━━── 25/29 7.1it/s 3.5s<0.6s
[K      42/50      11.7G      1.163     0.5227    0.01238        158        640: 89% ━━━━━━━━━━╸─ 26/29 7.3it/s 3.7s<0.4s
[K      42/50      11.7G      1.161     0.5206    0.01236        146        640: 93% ━━━━━━━━━━━─ 27/29 7.3it/s 3.8s<0.3s
[K      42/50      11.7G      1.159     0.5205    0.01232        119        640: 100% ━━━━━━━━━━━━ 29/29 7.5it/s 3.9s
[K                 Class     Images  Instances      Box(P          R      mAP50  mAP50-95): 50% ━━━━━━────── 1/2 1.9it/s 0.2s<0.5s
[K                 Class     Images  Instances      Box(P          R      mAP50  mAP50-95): 100% ━━━━━━━━━━━━ 2/2 7.7it/s 0.3s
                   all        202        531      0.871      0.852      0.916      0.553
      Epoch    GPU_mem   box_loss   cls_loss    l1_loss  Instances       Size
[K      43/50      11.7G      1.095     0.4485    0.01149        154        640: 0% ──────────── 0/29  0.1s
[K      43/50      11.7G      1.119     0.4481    0.01201        175        640: 3% ──────────── 1/29 2.3it/s 0.3s<12.4s
[K      43/50      11.7G       1.14      0.466    0.01137        177        640: 6% ╸─────────── 2/29 3.9it/s 0.4s<7.0s
[K      43/50      11.7G      1.155     0.4763     0.0117        161        640: 10% ━─────────── 3/29 3.5it/s 0.8s<7.5s
[K      43/50      11.7G      1.135     0.4752    0.01136        163        640: 13% ━╸────────── 4/29 4.6it/s 0.9s<5.5s
[K      43/50      11.7G      1.136      0.476    0.01121        183        640: 17% ━━────────── 5/29 5.6it/s 1.0s<4.3s
[K      43/50      11.7G      1.139     0.4884    0.01148        145        640: 20% ━━────────── 6/29 6.3it/s 1.2s<3.6s
[K      43/50      11.7G      1.134     0.4874     0.0114        169        640: 24% ━━╸───────── 7/29 6.6it/s 1.3s<3.3s
[K      43/50      11.7G      1.125     0.4849    0.01141        146        640: 27% ━━━───────── 8/29 7.0it/s 1.4s<3.0s
[K      43/50      11.7G      1.126     0.4909    0.01143        192        640: 31% ━━━╸──────── 9/29 6.8it/s 1.6s<2.9s
[K      43/50      11.7G      1.129     0.4938    0.01134        167        640: 34% ━━━━──────── 10/29 7.1it/s 1.7s<2.7s
[K      43/50      11.7G      1.126     0.4974    0.01137        163        640: 37% ━━━━╸─────── 11/29 7.0it/s 1.9s<2.6s
[K      43/50      11.7G      1.117     0.4992    0.01123        180        640: 41% ━━━━╸─────── 12/29 7.0it/s 2.0s<2.4s
[K      43/50      11.7G      1.117     0.4964     0.0113        160        640: 44% ━━━━━─────── 13/29 7.2it/s 2.1s<2.2s
[K      43/50      11.7G      1.115     0.4971    0.01133        154        640: 48% ━━━━━╸────── 14/29 7.2it/s 2.3s<2.1s
[K      43/50      11.7G      1.122     0.4987    0.01136        155        640: 51% ━━━━━━────── 15/29 7.3it/s 2.4s<1.9s
[K      43/50      11.7G      1.127     0.4976    0.01143        163        640: 55% ━━━━━━╸───── 16/29 7.1it/s 2.6s<1.8s
[K      43/50      11.7G      1.127     0.5014     0.0115        152        640: 58% ━━━━━━━───── 17/29 7.1it/s 2.7s<1.7s
[K      43/50      11.7G      1.128     0.5002    0.01154        148        640: 62% ━━━━━━━───── 18/29 7.3it/s 2.8s<1.5s
[K      43/50      11.7G      1.127     0.5021    0.01158        159        640: 65% ━━━━━━━╸──── 19/29 7.4it/s 3.0s<1.4s
[K      43/50      11.7G      1.131     0.5015    0.01166        172        640: 68% ━━━━━━━━──── 20/29 7.5it/s 3.1s<1.2s
[K      43/50      11.7G      1.132     0.4999    0.01169        154        640: 72% ━━━━━━━━╸─── 21/29 7.4it/s 3.2s<1.1s
[K      43/50      11.7G      1.131     0.4973    0.01173        165        640: 75% ━━━━━━━━━─── 22/29 7.4it/s 3.4s<0.9s
[K      43/50      11.7G      1.137     0.5028    0.01174        164        640: 79% ━━━━━━━━━╸── 23/29 7.3it/s 3.5s<0.8s
[K      43/50      11.7G      1.139     0.5037     0.0117        166        640: 82% ━━━━━━━━━╸── 24/29 7.1it/s 3.7s<0.7s
[K      43/50      11.7G      1.136     0.5013    0.01169        155        640: 86% ━━━━━━━━━━── 25/29 7.3it/s 3.8s<0.5s
[K      43/50      11.7G      1.134     0.5016    0.01169        168        640: 89% ━━━━━━━━━━╸─ 26/29 7.2it/s 3.9s<0.4s
[K      43/50      11.7G      1.133     0.5032    0.01174        148        640: 93% ━━━━━━━━━━━─ 27/29 7.4it/s 4.1s<0.3s
[K      43/50      11.7G      1.136     0.5035    0.01176        129        640: 96% ━━━━━━━━━━━╸ 28/29 8.1it/s 4.2s<0.1s
[K      43/50      11.7G      1.136     0.5035    0.01176        129        640: 100% ━━━━━━━━━━━━ 29/29 7.0it/s 4.2s
[K                 Class     Images  Instances      Box(P          R      mAP50  mAP50-95): 50% ━━━━━━────── 1/2 1.9it/s 0.2s<0.5s
[K                 Class     Images  Instances      Box(P          R      mAP50  mAP50-95): 100% ━━━━━━━━━━━━ 2/2 7.8it/s 0.3s
                   all        202        531      0.851      0.868      0.918       0.56
      Epoch    GPU_mem   box_loss   cls_loss    l1_loss  Instances       Size
[K      44/50      11.7G      1.142     0.4933    0.01379        162        640: 0% ──────────── 0/29  0.1s
[K      44/50      11.7G      1.142     0.5306    0.01331        176        640: 3% ──────────── 1/29 2.4it/s 0.3s<11.9s
[K      44/50      11.7G       1.13     0.4868     0.0123        179        640: 6% ╸─────────── 2/29 4.0it/s 0.4s<6.7s
[K      44/50      11.7G      1.107     0.4815    0.01202        143        640: 10% ━─────────── 3/29 5.2it/s 0.5s<5.0s
[K      44/50      11.7G      1.113     0.4845    0.01192        155        640: 13% ━╸────────── 4/29 5.9it/s 0.6s<4.2s
[K      44/50      11.7G      1.093     0.4767    0.01156        151        640: 17% ━━────────── 5/29 6.4it/s 0.8s<3.8s
[K      44/50      11.7G        1.1     0.4861    0.01132        175        640: 20% ━━────────── 6/29 6.5it/s 0.9s<3.5s
[K      44/50      11.7G      1.091      0.486    0.01142        147        640: 24% ━━╸───────── 7/29 6.8it/s 1.1s<3.2s
[K      44/50      11.7G      1.091     0.4868    0.01145        157        640: 27% ━━━───────── 8/29 7.0it/s 1.2s<3.0s
[K      44/50      11.7G      1.105     0.4923    0.01144        180        640: 31% ━━━╸──────── 9/29 7.1it/s 1.3s<2.8s
[K      44/50      11.7G      1.108     0.4954    0.01144        149        640: 34% ━━━━──────── 10/29 7.3it/s 1.5s<2.6s
[K      44/50      11.7G      1.116     0.4969    0.01146        198        640: 37% ━━━━╸─────── 11/29 7.2it/s 1.6s<2.5s
[K      44/50      11.7G       1.11      0.492    0.01168        132        640: 41% ━━━━╸─────── 12/29 7.3it/s 1.7s<2.3s
[K      44/50      11.7G       1.11     0.4958    0.01158        159        640: 44% ━━━━━─────── 13/29 7.3it/s 1.9s<2.2s
[K      44/50      11.7G      1.113     0.4942    0.01161        165        640: 48% ━━━━━╸────── 14/29 7.3it/s 2.0s<2.1s
[K      44/50      11.7G      1.112     0.4917     0.0118        152        640: 51% ━━━━━━────── 15/29 7.4it/s 2.1s<1.9s
[K      44/50      11.7G      1.108     0.4887    0.01174        177        640: 55% ━━━━━━╸───── 16/29 7.4it/s 2.3s<1.8s
[K      44/50      11.7G      1.109     0.4848     0.0118        130        640: 58% ━━━━━━━───── 17/29 7.5it/s 2.4s<1.6s
[K      44/50      11.7G      1.111     0.4851    0.01173        176        640: 62% ━━━━━━━───── 18/29 7.6it/s 2.5s<1.4s
[K      44/50      11.7G      1.109      0.486    0.01169        176        640: 65% ━━━━━━━╸──── 19/29 7.7it/s 2.7s<1.3s
[K      44/50      11.7G      1.113     0.4902    0.01174        153        640: 68% ━━━━━━━━──── 20/29 7.6it/s 2.8s<1.2s
[K      44/50      11.7G      1.115     0.4933    0.01174        165        640: 72% ━━━━━━━━╸─── 21/29 7.4it/s 2.9s<1.1s
[K      44/50      11.7G      1.114     0.4937    0.01169        161        640: 75% ━━━━━━━━━─── 22/29 7.5it/s 3.1s<0.9s
[K      44/50      11.7G      1.113     0.4932    0.01161        177        640: 79% ━━━━━━━━━╸── 23/29 7.5it/s 3.2s<0.8s
[K      44/50      11.7G      1.113     0.4933    0.01158        182        640: 82% ━━━━━━━━━╸── 24/29 7.6it/s 3.3s<0.7s
[K      44/50      11.7G      1.112     0.4916    0.01157        158        640: 86% ━━━━━━━━━━── 25/29 7.5it/s 3.5s<0.5s
[K      44/50      11.7G      1.113     0.4904    0.01159        177        640: 89% ━━━━━━━━━━╸─ 26/29 7.5it/s 3.6s<0.4s
[K      44/50      11.7G      1.111     0.4874    0.01166        153        640: 93% ━━━━━━━━━━━─ 27/29 7.6it/s 3.7s<0.3s
[K      44/50      11.7G      1.112      0.491    0.01162        139        640: 96% ━━━━━━━━━━━╸ 28/29 8.2it/s 3.8s<0.1s
[K      44/50      11.7G      1.112      0.491    0.01162        139        640: 100% ━━━━━━━━━━━━ 29/29 7.6it/s 3.8s
[K                 Class     Images  Instances      Box(P          R      mAP50  mAP50-95): 50% ━━━━━━────── 1/2 1.9it/s 0.2s<0.5s
[K                 Class     Images  Instances      Box(P          R      mAP50  mAP50-95): 100% ━━━━━━━━━━━━ 2/2 7.7it/s 0.3s
                   all        202        531      0.879      0.853      0.917       0.56
      Epoch    GPU_mem   box_loss   cls_loss    l1_loss  Instances       Size
[K      45/50      11.7G      1.164     0.5173    0.01205        160        640: 0% ──────────── 0/29  0.1s
[K      45/50      11.7G      1.113     0.4672    0.01148        167        640: 3% ──────────── 1/29 2.3it/s 0.3s<12.0s
[K      45/50      11.7G      1.101     0.4628    0.01137        175        640: 6% ╸─────────── 2/29 4.0it/s 0.4s<6.8s
[K      45/50      11.7G       1.13     0.4843    0.01125        162        640: 10% ━─────────── 3/29 5.1it/s 0.5s<5.1s
[K      45/50      11.7G      1.138     0.5024    0.01136        159        640: 13% ━╸────────── 4/29 5.8it/s 0.7s<4.3s
[K      45/50      11.7G      1.119      0.482    0.01132        152        640: 17% ━━────────── 5/29 6.5it/s 0.8s<3.7s
[K      45/50      11.7G      1.123     0.4938    0.01135        179        640: 20% ━━────────── 6/29 6.8it/s 0.9s<3.4s
[K      45/50      11.7G      1.135     0.5029    0.01129        191        640: 24% ━━╸───────── 7/29 7.1it/s 1.0s<3.1s
[K      45/50      11.7G      1.145        0.5     0.0113        146        640: 27% ━━━───────── 8/29 7.2it/s 1.2s<2.9s
[K      45/50      11.7G      1.138      0.503    0.01113        153        640: 31% ━━━╸──────── 9/29 7.3it/s 1.3s<2.7s
[K      45/50      11.7G      1.136     0.5013    0.01111        164        640: 34% ━━━━──────── 10/29 7.5it/s 1.4s<2.5s
[K      45/50      11.7G      1.135     0.4983    0.01136        161        640: 37% ━━━━╸─────── 11/29 7.6it/s 1.6s<2.4s
[K      45/50      11.7G      1.134     0.4954    0.01135        182        640: 41% ━━━━╸─────── 12/29 7.6it/s 1.7s<2.2s
[K      45/50      11.7G      1.137     0.4987    0.01127        163        640: 44% ━━━━━─────── 13/29 7.5it/s 1.8s<2.1s
[K      45/50      11.7G      1.136     0.5018    0.01134        160        640: 48% ━━━━━╸────── 14/29 7.4it/s 2.0s<2.0s
[K      45/50      11.7G      1.135        0.5    0.01138        187        640: 51% ━━━━━━────── 15/29 7.3it/s 2.1s<1.9s
[K      45/50      11.7G      1.134     0.4972    0.01135        160        640: 55% ━━━━━━╸───── 16/29 7.4it/s 2.2s<1.8s
[K      45/50      11.7G      1.136     0.5005     0.0114        176        640: 58% ━━━━━━━───── 17/29 7.3it/s 2.4s<1.6s
[K      45/50      11.7G      1.133     0.4993    0.01138        171        640: 62% ━━━━━━━───── 18/29 7.3it/s 2.5s<1.5s
[K      45/50      11.7G      1.131      0.498    0.01135        146        640: 65% ━━━━━━━╸──── 19/29 7.4it/s 2.6s<1.3s
[K      45/50      11.7G       1.13     0.4989    0.01139        161        640: 68% ━━━━━━━━──── 20/29 7.4it/s 2.8s<1.2s
[K      45/50      11.7G      1.123     0.4948    0.01135        138        640: 72% ━━━━━━━━╸─── 21/29 7.4it/s 2.9s<1.1s
[K      45/50      11.7G      1.124     0.4937    0.01132        173        640: 75% ━━━━━━━━━─── 22/29 7.3it/s 3.1s<1.0s
[K      45/50      11.7G      1.122     0.4928    0.01133        161        640: 79% ━━━━━━━━━╸── 23/29 7.2it/s 3.2s<0.8s
[K      45/50      11.7G       1.12     0.4885    0.01139        174        640: 82% ━━━━━━━━━╸── 24/29 7.3it/s 3.3s<0.7s
[K      45/50      11.7G       1.12     0.4916    0.01135        146        640: 86% ━━━━━━━━━━── 25/29 7.4it/s 3.5s<0.5s
[K      45/50      11.7G      1.119     0.4899    0.01137        147        640: 89% ━━━━━━━━━━╸─ 26/29 7.5it/s 3.6s<0.4s
[K      45/50      11.7G      1.118     0.4904    0.01134        159        640: 93% ━━━━━━━━━━━─ 27/29 7.6it/s 3.7s<0.3s
[K      45/50      11.7G      1.117     0.4889    0.01134        111        640: 96% ━━━━━━━━━━━╸ 28/29 8.2it/s 3.8s<0.1s
[K      45/50      11.7G      1.117     0.4889    0.01134        111        640: 100% ━━━━━━━━━━━━ 29/29 7.6it/s 3.8s
[K                 Class     Images  Instances      Box(P          R      mAP50  mAP50-95): 50% ━━━━━━────── 1/2 1.8it/s 0.2s<0.5s
[K                 Class     Images  Instances      Box(P          R      mAP50  mAP50-95): 100% ━━━━━━━━━━━━ 2/2 7.4it/s 0.3s
                   all        202        531      0.873      0.864      0.915       0.56
      Epoch    GPU_mem   box_loss   cls_loss    l1_loss  Instances       Size
[K      46/50      11.7G       1.12     0.5283    0.01018        178        640: 0% ──────────── 0/29  0.1s
[K      46/50      11.7G      1.155     0.5417    0.01063        180        640: 3% ──────────── 1/29 2.3it/s 0.3s<12.1s
[K      46/50      11.7G      1.135      0.514    0.01123        138        640: 6% ╸─────────── 2/29 4.0it/s 0.4s<6.8s
[K      46/50      11.7G      1.141     0.5057    0.01086        184        640: 10% ━─────────── 3/29 5.1it/s 0.5s<5.1s
[K      46/50      11.7G      1.139     0.5001     0.0111        159        640: 13% ━╸────────── 4/29 5.9it/s 0.6s<4.2s
[K      46/50      11.7G      1.125     0.4916    0.01109        167        640: 17% ━━────────── 5/29 6.3it/s 0.8s<3.8s
[K      46/50      11.7G      1.112     0.4928    0.01105        136        640: 20% ━━────────── 6/29 6.5it/s 0.9s<3.5s
[K      46/50      11.7G      1.109     0.4881    0.01118        162        640: 24% ━━╸───────── 7/29 6.7it/s 1.1s<3.3s
[K      46/50      11.7G      1.107     0.4807    0.01127        149        640: 27% ━━━───────── 8/29 6.8it/s 1.2s<3.1s
[K      46/50      11.7G      1.106      0.487    0.01126        154        640: 31% ━━━╸──────── 9/29 6.9it/s 1.4s<2.9s
[K      46/50      11.7G      1.098     0.4811    0.01127        164        640: 34% ━━━━──────── 10/29 7.1it/s 1.5s<2.7s
[K      46/50      11.7G        1.1     0.4801    0.01127        154        640: 37% ━━━━╸─────── 11/29 7.1it/s 1.6s<2.5s
[K      46/50      11.7G      1.093     0.4791    0.01119        181        640: 41% ━━━━╸─────── 12/29 7.0it/s 1.8s<2.4s
[K      46/50      11.7G      1.096     0.4828    0.01119        174        640: 44% ━━━━━─────── 13/29 6.9it/s 1.9s<2.3s
[K      46/50      11.7G      1.103     0.4849    0.01113        172        640: 48% ━━━━━╸────── 14/29 7.1it/s 2.1s<2.1s
[K      46/50      11.7G      1.096     0.4843    0.01109        153        640: 51% ━━━━━━────── 15/29 7.3it/s 2.2s<1.9s
[K      46/50      11.7G      1.094     0.4874    0.01108        175        640: 55% ━━━━━━╸───── 16/29 7.0it/s 2.3s<1.8s
[K      46/50      11.7G      1.094     0.4882    0.01123        140        640: 58% ━━━━━━━───── 17/29 6.9it/s 2.5s<1.7s
[K      46/50      11.7G       1.09     0.4834    0.01128        132        640: 62% ━━━━━━━───── 18/29 6.4it/s 2.7s<1.7s
[K      46/50      11.7G      1.089      0.482     0.0112        178        640: 65% ━━━━━━━╸──── 19/29 5.9it/s 2.9s<1.7s
[K      46/50      11.7G      1.093      0.484    0.01115        194        640: 68% ━━━━━━━━──── 20/29 6.2it/s 3.0s<1.4s
[K      46/50      11.7G      1.094     0.4813    0.01114        162        640: 72% ━━━━━━━━╸─── 21/29 6.6it/s 3.2s<1.2s
[K      46/50      11.7G      1.089     0.4773     0.0111        169        640: 75% ━━━━━━━━━─── 22/29 6.8it/s 3.3s<1.0s
[K      46/50      11.7G      1.094     0.4817    0.01112        172        640: 79% ━━━━━━━━━╸── 23/29 6.8it/s 3.5s<0.9s
[K      46/50      11.7G      1.096     0.4844    0.01107        164        640: 82% ━━━━━━━━━╸── 24/29 6.9it/s 3.6s<0.7s
[K      46/50      11.7G      1.096      0.486    0.01114        162        640: 86% ━━━━━━━━━━── 25/29 6.8it/s 3.7s<0.6s
[K      46/50      11.7G      1.094     0.4859    0.01112        155        640: 89% ━━━━━━━━━━╸─ 26/29 6.9it/s 3.9s<0.4s
[K      46/50      11.7G      1.091     0.4842    0.01114        160        640: 93% ━━━━━━━━━━━─ 27/29 6.9it/s 4.0s<0.3s
[K      46/50      11.7G       1.09     0.4839    0.01119        118        640: 96% ━━━━━━━━━━━╸ 28/29 7.7it/s 4.1s<0.1s
[K      46/50      11.7G       1.09     0.4839    0.01119        118        640: 100% ━━━━━━━━━━━━ 29/29 7.0it/s 4.1s
[K                 Class     Images  Instances      Box(P          R      mAP50  mAP50-95): 50% ━━━━━━────── 1/2 1.9it/s 0.2s<0.5s
[K                 Class     Images  Instances      Box(P          R      mAP50  mAP50-95): 100% ━━━━━━━━━━━━ 2/2 7.7it/s 0.3s
                   all        202        531      0.885      0.849      0.918      0.567
      Epoch    GPU_mem   box_loss   cls_loss    l1_loss  Instances       Size
[K      47/50      11.7G      1.074     0.3856    0.01251        157        640: 0% ──────────── 0/29  0.1s
[K      47/50      11.7G      1.107      0.459    0.01212        158        640: 3% ──────────── 1/29 1.8it/s 0.3s<15.7s
[K      47/50      11.7G      1.077     0.4314    0.01169        144        640: 6% ╸─────────── 2/29 2.7it/s 0.5s<9.9s
[K      47/50      11.7G      1.089     0.4439    0.01143        172        640: 10% ━─────────── 3/29 3.1it/s 0.8s<8.5s
[K      47/50      11.7G      1.101     0.4522    0.01181        161        640: 13% ━╸────────── 4/29 3.6it/s 1.0s<6.9s
[K      47/50      11.7G       1.11       0.46    0.01161        187        640: 17% ━━────────── 5/29 4.1it/s 1.2s<5.9s
[K      47/50      11.7G      1.104     0.4663    0.01149        207        640: 20% ━━────────── 6/29 4.4it/s 1.4s<5.2s
[K      47/50      11.7G      1.101     0.4692    0.01136        171        640: 24% ━━╸───────── 7/29 4.6it/s 1.5s<4.8s
[K      47/50      11.7G      1.091     0.4569    0.01127        161        640: 27% ━━━───────── 8/29 5.0it/s 1.7s<4.2s
[K      47/50      11.7G      1.095     0.4646    0.01124        152        640: 31% ━━━╸──────── 9/29 5.7it/s 1.9s<3.5s
[K      47/50      11.7G      1.096     0.4616    0.01126        145        640: 34% ━━━━──────── 10/29 6.0it/s 2.0s<3.2s
[K      47/50      11.7G      1.091     0.4634    0.01116        163        640: 37% ━━━━╸─────── 11/29 6.5it/s 2.1s<2.8s
[K      47/50      11.7G       1.09     0.4613    0.01121        152        640: 41% ━━━━╸─────── 12/29 6.7it/s 2.3s<2.5s
[K      47/50      11.7G      1.088     0.4657    0.01123        153        640: 44% ━━━━━─────── 13/29 6.8it/s 2.4s<2.4s
[K      47/50      11.7G       1.09     0.4678    0.01124        131        640: 48% ━━━━━╸────── 14/29 7.1it/s 2.5s<2.1s
[K      47/50      11.7G      1.089     0.4674    0.01116        174        640: 51% ━━━━━━────── 15/29 7.3it/s 2.7s<1.9s
[K      47/50      11.7G      1.088     0.4681    0.01108        162        640: 55% ━━━━━━╸───── 16/29 7.5it/s 2.8s<1.7s
[K      47/50      11.7G      1.083     0.4671    0.01106        145        640: 58% ━━━━━━━───── 17/29 7.6it/s 2.9s<1.6s
[K      47/50      11.7G      1.083     0.4705    0.01104        176        640: 62% ━━━━━━━───── 18/29 7.5it/s 3.1s<1.5s
[K      47/50      11.7G      1.081     0.4739    0.01106        144        640: 65% ━━━━━━━╸──── 19/29 7.6it/s 3.2s<1.3s
[K      47/50      11.7G      1.078     0.4741    0.01102        145        640: 68% ━━━━━━━━──── 20/29 7.6it/s 3.3s<1.2s
[K      47/50      11.7G      1.079     0.4726    0.01107        153        640: 72% ━━━━━━━━╸─── 21/29 7.7it/s 3.5s<1.0s
[K      47/50      11.7G       1.08     0.4733    0.01105        189        640: 75% ━━━━━━━━━─── 22/29 7.6it/s 3.6s<0.9s
[K      47/50      11.7G      1.079     0.4725     0.0111        143        640: 79% ━━━━━━━━━╸── 23/29 7.7it/s 3.7s<0.8s
[K      47/50      11.7G      1.079     0.4707    0.01109        182        640: 82% ━━━━━━━━━╸── 24/29 7.7it/s 3.8s<0.6s
[K      47/50      11.7G      1.076     0.4684     0.0111        168        640: 86% ━━━━━━━━━━── 25/29 7.7it/s 4.0s<0.5s
[K      47/50      11.7G      1.078     0.4699    0.01107        189        640: 89% ━━━━━━━━━━╸─ 26/29 7.8it/s 4.1s<0.4s
[K      47/50      11.7G       1.08     0.4707    0.01107        181        640: 93% ━━━━━━━━━━━─ 27/29 7.7it/s 4.2s<0.3s
[K      47/50      11.7G      1.087     0.4748    0.01108        116        640: 100% ━━━━━━━━━━━━ 29/29 6.7it/s 4.3s
[K                 Class     Images  Instances      Box(P          R      mAP50  mAP50-95): 50% ━━━━━━────── 1/2 2.0it/s 0.2s<0.5s
[K                 Class     Images  Instances      Box(P          R      mAP50  mAP50-95): 100% ━━━━━━━━━━━━ 2/2 7.9it/s 0.3s
                   all        202        531       0.89       0.85      0.923      0.564
      Epoch    GPU_mem   box_loss   cls_loss    l1_loss  Instances       Size
[K      48/50      11.7G       1.08     0.3861    0.01269        153        640: 0% ──────────── 0/29  0.1s
[K      48/50      11.7G      1.121     0.4415    0.01206        171        640: 3% ──────────── 1/29 2.3it/s 0.3s<12.0s
[K      48/50      11.7G      1.114     0.4424    0.01135        170        640: 6% ╸─────────── 2/29 4.0it/s 0.4s<6.7s
[K      48/50      11.7G      1.123     0.4487    0.01163        156        640: 10% ━─────────── 3/29 5.1it/s 0.5s<5.1s
[K      48/50      11.7G      1.126     0.4635    0.01115        167        640: 13% ━╸────────── 4/29 5.7it/s 0.7s<4.4s
[K      48/50      11.7G      1.124     0.4732    0.01109        176        640: 17% ━━────────── 5/29 6.0it/s 0.8s<4.0s
[K      48/50      11.7G      1.118     0.4758    0.01128        165        640: 20% ━━────────── 6/29 6.4it/s 0.9s<3.6s
[K      48/50      11.7G       1.12     0.4777    0.01119        192        640: 24% ━━╸───────── 7/29 6.7it/s 1.1s<3.3s
[K      48/50      11.7G       1.12     0.4815    0.01126        175        640: 27% ━━━───────── 8/29 6.8it/s 1.2s<3.1s
[K      48/50      11.7G       1.11     0.4762    0.01126        153        640: 31% ━━━╸──────── 9/29 7.0it/s 1.4s<2.9s
[K      48/50      11.7G      1.102     0.4692    0.01131        140        640: 34% ━━━━──────── 10/29 7.2it/s 1.5s<2.6s
[K      48/50      11.7G      1.098     0.4696    0.01156        145        640: 37% ━━━━╸─────── 11/29 7.4it/s 1.6s<2.4s
[K      48/50      11.7G      1.091     0.4648    0.01154        155        640: 41% ━━━━╸─────── 12/29 7.4it/s 1.8s<2.3s
[K      48/50      11.7G      1.096     0.4679     0.0115        191        640: 44% ━━━━━─────── 13/29 7.5it/s 1.9s<2.1s
[K      48/50      11.7G      1.093     0.4683    0.01154        180        640: 48% ━━━━━╸────── 14/29 7.4it/s 2.0s<2.0s
[K      48/50      11.7G      1.094     0.4655     0.0115        155        640: 51% ━━━━━━────── 15/29 7.5it/s 2.1s<1.9s
[K      48/50      11.7G      1.096     0.4668    0.01146        149        640: 55% ━━━━━━╸───── 16/29 7.6it/s 2.3s<1.7s
[K      48/50      11.7G      1.094     0.4635    0.01144        148        640: 58% ━━━━━━━───── 17/29 7.7it/s 2.4s<1.6s
[K      48/50      11.7G      1.092     0.4626    0.01142        150        640: 62% ━━━━━━━───── 18/29 7.7it/s 2.5s<1.4s
[K      48/50      11.7G      1.096     0.4665    0.01134        192        640: 65% ━━━━━━━╸──── 19/29 7.7it/s 2.7s<1.3s
[K      48/50      11.7G      1.097     0.4628    0.01137        164        640: 68% ━━━━━━━━──── 20/29 7.7it/s 2.8s<1.2s
[K      48/50      11.7G      1.094      0.463    0.01129        155        640: 72% ━━━━━━━━╸─── 21/29 7.6it/s 2.9s<1.1s
[K      48/50      11.7G       1.09     0.4626    0.01125        168        640: 75% ━━━━━━━━━─── 22/29 7.6it/s 3.1s<0.9s
[K      48/50      11.7G      1.093      0.463    0.01125        170        640: 79% ━━━━━━━━━╸── 23/29 7.7it/s 3.2s<0.8s
[K      48/50      11.7G      1.091     0.4647    0.01123        152        640: 82% ━━━━━━━━━╸── 24/29 7.7it/s 3.3s<0.7s
[K      48/50      11.7G      1.089     0.4644    0.01121        148        640: 86% ━━━━━━━━━━── 25/29 7.6it/s 3.5s<0.5s
[K      48/50      11.7G      1.087     0.4649    0.01113        177        640: 89% ━━━━━━━━━━╸─ 26/29 7.6it/s 3.6s<0.4s
[K      48/50      11.7G      1.092     0.4674    0.01116        165        640: 93% ━━━━━━━━━━━─ 27/29 7.7it/s 3.7s<0.3s
[K      48/50      11.7G      1.089     0.4643    0.01112        114        640: 100% ━━━━━━━━━━━━ 29/29 7.6it/s 3.8s
[K                 Class     Images  Instances      Box(P          R      mAP50  mAP50-95): 50% ━━━━━━────── 1/2 2.0it/s 0.2s<0.5s
[K                 Class     Images  Instances      Box(P          R      mAP50  mAP50-95): 100% ━━━━━━━━━━━━ 2/2 7.9it/s 0.3s
                   all        202        531      0.868      0.863      0.917      0.568
      Epoch    GPU_mem   box_loss   cls_loss    l1_loss  Instances       Size
[K      49/50      11.7G      1.191     0.5233   0.009717        188        640: 0% ──────────── 0/29  0.1s
[K      49/50      11.7G      1.172     0.5119    0.01073        180        640: 3% ──────────── 1/29 2.4it/s 0.3s<11.8s
[K      49/50      11.7G      1.184     0.5156     0.0111        156        640: 6% ╸─────────── 2/29 4.0it/s 0.4s<6.7s
[K      49/50      11.7G      1.147     0.4956    0.01101        164        640: 10% ━─────────── 3/29 5.2it/s 0.5s<5.0s
[K      49/50      11.7G      1.134     0.4889    0.01087        151        640: 13% ━╸────────── 4/29 5.9it/s 0.6s<4.2s
[K      49/50      11.7G      1.114     0.4803    0.01087        144        640: 17% ━━────────── 5/29 6.4it/s 0.8s<3.7s
[K      49/50      11.7G      1.114     0.4801    0.01073        174        640: 20% ━━────────── 6/29 6.9it/s 0.9s<3.3s
[K      49/50      11.7G      1.105     0.4702    0.01066        174        640: 24% ━━╸───────── 7/29 7.2it/s 1.0s<3.1s
[K      49/50      11.7G       1.11       0.47    0.01065        154        640: 27% ━━━───────── 8/29 7.2it/s 1.2s<2.9s
[K      49/50      11.7G      1.097     0.4689    0.01055        130        640: 31% ━━━╸──────── 9/29 7.4it/s 1.3s<2.7s
[K      49/50      11.7G      1.094     0.4687    0.01065        188        640: 34% ━━━━──────── 10/29 7.6it/s 1.4s<2.5s
[K      49/50      11.7G      1.091     0.4605    0.01075        145        640: 37% ━━━━╸─────── 11/29 7.3it/s 1.6s<2.5s
[K      49/50      11.7G      1.085     0.4599    0.01072        157        640: 41% ━━━━╸─────── 12/29 7.4it/s 1.7s<2.3s
[K      49/50      11.7G      1.081     0.4517    0.01079        155        640: 44% ━━━━━─────── 13/29 7.3it/s 1.8s<2.2s
[K      49/50      11.7G       1.08     0.4522    0.01084        167        640: 48% ━━━━━╸────── 14/29 7.4it/s 2.0s<2.0s
[K      49/50      11.7G      1.077     0.4531    0.01087        186        640: 51% ━━━━━━────── 15/29 7.3it/s 2.1s<1.9s
[K      49/50      11.7G      1.076     0.4523    0.01082        170        640: 55% ━━━━━━╸───── 16/29 7.3it/s 2.2s<1.8s
[K      49/50      11.7G      1.077     0.4514    0.01075        175        640: 58% ━━━━━━━───── 17/29 7.3it/s 2.4s<1.6s
[K      49/50      11.7G      1.081     0.4552    0.01082        148        640: 62% ━━━━━━━───── 18/29 7.4it/s 2.5s<1.5s
[K      49/50      11.7G      1.081     0.4585    0.01082        183        640: 65% ━━━━━━━╸──── 19/29 7.4it/s 2.6s<1.3s
[K      49/50      11.7G      1.079     0.4554    0.01079        159        640: 68% ━━━━━━━━──── 20/29 7.4it/s 2.8s<1.2s
[K      49/50      11.7G      1.081     0.4576    0.01084        158        640: 72% ━━━━━━━━╸─── 21/29 7.5it/s 2.9s<1.1s
[K      49/50      11.7G       1.08     0.4563    0.01083        160        640: 75% ━━━━━━━━━─── 22/29 7.6it/s 3.0s<0.9s
[K      49/50      11.7G       1.08     0.4591    0.01078        171        640: 79% ━━━━━━━━━╸── 23/29 7.6it/s 3.2s<0.8s
[K      49/50      11.7G      1.079     0.4568    0.01076        177        640: 82% ━━━━━━━━━╸── 24/29 7.6it/s 3.3s<0.7s
[K      49/50      11.7G       1.08     0.4563    0.01085        158        640: 86% ━━━━━━━━━━── 25/29 7.7it/s 3.4s<0.5s
[K      49/50      11.7G      1.079     0.4547    0.01087        159        640: 89% ━━━━━━━━━━╸─ 26/29 7.7it/s 3.6s<0.4s
[K      49/50      11.7G      1.077     0.4562    0.01089        161        640: 93% ━━━━━━━━━━━─ 27/29 7.5it/s 3.7s<0.3s
[K      49/50      11.7G      1.078     0.4555    0.01095         99        640: 96% ━━━━━━━━━━━╸ 28/29 8.2it/s 3.8s<0.1s
[K      49/50      11.7G      1.078     0.4555    0.01095         99        640: 100% ━━━━━━━━━━━━ 29/29 7.6it/s 3.8s
[K                 Class     Images  Instances      Box(P          R      mAP50  mAP50-95): 50% ━━━━━━────── 1/2 1.9it/s 0.2s<0.5s
[K                 Class     Images  Instances      Box(P          R      mAP50  mAP50-95): 100% ━━━━━━━━━━━━ 2/2 7.9it/s 0.3s
                   all        202        531      0.872      0.861      0.917      0.563
      Epoch    GPU_mem   box_loss   cls_loss    l1_loss  Instances       Size
[K      50/50      11.7G      1.093     0.4699    0.01104        156        640: 0% ──────────── 0/29  0.1s
[K      50/50      11.7G      1.075     0.4709    0.01172        174        640: 3% ──────────── 1/29 2.3it/s 0.3s<12.1s
[K      50/50      11.7G      1.081      0.491    0.01096        171        640: 6% ╸─────────── 2/29 3.9it/s 0.4s<6.9s
[K      50/50      11.7G      1.083     0.4784    0.01072        172        640: 10% ━─────────── 3/29 5.0it/s 0.5s<5.2s
[K      50/50      11.7G       1.09     0.4731    0.01067        161        640: 13% ━╸────────── 4/29 5.9it/s 0.6s<4.2s
[K      50/50      11.7G      1.077       0.47     0.0107        143        640: 17% ━━────────── 5/29 6.5it/s 0.8s<3.7s
[K      50/50      11.7G      1.068     0.4697    0.01064        156        640: 20% ━━────────── 6/29 6.9it/s 0.9s<3.3s
[K      50/50      11.7G      1.062     0.4598    0.01055        151        640: 24% ━━╸───────── 7/29 7.2it/s 1.0s<3.1s
[K      50/50      11.7G      1.058     0.4619    0.01071        144        640: 27% ━━━───────── 8/29 7.4it/s 1.2s<2.8s
[K      50/50      11.7G      1.051     0.4587    0.01055        169        640: 31% ━━━╸──────── 9/29 7.6it/s 1.3s<2.6s
[K      50/50      11.7G      1.059     0.4577    0.01062        173        640: 34% ━━━━──────── 10/29 7.5it/s 1.4s<2.5s
[K      50/50      11.7G      1.059     0.4549    0.01059        178        640: 37% ━━━━╸─────── 11/29 7.4it/s 1.6s<2.4s
[K      50/50      11.7G      1.059     0.4542    0.01058        200        640: 41% ━━━━╸─────── 12/29 7.5it/s 1.7s<2.3s
[K      50/50      11.7G      1.056     0.4485    0.01069        151        640: 44% ━━━━━─────── 13/29 7.4it/s 1.8s<2.2s
[K      50/50      11.7G      1.052     0.4471    0.01064        155        640: 48% ━━━━━╸────── 14/29 7.5it/s 2.0s<2.0s
[K      50/50      11.7G      1.048     0.4507    0.01057        151        640: 51% ━━━━━━────── 15/29 7.7it/s 2.1s<1.8s
[K      50/50      11.7G      1.051     0.4516    0.01055        161        640: 55% ━━━━━━╸───── 16/29 7.6it/s 2.2s<1.7s
[K      50/50      11.7G      1.053     0.4529     0.0106        165        640: 58% ━━━━━━━───── 17/29 7.7it/s 2.3s<1.6s
[K      50/50      11.7G      1.051       0.45    0.01057        156        640: 62% ━━━━━━━───── 18/29 7.6it/s 2.5s<1.4s
[K      50/50      11.7G      1.052     0.4508     0.0106        182        640: 65% ━━━━━━━╸──── 19/29 7.6it/s 2.6s<1.3s
[K      50/50      11.7G      1.053     0.4531    0.01062        176        640: 68% ━━━━━━━━──── 20/29 7.7it/s 2.7s<1.2s
[K      50/50      11.7G      1.053     0.4533    0.01057        171        640: 72% ━━━━━━━━╸─── 21/29 7.8it/s 2.9s<1.0s
[K      50/50      11.7G      1.052      0.456    0.01056        168        640: 75% ━━━━━━━━━─── 22/29 7.8it/s 3.0s<0.9s
[K      50/50      11.7G      1.053     0.4565    0.01058        187        640: 79% ━━━━━━━━━╸── 23/29 7.7it/s 3.1s<0.8s
[K      50/50      11.7G      1.056     0.4587    0.01061        141        640: 82% ━━━━━━━━━╸── 24/29 7.7it/s 3.2s<0.6s
[K      50/50      11.7G      1.057       0.46    0.01058        178        640: 86% ━━━━━━━━━━── 25/29 7.8it/s 3.4s<0.5s
[K      50/50      11.7G      1.058     0.4614    0.01057        152        640: 89% ━━━━━━━━━━╸─ 26/29 7.6it/s 3.5s<0.4s
[K      50/50      11.7G       1.06     0.4615    0.01058        166        640: 93% ━━━━━━━━━━━─ 27/29 7.5it/s 3.7s<0.3s
[K      50/50      11.7G       1.06     0.4585    0.01064         88        640: 100% ━━━━━━━━━━━━ 29/29 7.7it/s 3.8s
[K                 Class     Images  Instances      Box(P          R      mAP50  mAP50-95): 50% ━━━━━━────── 1/2 1.9it/s 0.2s<0.5s
[K                 Class     Images  Instances      Box(P          R      mAP50  mAP50-95): 100% ━━━━━━━━━━━━ 2/2 8.0it/s 0.3s
                   all        202        531      0.882      0.861      0.918      0.568
50 epochs completed in 0.064 hours.
Optimizer stripped from /home/abc/AI_project/NCKH/runs_ppe2/detect/runs_ppe2/p1_yolo26n/weights/last.pt, 5.4MB
Optimizer stripped from /home/abc/AI_project/NCKH/runs_ppe2/detect/runs_ppe2/p1_yolo26n/weights/best.pt, 5.4MB
Validating /home/abc/AI_project/NCKH/runs_ppe2/detect/runs_ppe2/p1_yolo26n/weights/best.pt...
Ultralytics 8.4.121 🚀 Python-3.12.13 torch-2.13.0+cu130 CUDA:0 (NVIDIA RTX PRO 6000 Blackwell Server Edition, 97252MiB)
YOLO26n summary (fused): 122 layers, 2,375,031 parameters, 0 gradients, 5.3 GFLOPs
[K                 Class     Images  Instances      Box(P          R      mAP50  mAP50-95): 50% ━━━━━━────── 1/2 1.5it/s 0.2s<0.7s
[K                 Class     Images  Instances      Box(P          R      mAP50  mAP50-95): 100% ━━━━━━━━━━━━ 2/2 6.2it/s 0.3s
                   all        202        531       0.88      0.857      0.917      0.568
Speed: 0.0ms preprocess, 0.2ms inference, 0.0ms loss, 0.1ms postprocess per image
Results saved to [1m/home/abc/AI_project/NCKH/runs_ppe2/detect/runs_ppe2/p1_yolo26n[0m
==========================================================
  QUÉT NGƯỠNG CONF (tập test)
==========================================================
  conf         P         R     mAP50
Ultralytics 8.4.121 🚀 Python-3.12.13 torch-2.13.0+cu130 CUDA:0 (NVIDIA RTX PRO 6000 Blackwell Server Edition, 97252MiB)
YOLO26n summary (fused): 122 layers, 2,375,031 parameters, 0 gradients, 5.3 GFLOPs
[34m[1mval: [0mFast image access ✅ (ping: 0.0±0.0 ms, read: 991.9±821.2 MB/s, size: 66.5 KB)
[K[34m[1mval: [0mScanning /home/abc/AI_project/NCKH/data2phase/phase1/labels/test... 233 images, 0 backgrounds, 0 corrupt: 54% ━━━━━━╸───── 233/424 696.9it/s 0.1s<0.3s
[K[34m[1mval: [0mScanning /home/abc/AI_project/NCKH/data2phase/phase1/labels/test... 424 images, 0 backgrounds, 0 corrupt: 100% ━━━━━━━━━━━━ 424/424 2.2Kit/s 0.2s
[34m[1mval: [0mNew cache created: /home/abc/AI_project/NCKH/data2phase/phase1/labels/test.cache
[K                 Class     Images  Instances      Box(P          R      mAP50  mAP50-95): 3% ──────────── 1/27 1.9it/s 0.2s<13.7s
[K                 Class     Images  Instances      Box(P          R      mAP50  mAP50-95): 7% ╸─────────── 2/27 2.8it/s 0.4s<9.0s
[K                 Class     Images  Instances      Box(P          R      mAP50  mAP50-95): 11% ━─────────── 3/27 3.4it/s 0.6s<7.2s
[K                 Class     Images  Instances      Box(P          R      mAP50  mAP50-95): 14% ━╸────────── 4/27 4.3it/s 0.7s<5.3s
[K                 Class     Images  Instances      Box(P          R      mAP50  mAP50-95): 29% ━━━╸──────── 8/27 12.6it/s 0.9s<1.5s
[K                 Class     Images  Instances      Box(P          R      mAP50  mAP50-95): 40% ━━━━╸─────── 11/27 17.6it/s 1.0s<0.9s
[K                 Class     Images  Instances      Box(P          R      mAP50  mAP50-95): 55% ━━━━━━╸───── 15/27 21.6it/s 1.1s<0.6s
[K                 Class     Images  Instances      Box(P          R      mAP50  mAP50-95): 70% ━━━━━━━━──── 19/27 24.4it/s 1.2s<0.3s
[K                 Class     Images  Instances      Box(P          R      mAP50  mAP50-95): 85% ━━━━━━━━━━── 23/27 26.4it/s 1.3s<0.2s
[K                 Class     Images  Instances      Box(P          R      mAP50  mAP50-95): 100% ━━━━━━━━━━━━ 27/27 18.0it/s 1.5s
                   all        424       1741      0.785      0.692       0.67      0.468
Speed: 0.7ms preprocess, 0.7ms inference, 0.0ms loss, 0.1ms postprocess per image
Results saved to [1m/home/abc/AI_project/NCKH/runs_ppe2/detect/val[0m
  0.10    0.7854    0.6916    0.6696
Ultralytics 8.4.121 🚀 Python-3.12.13 torch-2.13.0+cu130 CUDA:0 (NVIDIA RTX PRO 6000 Blackwell Server Edition, 97252MiB)
[34m[1mval: [0mFast image access ✅ (ping: 0.0±0.0 ms, read: 2810.3±683.2 MB/s, size: 78.6 KB)
[K[34m[1mval: [0mScanning /home/abc/AI_project/NCKH/data2phase/phase1/labels/test.cache... 424 images, 0 backgrounds, 0 corrupt: 100% ━━━━━━━━━━━━ 424/424 136.8Mit/s 0.0s
[K                 Class     Images  Instances      Box(P          R      mAP50  mAP50-95): 3% ──────────── 1/27 1.0it/s 0.3s<25.0s
[K                 Class     Images  Instances      Box(P          R      mAP50  mAP50-95): 7% ╸─────────── 2/27 1.7it/s 0.6s<14.3s
[K                 Class     Images  Instances      Box(P          R      mAP50  mAP50-95): 11% ━─────────── 3/27 2.8it/s 0.8s<8.5s
[K                 Class     Images  Instances      Box(P          R      mAP50  mAP50-95): 14% ━╸────────── 4/27 4.5it/s 0.9s<5.1s
[K                 Class     Images  Instances      Box(P          R      mAP50  mAP50-95): 25% ━━━───────── 7/27 8.8it/s 1.0s<2.3s
[K                 Class     Images  Instances      Box(P          R      mAP50  mAP50-95): 37% ━━━━──────── 10/27 14.8it/s 1.2s<1.2s
[K                 Class     Images  Instances      Box(P          R      mAP50  mAP50-95): 51% ━━━━━━────── 14/27 19.6it/s 1.3s<0.7s
[K                 Class     Images  Instances      Box(P          R      mAP50  mAP50-95): 62% ━━━━━━━╸──── 17/27 22.1it/s 1.4s<0.5s
[K                 Class     Images  Instances      Box(P          R      mAP50  mAP50-95): 77% ━━━━━━━━━─── 21/27 24.8it/s 1.5s<0.2s
[K                 Class     Images  Instances      Box(P          R      mAP50  mAP50-95): 88% ━━━━━━━━━━╸─ 24/27 25.3it/s 1.6s<0.1s
[K                 Class     Images  Instances      Box(P          R      mAP50  mAP50-95): 100% ━━━━━━━━━━━━ 27/27 15.8it/s 1.7s
                   all        424       1741      0.823      0.664      0.646      0.457
Speed: 0.9ms preprocess, 0.6ms inference, 0.0ms loss, 0.1ms postprocess per image
Results saved to [1m/home/abc/AI_project/NCKH/runs_ppe2/detect/val-2[0m
  0.15    0.8228    0.6640    0.6455
Ultralytics 8.4.121 🚀 Python-3.12.13 torch-2.13.0+cu130 CUDA:0 (NVIDIA RTX PRO 6000 Blackwell Server Edition, 97252MiB)
[34m[1mval: [0mFast image access ✅ (ping: 0.0±0.0 ms, read: 2799.5±877.8 MB/s, size: 86.5 KB)
[K[34m[1mval: [0mScanning /home/abc/AI_project/NCKH/data2phase/phase1/labels/test.cache... 424 images, 0 backgrounds, 0 corrupt: 100% ━━━━━━━━━━━━ 424/424 161.7Mit/s 0.0s
[K                 Class     Images  Instances      Box(P          R      mAP50  mAP50-95): 3% ──────────── 1/27 1.1s/it 0.3s<27.7s
[K                 Class     Images  Instances      Box(P          R      mAP50  mAP50-95): 7% ╸─────────── 2/27 1.6it/s 0.6s<16.0s
[K                 Class     Images  Instances      Box(P          R      mAP50  mAP50-95): 11% ━─────────── 3/27 2.1it/s 0.9s<11.3s
[K                 Class     Images  Instances      Box(P          R      mAP50  mAP50-95): 14% ━╸────────── 4/27 2.7it/s 1.2s<8.6s
[K                 Class     Images  Instances      Box(P          R      mAP50  mAP50-95): 18% ━━────────── 5/27 4.0it/s 1.3s<5.5s
[K                 Class     Images  Instances      Box(P          R      mAP50  mAP50-95): 25% ━━━───────── 7/27 7.8it/s 1.5s<2.6s
[K                 Class     Images  Instances      Box(P          R      mAP50  mAP50-95): 33% ━━━━──────── 9/27 8.7it/s 1.6s<2.1s
[K                 Class     Images  Instances      Box(P          R      mAP50  mAP50-95): 40% ━━━━╸─────── 11/27 10.1it/s 1.8s<1.6s
[K                 Class     Images  Instances      Box(P          R      mAP50  mAP50-95): 48% ━━━━━╸────── 13/27 11.3it/s 1.9s<1.2s
[K                 Class     Images  Instances      Box(P          R      mAP50  mAP50-95): 55% ━━━━━━╸───── 15/27 13.2it/s 2.0s<0.9s
[K                 Class     Images  Instances      Box(P          R      mAP50  mAP50-95): 66% ━━━━━━━━──── 18/27 16.4it/s 2.2s<0.5s
[K                 Class     Images  Instances      Box(P          R      mAP50  mAP50-95): 77% ━━━━━━━━━─── 21/27 20.1it/s 2.3s<0.3s
[K                 Class     Images  Instances      Box(P          R      mAP50  mAP50-95): 92% ━━━━━━━━━━━─ 25/27 21.7it/s 2.4s<0.1s
[K                 Class     Images  Instances      Box(P          R      mAP50  mAP50-95): 100% ━━━━━━━━━━━━ 27/27 10.9it/s 2.5s
                   all        424       1741      0.881      0.624      0.621      0.443
Speed: 1.5ms preprocess, 0.8ms inference, 0.0ms loss, 0.1ms postprocess per image
Results saved to [1m/home/abc/AI_project/NCKH/runs_ppe2/detect/val-3[0m
  0.20    0.8808    0.6237    0.6205
Ultralytics 8.4.121 🚀 Python-3.12.13 torch-2.13.0+cu130 CUDA:0 (NVIDIA RTX PRO 6000 Blackwell Server Edition, 97252MiB)
[34m[1mval: [0mFast image access ✅ (ping: 0.0±0.0 ms, read: 3577.8±1249.2 MB/s, size: 87.6 KB)
[K[34m[1mval: [0mScanning /home/abc/AI_project/NCKH/data2phase/phase1/labels/test.cache... 424 images, 0 backgrounds, 0 corrupt: 100% ━━━━━━━━━━━━ 424/424 197.6Mit/s 0.0s
[K                 Class     Images  Instances      Box(P          R      mAP50  mAP50-95): 3% ──────────── 1/27 1.5it/s 0.2s<17.6s
[K                 Class     Images  Instances      Box(P          R      mAP50  mAP50-95): 7% ╸─────────── 2/27 2.3it/s 0.4s<10.7s
[K                 Class     Images  Instances      Box(P          R      mAP50  mAP50-95): 11% ━─────────── 3/27 2.7it/s 0.7s<8.9s
[K                 Class     Images  Instances      Box(P          R      mAP50  mAP50-95): 14% ━╸────────── 4/27 3.9it/s 0.9s<6.0s
[K                 Class     Images  Instances      Box(P          R      mAP50  mAP50-95): 25% ━━━───────── 7/27 11.3it/s 1.0s<1.8s
[K                 Class     Images  Instances      Box(P          R      mAP50  mAP50-95): 33% ━━━━──────── 9/27 12.7it/s 1.1s<1.4s
[K                 Class     Images  Instances      Box(P          R      mAP50  mAP50-95): 37% ━━━━──────── 10/27 11.8it/s 1.2s<1.4s
[K                 Class     Images  Instances      Box(P          R      mAP50  mAP50-95): 48% ━━━━━╸────── 13/27 16.3it/s 1.3s<0.9s
[K                 Class     Images  Instances      Box(P          R      mAP50  mAP50-95): 59% ━━━━━━━───── 16/27 20.1it/s 1.4s<0.5s
[K                 Class     Images  Instances      Box(P          R      mAP50  mAP50-95): 62% ━━━━━━━╸──── 17/27 17.0it/s 1.5s<0.6s
[K                 Class     Images  Instances      Box(P          R      mAP50  mAP50-95): 74% ━━━━━━━━╸─── 20/27 17.7it/s 1.7s<0.4s
[K                 Class     Images  Instances      Box(P          R      mAP50  mAP50-95): 85% ━━━━━━━━━━── 23/27 21.1it/s 1.8s<0.2s
[K                 Class     Images  Instances      Box(P          R      mAP50  mAP50-95): 96% ━━━━━━━━━━━╸ 26/27 19.9it/s 2.0s<0.1s
[K                 Class     Images  Instances      Box(P          R      mAP50  mAP50-95): 100% ━━━━━━━━━━━━ 27/27 13.7it/s 2.0s
                   all        424       1741      0.876      0.627      0.612      0.437
Speed: 1.1ms preprocess, 0.8ms inference, 0.0ms loss, 0.1ms postprocess per image
Results saved to [1m/home/abc/AI_project/NCKH/runs_ppe2/detect/val-4[0m
  0.25    0.8756    0.6267    0.6118
Ultralytics 8.4.121 🚀 Python-3.12.13 torch-2.13.0+cu130 CUDA:0 (NVIDIA RTX PRO 6000 Blackwell Server Edition, 97252MiB)
[34m[1mval: [0mFast image access ✅ (ping: 0.0±0.0 ms, read: 2931.6±828.3 MB/s, size: 73.4 KB)
[K[34m[1mval: [0mScanning /home/abc/AI_project/NCKH/data2phase/phase1/labels/test.cache... 424 images, 0 backgrounds, 0 corrupt: 100% ━━━━━━━━━━━━ 424/424 197.6Mit/s 0.0s
[K                 Class     Images  Instances      Box(P          R      mAP50  mAP50-95): 3% ──────────── 1/27 1.5it/s 0.2s<17.3s
[K                 Class     Images  Instances      Box(P          R      mAP50  mAP50-95): 7% ╸─────────── 2/27 2.4it/s 0.4s<10.5s
[K                 Class     Images  Instances      Box(P          R      mAP50  mAP50-95): 11% ━─────────── 3/27 3.3it/s 0.6s<7.3s
[K                 Class     Images  Instances      Box(P          R      mAP50  mAP50-95): 14% ━╸────────── 4/27 4.4it/s 0.8s<5.2s
[K                 Class     Images  Instances      Box(P          R      mAP50  mAP50-95): 22% ━━╸───────── 6/27 8.9it/s 0.9s<2.4s
[K                 Class     Images  Instances      Box(P          R      mAP50  mAP50-95): 33% ━━━━──────── 9/27 12.5it/s 1.0s<1.4s
[K                 Class     Images  Instances      Box(P          R      mAP50  mAP50-95): 44% ━━━━━─────── 12/27 17.4it/s 1.1s<0.9s
[K                 Class     Images  Instances      Box(P          R      mAP50  mAP50-95): 55% ━━━━━━╸───── 15/27 20.3it/s 1.2s<0.6s
[K                 Class     Images  Instances      Box(P          R      mAP50  mAP50-95): 70% ━━━━━━━━──── 19/27 23.9it/s 1.3s<0.3s
[K                 Class     Images  Instances      Box(P          R      mAP50  mAP50-95): 85% ━━━━━━━━━━── 23/27 26.3it/s 1.5s<0.2s
[K                 Class     Images  Instances      Box(P          R      mAP50  mAP50-95): 96% ━━━━━━━━━━━╸ 26/27 26.4it/s 1.6s<0.0s
[K                 Class     Images  Instances      Box(P          R      mAP50  mAP50-95): 100% ━━━━━━━━━━━━ 27/27 16.9it/s 1.6s
                   all        424       1741       0.91      0.597      0.585      0.422
Speed: 1.0ms preprocess, 0.4ms inference, 0.0ms loss, 0.1ms postprocess per image
Results saved to [1m/home/abc/AI_project/NCKH/runs_ppe2/detect/val-5[0m
  0.35    0.9098    0.5968    0.5848
Ultralytics 8.4.121 🚀 Python-3.12.13 torch-2.13.0+cu130 CUDA:0 (NVIDIA RTX PRO 6000 Blackwell Server Edition, 97252MiB)
[34m[1mval: [0mFast image access ✅ (ping: 0.0±0.0 ms, read: 3050.8±1030.5 MB/s, size: 73.1 KB)
[K[34m[1mval: [0mScanning /home/abc/AI_project/NCKH/data2phase/phase1/labels/test.cache... 424 images, 0 backgrounds, 0 corrupt: 100% ━━━━━━━━━━━━ 424/424 177.8Mit/s 0.0s
[K                 Class     Images  Instances      Box(P          R      mAP50  mAP50-95): 3% ──────────── 1/27 1.0it/s 0.3s<26.0s
[K                 Class     Images  Instances      Box(P          R      mAP50  mAP50-95): 7% ╸─────────── 2/27 1.8it/s 0.6s<13.7s
[K                 Class     Images  Instances      Box(P          R      mAP50  mAP50-95): 11% ━─────────── 3/27 2.7it/s 0.8s<9.0s
[K                 Class     Images  Instances      Box(P          R      mAP50  mAP50-95): 14% ━╸────────── 4/27 4.1it/s 0.9s<5.6s
[K                 Class     Images  Instances      Box(P          R      mAP50  mAP50-95): 25% ━━━───────── 7/27 9.9it/s 1.0s<2.0s
[K                 Class     Images  Instances      Box(P          R      mAP50  mAP50-95): 40% ━━━━╸─────── 11/27 17.2it/s 1.2s<0.9s
[K                 Class     Images  Instances      Box(P          R      mAP50  mAP50-95): 51% ━━━━━━────── 14/27 19.9it/s 1.3s<0.7s
[K                 Class     Images  Instances      Box(P          R      mAP50  mAP50-95): 66% ━━━━━━━━──── 18/27 25.1it/s 1.4s<0.4s
[K                 Class     Images  Instances      Box(P          R      mAP50  mAP50-95): 77% ━━━━━━━━━─── 21/27 26.6it/s 1.5s<0.2s
[K                 Class     Images  Instances      Box(P          R      mAP50  mAP50-95): 92% ━━━━━━━━━━━─ 25/27 29.2it/s 1.6s<0.1s
[K                 Class     Images  Instances      Box(P          R      mAP50  mAP50-95): 100% ━━━━━━━━━━━━ 27/27 16.4it/s 1.6s
                   all        424       1741      0.949      0.545      0.538      0.393
Speed: 0.8ms preprocess, 0.6ms inference, 0.0ms loss, 0.1ms postprocess per image
Results saved to [1m/home/abc/AI_project/NCKH/runs_ppe2/detect/val-6[0m
  0.50    0.9490    0.5451    0.5382
Chọn conf có Recall cao nhất mà Precision còn chấp nhận được —
crop thừa sẽ được pha 2 lọc, còn người bị bỏ sót thì không cứu được.
