Ultralytics 8.4.121 🚀 Python-3.12.13 torch-2.13.0+cu130 CUDA:0 (NVIDIA RTX PRO 6000 Blackwell Server Edition, 97252MiB)
[34m[1mengine/trainer: [0magnostic_nms=False, amp=True, angle=1.0, augment=False, auto_augment=randaugment, batch=64, bgr=0.0, box=7.5, cache=ram, cfg=None, channels_last=False, classes=None, close_mosaic=10, cls=0.5, cls_pw=0.0, cls_remap=True, compile=False, conf=None, copy_paste=0.0, copy_paste_mode=flip, cos_lr=False, cutmix=0.0, data=data2phase/phase1/data.yaml, degrees=0.0, deterministic=True, device=0, dfl=1.5, dgrad=0.5, dis=6.0, distill_model=None, dlam=1.0, dlog=1.0, dnn=False, dropout=0.0, dynamic=False, embed=None, end2end=None, epochs=50, erasing=0.4, exist_ok=False, fliplr=0.5, flipud=0.0, format=torchscript, fraction=1.0, freeze=None, hsv_h=0.015, hsv_s=0.7, hsv_v=0.4, imgsz=640, iou=0.7, keras=False, kobj=1.0, line_width=None, lr0=0.01, lrf=0.01, mask_ratio=4, max_det=300, mixup=0.0, mode=train, model=yolo26m.pt, momentum=0.937, mosaic=1.0, multi_scale=0.0, name=p1_yolo26m, nbs=64, nms=False, opset=None, optimize=False, optimizer=auto, overlap_mask=True, patience=100, perspective=0.0, plots=True, pose=12.0, pretrained=True, profile=False, project=runs_ppe2, quantize=None, rect=False, resume=False, retina_masks=False, rle=1.0, save=True, save_conf=False, save_crop=False, save_dir=/home/abc/AI_project/NCKH/runs_ppe2/detect/runs_ppe2/p1_yolo26m, save_frames=False, save_json=False, save_period=-1, save_txt=False, scale=0.5, seed=0, shear=0.0, show=False, show_boxes=True, show_conf=True, show_labels=True, simplify=True, single_cls=False, source=None, split=val, stream_buffer=False, task=detect, time=None, tracker=tracktrack.yaml, translate=0.1, val=True, verbose=True, vid_stride=1, visualize=False, warmup_bias_lr=0.1, warmup_epochs=3.0, warmup_momentum=0.8, weight_decay=0.0005, workers=16, workspace=None
Overriding model.yaml nc=80 with nc=1
                   from  n    params  module                                       arguments                     
  0                  -1  1      1856  ultralytics.nn.modules.conv.Conv             [3, 64, 3, 2]                 
  1                  -1  1     73984  ultralytics.nn.modules.conv.Conv             [64, 128, 3, 2]               
  2                  -1  1    111872  ultralytics.nn.modules.block.C3k2            [128, 256, 1, True, 0.25]     
  3                  -1  1    590336  ultralytics.nn.modules.conv.Conv             [256, 256, 3, 2]              
  4                  -1  1    444928  ultralytics.nn.modules.block.C3k2            [256, 512, 1, True, 0.25]     
  5                  -1  1   2360320  ultralytics.nn.modules.conv.Conv             [512, 512, 3, 2]              
  6                  -1  1   1380352  ultralytics.nn.modules.block.C3k2            [512, 512, 1, True]           
  7                  -1  1   2360320  ultralytics.nn.modules.conv.Conv             [512, 512, 3, 2]              
  8                  -1  1   1380352  ultralytics.nn.modules.block.C3k2            [512, 512, 1, True]           
  9                  -1  1    656896  ultralytics.nn.modules.block.SPPF            [512, 512, 5, 3, True]        
 10                  -1  1    990976  ultralytics.nn.modules.block.C2PSA           [512, 512, 1]                 
 11                  -1  1         0  torch.nn.modules.upsampling.Upsample         [None, 2, 'nearest']          
 12             [-1, 6]  1         0  ultralytics.nn.modules.conv.Concat           [1]                           
 13                  -1  1   1642496  ultralytics.nn.modules.block.C3k2            [1024, 512, 1, True]          
 14                  -1  1         0  torch.nn.modules.upsampling.Upsample         [None, 2, 'nearest']          
 15             [-1, 4]  1         0  ultralytics.nn.modules.conv.Concat           [1]                           
 16                  -1  1    542720  ultralytics.nn.modules.block.C3k2            [1024, 256, 1, True]          
 17                  -1  1    590336  ultralytics.nn.modules.conv.Conv             [256, 256, 3, 2]              
 18            [-1, 13]  1         0  ultralytics.nn.modules.conv.Concat           [1]                           
 19                  -1  1   1511424  ultralytics.nn.modules.block.C3k2            [768, 512, 1, True]           
 20                  -1  1   2360320  ultralytics.nn.modules.conv.Conv             [512, 512, 3, 2]              
 21            [-1, 10]  1         0  ultralytics.nn.modules.conv.Concat           [1]                           
 22                  -1  1   1974784  ultralytics.nn.modules.block.C3k2            [1024, 512, 1, True, 0.5, True]
 23        [16, 19, 22]  1   2800158  ultralytics.nn.modules.head.Detect           [1, 1, True, [256, 512, 512]] 
YOLO26m summary: 280 layers, 21,774,430 parameters, 21,774,430 gradients, 75.0 GFLOPs
Remapped 1/1 cls head rows from pretrained weights by class name
Transferred 768/768 items from pretrained weights
[34m[1mAMP: [0mrunning Automatic Mixed Precision (AMP) checks...
[34m[1mAMP: [0mchecks passed ✅
[34m[1mtrain: [0mFast image access ✅ (ping: 0.0±0.0 ms, read: 2157.2±753.6 MB/s, size: 55.5 KB)
[K[34m[1mtrain: [0mScanning /home/abc/AI_project/NCKH/data2phase/phase1/labels/train.cache... 1838 images, 0 backgrounds, 0 corrupt: 100% ━━━━━━━━━━━━ 1838/1838 275.3Mit/s 0.0s
WARNING ⚠️ cache='ram' may produce non-deterministic training results. Consider cache='disk' as a deterministic alternative if your disk space allows.
[K[34m[1mtrain: [0mCaching images (0.3GB RAM): 15% ━╸────────── 281/1838 839.7it/s 0.1s<1.9s
[K[34m[1mtrain: [0mCaching images (0.7GB RAM): 32% ━━━╸──────── 595/1838 1.5Kit/s 0.2s<0.8s
[K[34m[1mtrain: [0mCaching images (1.0GB RAM): 49% ━━━━━╸────── 904/1838 2.0Kit/s 0.3s<0.5s
[K[34m[1mtrain: [0mCaching images (1.4GB RAM): 64% ━━━━━━━╸──── 1192/1838 2.2Kit/s 0.4s<0.3s
[K[34m[1mtrain: [0mCaching images (1.7GB RAM): 80% ━━━━━━━━━╸── 1488/1838 2.5Kit/s 0.5s<0.1s
[K[34m[1mtrain: [0mCaching images (2.1GB RAM): 98% ━━━━━━━━━━━╸ 1810/1838 2.7Kit/s 0.6s<0.0s
[K[34m[1mtrain: [0mCaching images (2.1GB RAM): 100% ━━━━━━━━━━━━ 1838/1838 3.0Kit/s 0.6s
[34m[1mval: [0mFast image access ✅ (ping: 0.0±0.0 ms, read: 1781.1±1498.1 MB/s, size: 74.2 KB)
[K[34m[1mval: [0mScanning /home/abc/AI_project/NCKH/data2phase/phase1/labels/val.cache... 202 images, 0 backgrounds, 0 corrupt: 100% ━━━━━━━━━━━━ 202/202 9.5Mit/s 0.0s
WARNING ⚠️ cache='ram' may produce non-deterministic training results. Consider cache='disk' as a deterministic alternative if your disk space allows.
[K[34m[1mval: [0mCaching images (0.2GB RAM): 100% ━━━━━━━━━━━━ 202/202 2.5Kit/s 0.1s
[34m[1moptimizer:[0m 'optimizer=auto' found, ignoring 'lr0=0.01' and 'momentum=0.937' and determining best 'optimizer', 'lr0' and 'momentum' automatically... 
[34m[1moptimizer:[0m AdamW(lr=0.002, momentum=0.9) with parameter groups 124 weight(decay=0.0), 136 weight(decay=0.0005), 136 bias(decay=0.0)
Plotting labels to /home/abc/AI_project/NCKH/runs_ppe2/detect/runs_ppe2/p1_yolo26m/labels.jpg... 
Image sizes 640 train, 640 val
Using 8 dataloader workers
Logging results to [1m/home/abc/AI_project/NCKH/runs_ppe2/detect/runs_ppe2/p1_yolo26m[0m
Starting training for 50 epochs...
      Epoch    GPU_mem   box_loss   cls_loss    l1_loss  Instances       Size
[K       1/50      33.8G      1.719      1.199    0.01691        268        640: 0% ──────────── 0/29  3.7s
[K       1/50      33.8G      1.745      1.259    0.01749        279        640: 3% ──────────── 1/29 1.2s/it 4.0s<33.0s
[K       1/50      33.8G      1.768      1.267    0.01797        274        640: 6% ╸─────────── 2/29 1.5it/s 4.4s<18.6s
[K       1/50      33.8G      1.734      1.216    0.01773        256        640: 10% ━─────────── 3/29 1.9it/s 4.7s<13.9s
[K       1/50      33.8G      1.735      1.213    0.01697        340        640: 13% ━╸────────── 4/29 2.2it/s 5.0s<11.2s
[K       1/50      33.9G      1.742      1.208    0.01683        295        640: 17% ━━────────── 5/29 2.2it/s 5.5s<10.7s
[K       1/50      33.9G      1.747      1.191    0.01727        257        640: 20% ━━────────── 6/29 2.5it/s 5.8s<9.4s
[K       1/50      33.9G      1.737       1.17    0.01701        279        640: 24% ━━╸───────── 7/29 2.6it/s 6.2s<8.4s
[K       1/50      33.9G      1.729      1.165    0.01694        259        640: 27% ━━━───────── 8/29 2.8it/s 6.5s<7.6s
[K       1/50      33.9G       1.73      1.152    0.01677        304        640: 31% ━━━╸──────── 9/29 2.8it/s 6.8s<7.0s
[K       1/50      33.9G      1.715      1.138    0.01647        288        640: 34% ━━━━──────── 10/29 2.9it/s 7.1s<6.5s
[K       1/50      33.9G      1.713      1.128     0.0165        261        640: 37% ━━━━╸─────── 11/29 3.0it/s 7.5s<6.1s
[K       1/50      33.9G      1.702      1.114    0.01639        292        640: 41% ━━━━╸─────── 12/29 3.0it/s 7.8s<5.7s
[K       1/50      33.9G      1.694      1.106    0.01637        267        640: 44% ━━━━━─────── 13/29 3.0it/s 8.1s<5.3s
[K       1/50      33.9G      1.685      1.097    0.01619        275        640: 48% ━━━━━╸────── 14/29 3.0it/s 8.4s<4.9s
[K       1/50      33.9G      1.678       1.09    0.01594        338        640: 51% ━━━━━━────── 15/29 3.0it/s 8.8s<4.6s
[K       1/50      33.9G      1.672      1.081    0.01585        331        640: 55% ━━━━━━╸───── 16/29 3.0it/s 9.1s<4.3s
[K       1/50      33.9G      1.669       1.08    0.01589        251        640: 58% ━━━━━━━───── 17/29 3.0it/s 9.4s<3.9s
[K       1/50      33.9G       1.67      1.077    0.01587        278        640: 62% ━━━━━━━───── 18/29 3.0it/s 9.8s<3.6s
[K       1/50      33.9G      1.666      1.072    0.01581        269        640: 65% ━━━━━━━╸──── 19/29 3.1it/s 10.1s<3.3s
[K       1/50      33.9G      1.663      1.069    0.01583        270        640: 68% ━━━━━━━━──── 20/29 3.1it/s 10.4s<2.9s
[K       1/50      33.9G      1.663      1.073    0.01574        309        640: 72% ━━━━━━━━╸─── 21/29 3.1it/s 10.7s<2.6s
[K       1/50      33.9G      1.663      1.076    0.01575        261        640: 75% ━━━━━━━━━─── 22/29 3.1it/s 11.1s<2.3s
[K       1/50      33.9G      1.665      1.082    0.01574        306        640: 79% ━━━━━━━━━╸── 23/29 3.1it/s 11.4s<2.0s
[K       1/50      33.9G      1.664      1.083    0.01572        288        640: 82% ━━━━━━━━━╸── 24/29 3.0it/s 11.7s<1.6s
[K       1/50      33.9G      1.662      1.088    0.01569        276        640: 86% ━━━━━━━━━━── 25/29 3.0it/s 12.1s<1.3s
[K       1/50      33.9G      1.659       1.09    0.01565        300        640: 89% ━━━━━━━━━━╸─ 26/29 3.0it/s 12.4s<1.0s
[K       1/50      33.9G      1.662      1.096    0.01572        244        640: 93% ━━━━━━━━━━━─ 27/29 3.1it/s 12.7s<0.7s
[K       1/50      33.9G      1.663      1.103    0.01581        188        640: 96% ━━━━━━━━━━━╸ 28/29 2.3it/s 14.6s<0.4s
[K       1/50      33.9G      1.663      1.103    0.01581        188        640: 100% ━━━━━━━━━━━━ 29/29 2.0it/s 14.6s
[K                 Class     Images  Instances      Box(P          R      mAP50  mAP50-95): 50% ━━━━━━────── 1/2 3.0s/it 0.9s<3.0s
[K                 Class     Images  Instances      Box(P          R      mAP50  mAP50-95): 100% ━━━━━━━━━━━━ 2/2 1.2it/s 1.7s
                   all        202        531      0.324      0.311      0.238     0.0962
      Epoch    GPU_mem   box_loss   cls_loss    l1_loss  Instances       Size
[K       2/50      43.4G      1.693      1.305    0.01487        324        640: 0% ──────────── 0/29  0.3s
[K       2/50      43.4G      1.684      1.302    0.01652        246        640: 3% ──────────── 1/29 1.1s/it 0.7s<31.0s
[K       2/50      43.4G      1.701      1.265    0.01593        295        640: 6% ╸─────────── 2/29 1.5it/s 1.0s<17.6s
[K       2/50      43.4G      1.707      1.267    0.01618        279        640: 10% ━─────────── 3/29 2.0it/s 1.3s<13.1s
[K       2/50      43.4G       1.73      1.272    0.01702        267        640: 13% ━╸────────── 4/29 2.3it/s 1.7s<10.9s
[K       2/50      43.4G      1.727       1.28    0.01676        277        640: 17% ━━────────── 5/29 2.3it/s 2.1s<10.7s
[K       2/50      43.4G      1.726      1.264    0.01709        255        640: 20% ━━────────── 6/29 2.5it/s 2.5s<9.3s
[K       2/50      43.4G       1.73      1.245     0.0172        274        640: 24% ━━╸───────── 7/29 2.6it/s 2.8s<8.4s
[K       2/50      43.4G      1.729      1.237    0.01746        261        640: 27% ━━━───────── 8/29 2.8it/s 3.1s<7.6s
[K       2/50      43.4G       1.74      1.236    0.01758        276        640: 31% ━━━╸──────── 9/29 2.8it/s 3.5s<7.1s
[K       2/50      43.4G      1.748      1.222    0.01781        257        640: 34% ━━━━──────── 10/29 2.9it/s 3.8s<6.6s
[K       2/50      43.4G      1.754      1.224     0.0179        268        640: 37% ━━━━╸─────── 11/29 2.9it/s 4.1s<6.2s
[K       2/50      43.4G      1.766      1.231      0.018        302        640: 41% ━━━━╸─────── 12/29 3.0it/s 4.4s<5.7s
[K       2/50      43.4G      1.769      1.223    0.01794        345        640: 44% ━━━━━─────── 13/29 3.0it/s 4.8s<5.4s
[K       2/50      43.4G      1.771      1.229    0.01804        260        640: 48% ━━━━━╸────── 14/29 3.0it/s 5.1s<5.0s
[K       2/50      43.4G      1.766      1.235    0.01799        273        640: 51% ━━━━━━────── 15/29 3.0it/s 5.4s<4.6s
[K       2/50      43.4G      1.769      1.236    0.01818        267        640: 55% ━━━━━━╸───── 16/29 3.0it/s 5.8s<4.3s
[K       2/50      43.4G      1.771      1.234    0.01811        288        640: 58% ━━━━━━━───── 17/29 3.0it/s 6.1s<4.0s
[K       2/50      43.4G      1.774      1.231    0.01805        317        640: 62% ━━━━━━━───── 18/29 3.0it/s 6.4s<3.6s
[K       2/50      43.4G      1.778      1.231    0.01818        261        640: 65% ━━━━━━━╸──── 19/29 3.0it/s 6.8s<3.3s
[K       2/50      43.4G      1.781       1.23    0.01828        278        640: 68% ━━━━━━━━──── 20/29 3.0it/s 7.1s<3.0s
[K       2/50      43.4G      1.784      1.237    0.01837        238        640: 72% ━━━━━━━━╸─── 21/29 3.0it/s 7.4s<2.6s
[K       2/50      43.4G      1.789      1.242    0.01834        302        640: 75% ━━━━━━━━━─── 22/29 3.0it/s 7.7s<2.3s
[K       2/50      43.4G      1.795      1.253    0.01835        280        640: 79% ━━━━━━━━━╸── 23/29 3.1it/s 8.1s<2.0s
[K       2/50      43.4G      1.797      1.262    0.01842        242        640: 82% ━━━━━━━━━╸── 24/29 3.1it/s 8.4s<1.6s
[K       2/50      43.4G      1.799       1.27    0.01852        253        640: 86% ━━━━━━━━━━── 25/29 3.0it/s 8.7s<1.3s
[K       2/50      43.4G      1.806      1.281    0.01859        292        640: 89% ━━━━━━━━━━╸─ 26/29 3.0it/s 9.1s<1.0s
[K       2/50      43.4G      1.808       1.29     0.0186        287        640: 93% ━━━━━━━━━━━─ 27/29 3.0it/s 9.4s<0.7s
[K       2/50      43.4G      1.812      1.299    0.01862        227        640: 96% ━━━━━━━━━━━╸ 28/29 3.4it/s 9.6s<0.3s
[K       2/50      43.4G      1.812      1.299    0.01862        227        640: 100% ━━━━━━━━━━━━ 29/29 3.0it/s 9.6s
[K                 Class     Images  Instances      Box(P          R      mAP50  mAP50-95): 50% ━━━━━━────── 1/2 1.0it/s 0.3s<1.0s
[K                 Class     Images  Instances      Box(P          R      mAP50  mAP50-95): 100% ━━━━━━━━━━━━ 2/2 4.2it/s 0.5s
                   all        202        531       0.37      0.269      0.218     0.0672
      Epoch    GPU_mem   box_loss   cls_loss    l1_loss  Instances       Size
[K       3/50      43.4G      1.972      1.523    0.01969        255        640: 0% ──────────── 0/29  0.3s
[K       3/50      43.4G      1.985      1.485    0.01999        288        640: 3% ──────────── 1/29 1.1s/it 0.7s<30.5s
[K       3/50      43.4G      1.977      1.502    0.02021        304        640: 6% ╸─────────── 2/29 1.6it/s 1.0s<17.3s
[K       3/50      43.4G      1.925      1.479    0.01957        318        640: 10% ━─────────── 3/29 2.0it/s 1.3s<13.0s
[K       3/50      43.4G      1.905      1.477    0.01974        297        640: 13% ━╸────────── 4/29 2.3it/s 1.6s<10.8s
[K       3/50      43.4G      1.908      1.497    0.01946        282        640: 17% ━━────────── 5/29 2.5it/s 2.0s<9.5s
[K       3/50      43.4G      1.901      1.494    0.01941        271        640: 20% ━━────────── 6/29 2.7it/s 2.3s<8.6s
[K       3/50      43.4G      1.888      1.486    0.01944        246        640: 24% ━━╸───────── 7/29 2.8it/s 2.6s<7.9s
[K       3/50      43.4G      1.878      1.473    0.01942        291        640: 27% ━━━───────── 8/29 2.9it/s 3.0s<7.3s
[K       3/50      43.4G      1.878      1.461    0.01944        248        640: 31% ━━━╸──────── 9/29 2.9it/s 3.3s<6.9s
[K       3/50      43.4G      1.873      1.456    0.01945        255        640: 34% ━━━━──────── 10/29 3.0it/s 3.6s<6.4s
[K       3/50      43.4G      1.878      1.462    0.01955        277        640: 37% ━━━━╸─────── 11/29 3.0it/s 3.9s<6.0s
[K       3/50      43.4G      1.883      1.461    0.01955        282        640: 41% ━━━━╸─────── 12/29 3.0it/s 4.3s<5.7s
[K       3/50      43.4G      1.887      1.458    0.01949        288        640: 44% ━━━━━─────── 13/29 3.0it/s 4.6s<5.3s
[K       3/50      43.4G      1.893      1.462    0.01967        258        640: 48% ━━━━━╸────── 14/29 3.0it/s 4.9s<4.9s
[K       3/50      43.4G      1.894      1.462    0.01964        254        640: 51% ━━━━━━────── 15/29 3.0it/s 5.3s<4.6s
[K       3/50      43.4G      1.901      1.461    0.01988        258        640: 55% ━━━━━━╸───── 16/29 3.1it/s 5.6s<4.3s
[K       3/50      43.4G      1.912       1.46    0.02003        265        640: 58% ━━━━━━━───── 17/29 3.0it/s 5.9s<4.0s
[K       3/50      43.4G      1.909      1.459    0.01998        289        640: 62% ━━━━━━━───── 18/29 3.0it/s 6.2s<3.6s
[K       3/50      43.4G      1.911      1.462    0.01996        279        640: 65% ━━━━━━━╸──── 19/29 3.0it/s 6.6s<3.3s
[K       3/50      43.4G      1.913      1.457    0.01996        287        640: 68% ━━━━━━━━──── 20/29 3.0it/s 6.9s<3.0s
[K       3/50      43.4G      1.916      1.453    0.02003        277        640: 72% ━━━━━━━━╸─── 21/29 3.0it/s 7.2s<2.6s
[K       3/50      43.4G      1.918      1.453       0.02        301        640: 75% ━━━━━━━━━─── 22/29 3.0it/s 7.6s<2.3s
[K       3/50      43.4G      1.918       1.45    0.01997        282        640: 79% ━━━━━━━━━╸── 23/29 3.1it/s 7.9s<2.0s
[K       3/50      43.4G      1.923      1.451    0.02018        207        640: 82% ━━━━━━━━━╸── 24/29 3.0it/s 8.2s<1.6s
[K       3/50      43.4G      1.933      1.465    0.02018        367        640: 86% ━━━━━━━━━━── 25/29 3.0it/s 8.5s<1.3s
[K       3/50      43.4G      1.936      1.471     0.0203        257        640: 89% ━━━━━━━━━━╸─ 26/29 3.0it/s 8.9s<1.0s
[K       3/50      43.4G      1.939      1.477     0.0204        262        640: 93% ━━━━━━━━━━━─ 27/29 3.0it/s 9.2s<0.7s
[K       3/50      43.4G      1.943      1.477     0.0204        216        640: 96% ━━━━━━━━━━━╸ 28/29 3.3it/s 9.5s<0.3s
[K       3/50      43.4G      1.943      1.477     0.0204        216        640: 100% ━━━━━━━━━━━━ 29/29 3.1it/s 9.5s
[K                 Class     Images  Instances      Box(P          R      mAP50  mAP50-95): 50% ━━━━━━────── 1/2 1.0it/s 0.3s<1.0s
[K                 Class     Images  Instances      Box(P          R      mAP50  mAP50-95): 100% ━━━━━━━━━━━━ 2/2 4.2it/s 0.5s
                   all        202        531     0.0916      0.124     0.0259    0.00553
      Epoch    GPU_mem   box_loss   cls_loss    l1_loss  Instances       Size
[K       4/50      43.4G       1.89      1.612    0.02116        250        640: 0% ──────────── 0/29  0.3s
[K       4/50      43.4G      1.965      1.661    0.02182        244        640: 3% ──────────── 1/29 1.1s/it 0.7s<30.3s
[K       4/50      43.4G      1.979      1.648    0.02216        279        640: 6% ╸─────────── 2/29 1.6it/s 1.0s<17.3s
[K       4/50      43.4G      1.946      1.598    0.02167        246        640: 10% ━─────────── 3/29 2.0it/s 1.3s<13.0s
[K       4/50      43.4G       1.97      1.609     0.0216        272        640: 13% ━╸────────── 4/29 2.3it/s 1.6s<10.8s
[K       4/50      43.4G      1.976      1.569    0.02172        254        640: 17% ━━────────── 5/29 2.5it/s 2.0s<9.5s
[K       4/50      43.4G      1.982      1.556    0.02128        274        640: 20% ━━────────── 6/29 2.7it/s 2.3s<8.6s
[K       4/50      43.4G      1.989      1.532    0.02132        329        640: 24% ━━╸───────── 7/29 2.8it/s 2.6s<7.9s
[K       4/50      43.4G      1.981      1.532    0.02113        288        640: 27% ━━━───────── 8/29 2.9it/s 3.0s<7.3s
[K       4/50      43.4G      1.989      1.539    0.02152        254        640: 31% ━━━╸──────── 9/29 2.9it/s 3.3s<6.8s
[K       4/50      43.4G      2.003      1.546    0.02174        263        640: 34% ━━━━──────── 10/29 3.0it/s 3.6s<6.4s
[K       4/50      43.4G      1.997      1.553    0.02158        295        640: 37% ━━━━╸─────── 11/29 3.0it/s 3.9s<6.0s
[K       4/50      43.4G      1.999      1.565    0.02157        261        640: 41% ━━━━╸─────── 12/29 3.0it/s 4.3s<5.7s
[K       4/50      43.4G      1.997      1.553    0.02163        304        640: 44% ━━━━━─────── 13/29 3.0it/s 4.6s<5.3s
[K       4/50      43.4G      1.996      1.558    0.02165        251        640: 48% ━━━━━╸────── 14/29 3.0it/s 4.9s<4.9s
[K       4/50      43.4G      1.995      1.554    0.02156        315        640: 51% ━━━━━━────── 15/29 3.0it/s 5.3s<4.6s
[K       4/50      43.4G      1.998      1.547    0.02146        328        640: 55% ━━━━━━╸───── 16/29 3.0it/s 5.6s<4.3s
[K       4/50      43.4G      2.004      1.547    0.02141        313        640: 58% ━━━━━━━───── 17/29 3.0it/s 5.9s<4.0s
[K       4/50      43.4G      2.003      1.546    0.02135        318        640: 62% ━━━━━━━───── 18/29 3.0it/s 6.2s<3.6s
[K       4/50      43.4G          2      1.539    0.02125        284        640: 65% ━━━━━━━╸──── 19/29 3.0it/s 6.6s<3.3s
[K       4/50      43.4G      1.996      1.538     0.0212        254        640: 68% ━━━━━━━━──── 20/29 3.0it/s 6.9s<3.0s
[K       4/50      43.4G      1.992      1.536    0.02111        278        640: 72% ━━━━━━━━╸─── 21/29 3.0it/s 7.2s<2.6s
[K       4/50      43.4G      1.986      1.536    0.02107        272        640: 75% ━━━━━━━━━─── 22/29 3.0it/s 7.6s<2.3s
[K       4/50      43.4G      1.983      1.539    0.02105        285        640: 79% ━━━━━━━━━╸── 23/29 3.0it/s 7.9s<2.0s
[K       4/50      43.4G      1.979      1.537    0.02096        260        640: 82% ━━━━━━━━━╸── 24/29 3.0it/s 8.2s<1.6s
[K       4/50      43.4G      1.977      1.539    0.02087        303        640: 86% ━━━━━━━━━━── 25/29 3.0it/s 8.6s<1.3s
[K       4/50      43.4G      1.979      1.538    0.02096        244        640: 89% ━━━━━━━━━━╸─ 26/29 3.0it/s 8.9s<1.0s
[K       4/50      43.4G      1.977      1.539    0.02092        290        640: 93% ━━━━━━━━━━━─ 27/29 3.0it/s 9.2s<0.7s
[K       4/50      43.4G      1.972      1.541    0.02094        162        640: 96% ━━━━━━━━━━━╸ 28/29 3.4it/s 9.5s<0.3s
[K       4/50      43.4G      1.972      1.541    0.02094        162        640: 100% ━━━━━━━━━━━━ 29/29 3.1it/s 9.5s
[K                 Class     Images  Instances      Box(P          R      mAP50  mAP50-95): 50% ━━━━━━────── 1/2 1.0it/s 0.3s<1.0s
[K                 Class     Images  Instances      Box(P          R      mAP50  mAP50-95): 100% ━━━━━━━━━━━━ 2/2 4.2it/s 0.5s
                   all        202        531      0.303      0.245      0.133     0.0351
      Epoch    GPU_mem   box_loss   cls_loss    l1_loss  Instances       Size
[K       5/50      43.4G      2.041      1.591    0.02285        309        640: 0% ──────────── 0/29  0.3s
[K       5/50      43.4G      1.983      1.495    0.02118        289        640: 3% ──────────── 1/29 1.1s/it 0.7s<30.4s
[K       5/50      43.4G      1.917      1.518    0.02085        240        640: 6% ╸─────────── 2/29 1.6it/s 1.0s<17.4s
[K       5/50      43.4G      1.937      1.513    0.02087        298        640: 10% ━─────────── 3/29 2.0it/s 1.3s<13.2s
[K       5/50      43.4G      1.935      1.504    0.02129        246        640: 13% ━╸────────── 4/29 2.3it/s 1.7s<10.9s
[K       5/50      43.4G       1.93      1.517    0.02127        236        640: 17% ━━────────── 5/29 2.5it/s 2.0s<9.5s
[K       5/50      43.4G      1.936      1.537    0.02153        283        640: 20% ━━────────── 6/29 2.7it/s 2.3s<8.6s
[K       5/50      43.4G      1.917       1.52     0.0211        247        640: 24% ━━╸───────── 7/29 2.8it/s 2.6s<7.9s
[K       5/50      43.4G      1.908      1.502    0.02092        314        640: 27% ━━━───────── 8/29 2.9it/s 3.0s<7.4s
[K       5/50      43.4G      1.892      1.497    0.02081        274        640: 31% ━━━╸──────── 9/29 2.9it/s 3.3s<6.9s
[K       5/50      43.4G      1.892      1.492    0.02058        293        640: 34% ━━━━──────── 10/29 2.9it/s 3.6s<6.5s
[K       5/50      43.4G       1.89      1.487    0.02049        303        640: 37% ━━━━╸─────── 11/29 3.0it/s 4.0s<6.1s
[K       5/50      43.4G      1.888      1.479    0.02052        311        640: 41% ━━━━╸─────── 12/29 3.0it/s 4.3s<5.7s
[K       5/50      43.4G      1.887      1.473    0.02042        309        640: 44% ━━━━━─────── 13/29 3.0it/s 4.6s<5.3s
[K       5/50      43.4G      1.885      1.463    0.02049        225        640: 48% ━━━━━╸────── 14/29 3.0it/s 4.9s<5.0s
[K       5/50      43.4G      1.888      1.458    0.02038        313        640: 51% ━━━━━━────── 15/29 3.0it/s 5.3s<4.6s
[K       5/50      43.4G      1.894      1.457     0.0203        260        640: 55% ━━━━━━╸───── 16/29 3.0it/s 5.6s<4.3s
[K       5/50      43.4G      1.897       1.46    0.02025        318        640: 58% ━━━━━━━───── 17/29 3.0it/s 5.9s<4.0s
[K       5/50      43.4G      1.889      1.458    0.02019        270        640: 62% ━━━━━━━───── 18/29 3.0it/s 6.3s<3.6s
[K       5/50      43.4G      1.887      1.457    0.02011        319        640: 65% ━━━━━━━╸──── 19/29 3.0it/s 6.6s<3.3s
[K       5/50      43.4G      1.885      1.456    0.01998        310        640: 68% ━━━━━━━━──── 20/29 3.0it/s 6.9s<3.0s
[K       5/50      43.4G      1.878      1.448     0.0199        284        640: 72% ━━━━━━━━╸─── 21/29 3.0it/s 7.3s<2.6s
[K       5/50      43.4G      1.875      1.446    0.01991        275        640: 75% ━━━━━━━━━─── 22/29 3.0it/s 7.6s<2.3s
[K       5/50      43.4G      1.872      1.442    0.01985        303        640: 79% ━━━━━━━━━╸── 23/29 3.0it/s 7.9s<2.0s
[K       5/50      43.4G      1.874      1.443     0.0198        275        640: 82% ━━━━━━━━━╸── 24/29 3.0it/s 8.2s<1.7s
[K       5/50      43.4G      1.871      1.444    0.01967        321        640: 86% ━━━━━━━━━━── 25/29 3.0it/s 8.6s<1.3s
[K       5/50      43.4G      1.865      1.437    0.01957        296        640: 89% ━━━━━━━━━━╸─ 26/29 3.0it/s 8.9s<1.0s
[K       5/50      43.4G      1.861      1.438    0.01956        242        640: 93% ━━━━━━━━━━━─ 27/29 3.0it/s 9.2s<0.7s
[K       5/50      43.4G      1.861      1.438    0.01958        194        640: 96% ━━━━━━━━━━━╸ 28/29 3.3it/s 9.5s<0.3s
[K       5/50      43.4G      1.861      1.438    0.01958        194        640: 100% ━━━━━━━━━━━━ 29/29 3.1it/s 9.5s
[K                 Class     Images  Instances      Box(P          R      mAP50  mAP50-95): 50% ━━━━━━────── 1/2 1.0s/it 0.3s<1.0s
[K                 Class     Images  Instances      Box(P          R      mAP50  mAP50-95): 100% ━━━━━━━━━━━━ 2/2 3.9it/s 0.5s
                   all        202        531      0.469      0.446      0.394      0.138
      Epoch    GPU_mem   box_loss   cls_loss    l1_loss  Instances       Size
[K       6/50      43.4G       1.82      1.597    0.01765        284        640: 0% ──────────── 0/29  0.3s
[K       6/50      43.4G      1.819      1.497    0.01843        265        640: 3% ──────────── 1/29 1.1s/it 0.7s<30.5s
[K       6/50      43.4G       1.83       1.47    0.01808        327        640: 6% ╸─────────── 2/29 1.5it/s 1.0s<17.5s
[K       6/50      43.4G      1.845      1.449    0.01848        264        640: 10% ━─────────── 3/29 2.0it/s 1.3s<13.1s
[K       6/50      43.4G      1.834      1.459    0.01829        261        640: 13% ━╸────────── 4/29 2.3it/s 1.7s<10.9s
[K       6/50      43.4G      1.823      1.461    0.01848        247        640: 17% ━━────────── 5/29 2.5it/s 2.0s<9.6s
[K       6/50      43.4G      1.822      1.459    0.01835        321        640: 20% ━━────────── 6/29 2.7it/s 2.3s<8.7s
[K       6/50      43.4G      1.825      1.455    0.01816        280        640: 24% ━━╸───────── 7/29 2.8it/s 2.7s<8.0s
[K       6/50      43.4G      1.827      1.444    0.01809        271        640: 27% ━━━───────── 8/29 2.8it/s 3.0s<7.4s
[K       6/50      43.4G      1.828      1.435    0.01821        274        640: 31% ━━━╸──────── 9/29 2.9it/s 3.3s<6.9s
[K       6/50      43.4G      1.818      1.428    0.01806        283        640: 34% ━━━━──────── 10/29 2.9it/s 3.7s<6.5s
[K       6/50      43.4G       1.82      1.431    0.01797        326        640: 37% ━━━━╸─────── 11/29 3.0it/s 4.0s<6.1s
[K       6/50      43.4G      1.821      1.439    0.01795        264        640: 41% ━━━━╸─────── 12/29 3.0it/s 4.3s<5.7s
[K       6/50      43.4G      1.831      1.443    0.01807        265        640: 44% ━━━━━─────── 13/29 3.0it/s 4.7s<5.4s
[K       6/50      43.4G      1.833      1.442    0.01816        237        640: 48% ━━━━━╸────── 14/29 3.0it/s 5.0s<5.0s
[K       6/50      43.4G      1.832      1.444    0.01818        292        640: 51% ━━━━━━────── 15/29 3.0it/s 5.3s<4.7s
[K       6/50      43.4G      1.832      1.434    0.01838        275        640: 55% ━━━━━━╸───── 16/29 3.0it/s 5.6s<4.3s
[K       6/50      43.4G       1.83      1.425    0.01845        240        640: 58% ━━━━━━━───── 17/29 3.0it/s 6.0s<4.0s
[K       6/50      43.4G      1.826      1.424    0.01845        300        640: 62% ━━━━━━━───── 18/29 3.0it/s 6.3s<3.6s
[K       6/50      43.4G      1.825      1.431    0.01849        265        640: 65% ━━━━━━━╸──── 19/29 3.0it/s 6.6s<3.3s
[K       6/50      43.4G      1.818      1.425     0.0184        277        640: 68% ━━━━━━━━──── 20/29 3.0it/s 7.0s<3.0s
[K       6/50      43.4G      1.817      1.421    0.01841        280        640: 72% ━━━━━━━━╸─── 21/29 3.0it/s 7.3s<2.6s
[K       6/50      43.4G      1.814      1.415    0.01845        265        640: 75% ━━━━━━━━━─── 22/29 3.0it/s 7.6s<2.3s
[K       6/50      43.4G      1.813      1.414    0.01846        301        640: 79% ━━━━━━━━━╸── 23/29 3.0it/s 8.0s<2.0s
[K       6/50      43.4G      1.814      1.411    0.01849        225        640: 82% ━━━━━━━━━╸── 24/29 3.1it/s 8.3s<1.6s
[K       6/50      43.4G      1.811      1.405    0.01852        259        640: 86% ━━━━━━━━━━── 25/29 3.1it/s 8.6s<1.3s
[K       6/50      43.4G      1.809      1.396    0.01851        263        640: 89% ━━━━━━━━━━╸─ 26/29 3.0it/s 8.9s<1.0s
[K       6/50      43.4G      1.806      1.395    0.01843        324        640: 93% ━━━━━━━━━━━─ 27/29 3.0it/s 9.3s<0.7s
[K       6/50      43.4G      1.805      1.389    0.01841        210        640: 96% ━━━━━━━━━━━╸ 28/29 3.4it/s 9.5s<0.3s
[K       6/50      43.4G      1.805      1.389    0.01841        210        640: 100% ━━━━━━━━━━━━ 29/29 3.1it/s 9.5s
[K                 Class     Images  Instances      Box(P          R      mAP50  mAP50-95): 50% ━━━━━━────── 1/2 1.0it/s 0.3s<1.0s
[K                 Class     Images  Instances      Box(P          R      mAP50  mAP50-95): 100% ━━━━━━━━━━━━ 2/2 4.0it/s 0.5s
                   all        202        531      0.607      0.629      0.618      0.249
      Epoch    GPU_mem   box_loss   cls_loss    l1_loss  Instances       Size
[K       7/50      43.4G      1.757      1.423    0.01996        249        640: 0% ──────────── 0/29  0.3s
[K       7/50      43.4G      1.813       1.36    0.01908        240        640: 3% ──────────── 1/29 1.1s/it 0.7s<30.7s
[K       7/50      43.4G      1.797      1.305    0.01904        270        640: 6% ╸─────────── 2/29 1.6it/s 1.0s<17.4s
[K       7/50      43.4G      1.819      1.321    0.01894        306        640: 10% ━─────────── 3/29 2.0it/s 1.3s<13.0s
[K       7/50      43.4G      1.827      1.316    0.01927        237        640: 13% ━╸────────── 4/29 2.3it/s 1.6s<10.8s
[K       7/50      43.4G      1.833      1.325    0.01918        289        640: 17% ━━────────── 5/29 2.5it/s 2.0s<9.5s
[K       7/50      43.4G      1.823      1.314    0.01899        277        640: 20% ━━────────── 6/29 2.7it/s 2.3s<8.6s
[K       7/50      43.4G      1.821      1.336    0.01895        272        640: 24% ━━╸───────── 7/29 2.8it/s 2.6s<7.9s
[K       7/50      43.4G      1.819      1.334     0.0186        356        640: 27% ━━━───────── 8/29 2.9it/s 3.0s<7.3s
[K       7/50      43.4G       1.82      1.344    0.01858        295        640: 31% ━━━╸──────── 9/29 2.9it/s 3.3s<6.8s
[K       7/50      43.4G      1.821      1.339    0.01839        296        640: 34% ━━━━──────── 10/29 3.0it/s 3.6s<6.4s
[K       7/50      43.4G      1.818      1.343    0.01839        284        640: 37% ━━━━╸─────── 11/29 3.0it/s 3.9s<6.1s
[K       7/50      43.4G      1.819      1.348    0.01842        256        640: 41% ━━━━╸─────── 12/29 3.0it/s 4.3s<5.7s
[K       7/50      43.4G      1.818       1.34    0.01834        295        640: 44% ━━━━━─────── 13/29 3.0it/s 4.6s<5.3s
[K       7/50      43.4G      1.815      1.348    0.01841        247        640: 48% ━━━━━╸────── 14/29 3.0it/s 4.9s<5.0s
[K       7/50      43.4G      1.819      1.348    0.01849        274        640: 51% ━━━━━━────── 15/29 3.0it/s 5.3s<4.6s
[K       7/50      43.4G      1.814      1.346    0.01841        264        640: 55% ━━━━━━╸───── 16/29 3.1it/s 5.6s<4.3s
[K       7/50      43.4G      1.812      1.345    0.01843        275        640: 58% ━━━━━━━───── 17/29 3.0it/s 5.9s<3.9s
[K       7/50      43.4G      1.813      1.342    0.01833        277        640: 62% ━━━━━━━───── 18/29 3.0it/s 6.2s<3.6s
[K       7/50      43.4G      1.813      1.337    0.01832        316        640: 65% ━━━━━━━╸──── 19/29 3.0it/s 6.6s<3.3s
[K       7/50      43.4G       1.81      1.334    0.01837        235        640: 68% ━━━━━━━━──── 20/29 3.0it/s 6.9s<3.0s
[K       7/50      43.4G      1.803      1.329    0.01834        257        640: 72% ━━━━━━━━╸─── 21/29 3.0it/s 7.2s<2.6s
[K       7/50      43.4G      1.801      1.323     0.0183        292        640: 75% ━━━━━━━━━─── 22/29 3.0it/s 7.6s<2.3s
[K       7/50      43.4G      1.796       1.32    0.01824        279        640: 79% ━━━━━━━━━╸── 23/29 3.0it/s 7.9s<2.0s
[K       7/50      43.4G      1.796       1.32    0.01833        285        640: 82% ━━━━━━━━━╸── 24/29 3.1it/s 8.2s<1.6s
[K       7/50      43.4G      1.796       1.32    0.01835        310        640: 86% ━━━━━━━━━━── 25/29 3.1it/s 8.5s<1.3s
[K       7/50      43.4G      1.791      1.317    0.01835        239        640: 89% ━━━━━━━━━━╸─ 26/29 3.0it/s 8.9s<1.0s
[K       7/50      43.4G      1.789      1.314    0.01842        253        640: 93% ━━━━━━━━━━━─ 27/29 3.1it/s 9.2s<0.7s
[K       7/50      43.4G      1.786      1.314    0.01839        209        640: 96% ━━━━━━━━━━━╸ 28/29 3.4it/s 9.4s<0.3s
[K       7/50      43.4G      1.786      1.314    0.01839        209        640: 100% ━━━━━━━━━━━━ 29/29 3.1it/s 9.4s
[K                 Class     Images  Instances      Box(P          R      mAP50  mAP50-95): 50% ━━━━━━────── 1/2 1.1s/it 0.3s<1.1s
[K                 Class     Images  Instances      Box(P          R      mAP50  mAP50-95): 100% ━━━━━━━━━━━━ 2/2 3.8it/s 0.5s
                   all        202        531      0.513      0.574      0.497      0.213
      Epoch    GPU_mem   box_loss   cls_loss    l1_loss  Instances       Size
[K       8/50      43.4G      1.703      1.304    0.01707        268        640: 0% ──────────── 0/29  0.3s
[K       8/50      43.4G       1.78      1.326    0.01937        258        640: 3% ──────────── 1/29 1.1s/it 0.7s<30.5s
[K       8/50      43.4G      1.755      1.318    0.01874        295        640: 6% ╸─────────── 2/29 1.6it/s 1.0s<17.4s
[K       8/50      43.4G      1.773      1.326    0.01826        306        640: 10% ━─────────── 3/29 2.0it/s 1.3s<13.0s
[K       8/50      43.4G      1.763      1.306    0.01808        280        640: 13% ━╸────────── 4/29 2.3it/s 1.6s<10.8s
[K       8/50      43.4G      1.776      1.316    0.01784        308        640: 17% ━━────────── 5/29 2.5it/s 2.0s<9.5s
[K       8/50      43.4G      1.765      1.319    0.01785        270        640: 20% ━━────────── 6/29 2.7it/s 2.3s<8.6s
[K       8/50      43.4G      1.772      1.319    0.01762        312        640: 24% ━━╸───────── 7/29 2.8it/s 2.6s<7.9s
[K       8/50      43.4G      1.784      1.323    0.01756        314        640: 27% ━━━───────── 8/29 2.9it/s 3.0s<7.3s
[K       8/50      43.4G      1.776      1.312    0.01747        301        640: 31% ━━━╸──────── 9/29 2.9it/s 3.3s<6.8s
[K       8/50      43.4G      1.765      1.304    0.01743        284        640: 34% ━━━━──────── 10/29 3.0it/s 3.6s<6.4s
[K       8/50      43.4G      1.766      1.309     0.0175        318        640: 37% ━━━━╸─────── 11/29 3.0it/s 4.0s<6.1s
[K       8/50      43.4G      1.764      1.307     0.0175        264        640: 41% ━━━━╸─────── 12/29 3.0it/s 4.3s<5.7s
[K       8/50      43.4G      1.762      1.299    0.01758        287        640: 44% ━━━━━─────── 13/29 3.0it/s 4.6s<5.3s
[K       8/50      43.4G      1.765      1.293    0.01754        293        640: 48% ━━━━━╸────── 14/29 3.0it/s 4.9s<5.0s
[K       8/50      43.4G      1.754      1.277    0.01744        306        640: 51% ━━━━━━────── 15/29 3.0it/s 5.3s<4.6s
[K       8/50      43.4G      1.753      1.281     0.0174        278        640: 55% ━━━━━━╸───── 16/29 3.0it/s 5.6s<4.3s
[K       8/50      43.4G      1.752      1.286    0.01724        305        640: 58% ━━━━━━━───── 17/29 3.0it/s 5.9s<3.9s
[K       8/50      43.4G      1.749      1.282    0.01723        291        640: 62% ━━━━━━━───── 18/29 3.0it/s 6.2s<3.6s
[K       8/50      43.4G      1.749      1.276    0.01727        279        640: 65% ━━━━━━━╸──── 19/29 3.0it/s 6.6s<3.3s
[K       8/50      43.4G      1.744      1.276    0.01728        253        640: 68% ━━━━━━━━──── 20/29 3.0it/s 6.9s<3.0s
[K       8/50      43.4G      1.746      1.277    0.01729        276        640: 72% ━━━━━━━━╸─── 21/29 3.0it/s 7.2s<2.6s
[K       8/50      43.4G      1.745      1.275    0.01733        276        640: 75% ━━━━━━━━━─── 22/29 3.0it/s 7.6s<2.3s
[K       8/50      43.4G      1.744       1.27    0.01735        293        640: 79% ━━━━━━━━━╸── 23/29 3.0it/s 7.9s<2.0s
[K       8/50      43.4G      1.745      1.274    0.01733        298        640: 82% ━━━━━━━━━╸── 24/29 3.0it/s 8.2s<1.6s
[K       8/50      43.4G      1.744      1.273    0.01732        299        640: 86% ━━━━━━━━━━── 25/29 3.0it/s 8.6s<1.3s
[K       8/50      43.4G      1.742      1.272    0.01736        244        640: 89% ━━━━━━━━━━╸─ 26/29 3.0it/s 8.9s<1.0s
[K       8/50      43.4G       1.74      1.264    0.01729        295        640: 93% ━━━━━━━━━━━─ 27/29 3.0it/s 9.2s<0.7s
[K       8/50      43.4G      1.741      1.264    0.01726        236        640: 96% ━━━━━━━━━━━╸ 28/29 3.4it/s 9.4s<0.3s
[K       8/50      43.4G      1.741      1.264    0.01726        236        640: 100% ━━━━━━━━━━━━ 29/29 3.1it/s 9.4s
[K                 Class     Images  Instances      Box(P          R      mAP50  mAP50-95): 50% ━━━━━━────── 1/2 1.1s/it 0.3s<1.1s
[K                 Class     Images  Instances      Box(P          R      mAP50  mAP50-95): 100% ━━━━━━━━━━━━ 2/2 3.8it/s 0.5s
                   all        202        531      0.653      0.678       0.68      0.282
      Epoch    GPU_mem   box_loss   cls_loss    l1_loss  Instances       Size
[K       9/50      43.4G      1.796      1.201    0.01741        308        640: 0% ──────────── 0/29  0.3s
[K       9/50      43.4G      1.751      1.171    0.01764        288        640: 3% ──────────── 1/29 1.1s/it 0.7s<31.3s
[K       9/50      43.4G      1.732      1.162    0.01764        298        640: 6% ╸─────────── 2/29 1.5it/s 1.0s<17.7s
[K       9/50      43.4G       1.74      1.185    0.01728        310        640: 10% ━─────────── 3/29 2.0it/s 1.3s<13.2s
[K       9/50      43.4G      1.733      1.207    0.01721        282        640: 13% ━╸────────── 4/29 2.3it/s 1.7s<11.0s
[K       9/50      43.4G       1.74        1.2    0.01719        294        640: 17% ━━────────── 5/29 2.5it/s 2.0s<9.6s
[K       9/50      43.4G       1.73      1.193    0.01712        283        640: 20% ━━────────── 6/29 2.7it/s 2.3s<8.7s
[K       9/50      43.4G      1.725      1.209    0.01718        282        640: 24% ━━╸───────── 7/29 2.8it/s 2.7s<7.9s
[K       9/50      43.4G      1.725      1.209    0.01704        302        640: 27% ━━━───────── 8/29 2.9it/s 3.0s<7.4s
[K       9/50      43.4G      1.717      1.202    0.01693        281        640: 31% ━━━╸──────── 9/29 2.9it/s 3.3s<6.9s
[K       9/50      43.4G      1.715       1.21    0.01687        283        640: 34% ━━━━──────── 10/29 3.0it/s 3.6s<6.4s
[K       9/50      43.4G      1.707      1.212    0.01676        268        640: 37% ━━━━╸─────── 11/29 3.0it/s 4.0s<6.0s
[K       9/50      43.4G      1.707      1.206    0.01671        275        640: 41% ━━━━╸─────── 12/29 3.0it/s 4.3s<5.7s
[K       9/50      43.4G      1.708      1.213    0.01681        247        640: 44% ━━━━━─────── 13/29 3.0it/s 4.6s<5.3s
[K       9/50      43.4G      1.709      1.211    0.01702        234        640: 48% ━━━━━╸────── 14/29 3.0it/s 5.0s<5.0s
[K       9/50      43.4G      1.713      1.216    0.01704        279        640: 51% ━━━━━━────── 15/29 3.0it/s 5.3s<4.6s
[K       9/50      43.4G      1.704      1.216     0.0169        310        640: 55% ━━━━━━╸───── 16/29 3.0it/s 5.6s<4.3s
[K       9/50      43.4G      1.705      1.217     0.0169        270        640: 58% ━━━━━━━───── 17/29 3.0it/s 6.0s<4.0s
[K       9/50      43.4G      1.702      1.211     0.0169        297        640: 62% ━━━━━━━───── 18/29 3.0it/s 6.3s<3.6s
[K       9/50      43.4G      1.704       1.21    0.01688        298        640: 65% ━━━━━━━╸──── 19/29 3.0it/s 6.6s<3.3s
[K       9/50      43.4G      1.708      1.206    0.01693        297        640: 68% ━━━━━━━━──── 20/29 3.0it/s 6.9s<3.0s
[K       9/50      43.4G      1.708      1.206    0.01692        292        640: 72% ━━━━━━━━╸─── 21/29 3.0it/s 7.3s<2.6s
[K       9/50      43.4G      1.708      1.204    0.01697        292        640: 75% ━━━━━━━━━─── 22/29 3.0it/s 7.6s<2.3s
[K       9/50      43.4G      1.707      1.202    0.01695        267        640: 79% ━━━━━━━━━╸── 23/29 3.0it/s 7.9s<2.0s
[K       9/50      43.4G      1.709      1.204    0.01693        304        640: 82% ━━━━━━━━━╸── 24/29 3.0it/s 8.3s<1.6s
[K       9/50      43.4G      1.706      1.213    0.01697        270        640: 86% ━━━━━━━━━━── 25/29 3.0it/s 8.6s<1.3s
[K       9/50      43.4G      1.707      1.211    0.01703        253        640: 89% ━━━━━━━━━━╸─ 26/29 3.1it/s 8.9s<1.0s
[K       9/50      43.4G      1.706      1.211      0.017        285        640: 93% ━━━━━━━━━━━─ 27/29 3.1it/s 9.2s<0.7s
[K       9/50      43.4G      1.704      1.206    0.01704        179        640: 96% ━━━━━━━━━━━╸ 28/29 3.4it/s 9.5s<0.3s
[K       9/50      43.4G      1.704      1.206    0.01704        179        640: 100% ━━━━━━━━━━━━ 29/29 3.1it/s 9.5s
[K                 Class     Images  Instances      Box(P          R      mAP50  mAP50-95): 50% ━━━━━━────── 1/2 1.0s/it 0.3s<1.0s
[K                 Class     Images  Instances      Box(P          R      mAP50  mAP50-95): 100% ━━━━━━━━━━━━ 2/2 3.9it/s 0.5s
                   all        202        531      0.715      0.669      0.721      0.331
      Epoch    GPU_mem   box_loss   cls_loss    l1_loss  Instances       Size
[K      10/50      43.4G      1.706       1.11    0.01817        282        640: 0% ──────────── 0/29  0.3s
[K      10/50      43.4G       1.74      1.136    0.01824        276        640: 3% ──────────── 1/29 1.1s/it 0.7s<31.1s
[K      10/50      43.4G      1.703      1.163    0.01784        291        640: 6% ╸─────────── 2/29 1.5it/s 1.0s<17.7s
[K      10/50      43.4G      1.722      1.201    0.01778        307        640: 10% ━─────────── 3/29 2.0it/s 1.3s<13.3s
[K      10/50      43.4G      1.713      1.211    0.01775        253        640: 13% ━╸────────── 4/29 2.3it/s 1.7s<11.0s
[K      10/50      43.4G      1.707      1.214    0.01749        281        640: 17% ━━────────── 5/29 2.5it/s 2.0s<9.6s
[K      10/50      43.4G      1.699      1.198    0.01747        267        640: 20% ━━────────── 6/29 2.7it/s 2.3s<8.6s
[K      10/50      43.4G      1.686      1.194    0.01711        279        640: 24% ━━╸───────── 7/29 2.8it/s 2.7s<7.9s
[K      10/50      43.4G      1.682      1.196    0.01705        275        640: 27% ━━━───────── 8/29 2.8it/s 3.0s<7.4s
[K      10/50      43.4G      1.693      1.201    0.01704        296        640: 31% ━━━╸──────── 9/29 2.9it/s 3.3s<6.9s
[K      10/50      43.4G      1.691      1.209      0.017        282        640: 34% ━━━━──────── 10/29 2.9it/s 3.6s<6.5s
[K      10/50      43.4G      1.692      1.205    0.01708        232        640: 37% ━━━━╸─────── 11/29 3.0it/s 4.0s<6.1s
[K      10/50      43.4G      1.692      1.198    0.01702        288        640: 41% ━━━━╸─────── 12/29 3.0it/s 4.3s<5.7s
[K      10/50      43.4G      1.685      1.191    0.01711        262        640: 44% ━━━━━─────── 13/29 3.0it/s 4.6s<5.3s
[K      10/50      43.4G      1.689      1.191    0.01708        295        640: 48% ━━━━━╸────── 14/29 3.0it/s 5.0s<5.0s
[K      10/50      43.4G      1.691      1.185    0.01699        344        640: 51% ━━━━━━────── 15/29 3.0it/s 5.3s<4.6s
[K      10/50      43.4G      1.695      1.186    0.01709        231        640: 55% ━━━━━━╸───── 16/29 3.0it/s 5.6s<4.3s
[K      10/50      43.4G      1.699      1.184    0.01712        295        640: 58% ━━━━━━━───── 17/29 3.0it/s 6.0s<4.0s
[K      10/50      43.4G      1.698      1.183    0.01707        270        640: 62% ━━━━━━━───── 18/29 3.0it/s 6.3s<3.6s
[K      10/50      43.4G      1.695      1.178    0.01705        275        640: 65% ━━━━━━━╸──── 19/29 3.0it/s 6.6s<3.3s
[K      10/50      43.4G      1.692      1.175    0.01701        280        640: 68% ━━━━━━━━──── 20/29 3.0it/s 6.9s<3.0s
[K      10/50      43.4G      1.694      1.175    0.01692        294        640: 72% ━━━━━━━━╸─── 21/29 3.0it/s 7.3s<2.6s
[K      10/50      43.4G      1.697      1.175    0.01697        276        640: 75% ━━━━━━━━━─── 22/29 3.0it/s 7.6s<2.3s
[K      10/50      43.4G      1.691      1.172    0.01682        288        640: 79% ━━━━━━━━━╸── 23/29 3.1it/s 7.9s<2.0s
[K      10/50      43.4G      1.692      1.166    0.01678        332        640: 82% ━━━━━━━━━╸── 24/29 3.0it/s 8.3s<1.6s
[K      10/50      43.4G      1.691      1.163    0.01667        355        640: 86% ━━━━━━━━━━── 25/29 3.0it/s 8.6s<1.3s
[K      10/50      43.4G       1.69      1.164    0.01661        293        640: 89% ━━━━━━━━━━╸─ 26/29 3.0it/s 8.9s<1.0s
[K      10/50      43.4G      1.698      1.169    0.01675        256        640: 93% ━━━━━━━━━━━─ 27/29 3.0it/s 9.2s<0.7s
[K      10/50      43.4G      1.703       1.17    0.01685        208        640: 96% ━━━━━━━━━━━╸ 28/29 3.4it/s 9.5s<0.3s
[K      10/50      43.4G      1.703       1.17    0.01685        208        640: 100% ━━━━━━━━━━━━ 29/29 3.1it/s 9.5s
[K                 Class     Images  Instances      Box(P          R      mAP50  mAP50-95): 50% ━━━━━━────── 1/2 1.0s/it 0.3s<1.0s
[K                 Class     Images  Instances      Box(P          R      mAP50  mAP50-95): 100% ━━━━━━━━━━━━ 2/2 3.9it/s 0.5s
                   all        202        531      0.644      0.652      0.665      0.294
      Epoch    GPU_mem   box_loss   cls_loss    l1_loss  Instances       Size
[K      11/50      43.4G      1.802      1.264    0.01774        325        640: 0% ──────────── 0/29  0.3s
[K      11/50      43.4G      1.788      1.231    0.01761        267        640: 3% ──────────── 1/29 1.1s/it 0.7s<30.3s
[K      11/50      43.4G      1.787      1.234    0.01764        274        640: 6% ╸─────────── 2/29 1.6it/s 1.0s<17.2s
[K      11/50      43.4G      1.782      1.204    0.01816        246        640: 10% ━─────────── 3/29 2.0it/s 1.3s<13.0s
[K      11/50      43.4G      1.762      1.201      0.018        290        640: 13% ━╸────────── 4/29 2.3it/s 1.6s<10.8s
[K      11/50      43.4G      1.738      1.181    0.01734        318        640: 17% ━━────────── 5/29 2.5it/s 2.0s<9.5s
[K      11/50      43.4G       1.74      1.186    0.01754        307        640: 20% ━━────────── 6/29 2.7it/s 2.3s<8.5s
[K      11/50      43.4G      1.728      1.186    0.01731        293        640: 24% ━━╸───────── 7/29 2.8it/s 2.6s<7.8s
[K      11/50      43.4G      1.732      1.181    0.01749        275        640: 27% ━━━───────── 8/29 2.9it/s 2.9s<7.3s
[K      11/50      43.4G      1.721      1.184    0.01761        250        640: 31% ━━━╸──────── 9/29 2.9it/s 3.3s<6.8s
[K      11/50      43.4G      1.712      1.173    0.01733        317        640: 34% ━━━━──────── 10/29 3.0it/s 3.6s<6.4s
[K      11/50      43.4G      1.706      1.175     0.0171        294        640: 37% ━━━━╸─────── 11/29 3.0it/s 3.9s<6.0s
[K      11/50      43.4G      1.696      1.162    0.01718        260        640: 41% ━━━━╸─────── 12/29 3.0it/s 4.3s<5.7s
[K      11/50      43.4G      1.697      1.163    0.01704        290        640: 44% ━━━━━─────── 13/29 3.0it/s 4.6s<5.3s
[K      11/50      43.4G       1.69      1.162    0.01703        267        640: 48% ━━━━━╸────── 14/29 3.0it/s 4.9s<4.9s
[K      11/50      43.4G      1.686      1.154    0.01687        314        640: 51% ━━━━━━────── 15/29 3.0it/s 5.2s<4.6s
[K      11/50      43.4G      1.683      1.149    0.01674        311        640: 55% ━━━━━━╸───── 16/29 3.0it/s 5.6s<4.3s
[K      11/50      43.4G      1.688      1.152     0.0167        260        640: 58% ━━━━━━━───── 17/29 3.1it/s 5.9s<3.9s
[K      11/50      43.4G      1.693      1.155    0.01678        241        640: 62% ━━━━━━━───── 18/29 3.1it/s 6.2s<3.6s
[K      11/50      43.4G      1.686      1.153     0.0167        317        640: 65% ━━━━━━━╸──── 19/29 3.1it/s 6.5s<3.3s
[K      11/50      43.4G      1.686      1.155    0.01668        242        640: 68% ━━━━━━━━──── 20/29 3.0it/s 6.9s<3.0s
[K      11/50      43.4G      1.688      1.151     0.0167        284        640: 72% ━━━━━━━━╸─── 21/29 3.0it/s 7.2s<2.6s
[K      11/50      43.4G       1.68      1.147    0.01662        281        640: 75% ━━━━━━━━━─── 22/29 3.0it/s 7.5s<2.3s
[K      11/50      43.4G      1.676      1.148    0.01659        268        640: 79% ━━━━━━━━━╸── 23/29 3.0it/s 7.9s<2.0s
[K      11/50      43.4G      1.676      1.146    0.01659        278        640: 82% ━━━━━━━━━╸── 24/29 3.0it/s 8.2s<1.6s
[K      11/50      43.4G      1.674      1.144    0.01646        358        640: 86% ━━━━━━━━━━── 25/29 3.0it/s 8.5s<1.3s
[K      11/50      43.4G      1.674      1.141     0.0165        286        640: 89% ━━━━━━━━━━╸─ 26/29 3.0it/s 8.9s<1.0s
[K      11/50      43.4G      1.673      1.141    0.01648        313        640: 93% ━━━━━━━━━━━─ 27/29 3.0it/s 9.2s<0.7s
[K      11/50      43.4G       1.67       1.14    0.01641        229        640: 96% ━━━━━━━━━━━╸ 28/29 3.3it/s 9.4s<0.3s
[K      11/50      43.4G       1.67       1.14    0.01641        229        640: 100% ━━━━━━━━━━━━ 29/29 3.1it/s 9.4s
[K                 Class     Images  Instances      Box(P          R      mAP50  mAP50-95): 50% ━━━━━━────── 1/2 1.0s/it 0.3s<1.0s
[K                 Class     Images  Instances      Box(P          R      mAP50  mAP50-95): 100% ━━━━━━━━━━━━ 2/2 4.2it/s 0.5s
                   all        202        531      0.767      0.661      0.755       0.36
      Epoch    GPU_mem   box_loss   cls_loss    l1_loss  Instances       Size
[K      12/50      43.4G      1.627      1.068    0.01554        315        640: 0% ──────────── 0/29  0.3s
[K      12/50      43.4G      1.584       1.12    0.01479        302        640: 3% ──────────── 1/29 1.1s/it 0.7s<30.9s
[K      12/50      43.4G      1.625      1.169    0.01518        255        640: 6% ╸─────────── 2/29 1.5it/s 1.0s<17.4s
[K      12/50      43.4G      1.647       1.16    0.01516        348        640: 10% ━─────────── 3/29 2.0it/s 1.3s<13.0s
[K      12/50      43.4G      1.627      1.136    0.01541        271        640: 13% ━╸────────── 4/29 2.3it/s 1.7s<10.8s
[K      12/50      43.4G      1.621      1.127    0.01532        272        640: 17% ━━────────── 5/29 2.5it/s 2.0s<9.6s
[K      12/50      43.4G      1.624      1.117    0.01553        296        640: 20% ━━────────── 6/29 2.7it/s 2.3s<8.6s
[K      12/50      43.4G      1.627      1.124    0.01564        283        640: 24% ━━╸───────── 7/29 2.8it/s 2.7s<7.9s
[K      12/50      43.4G      1.632      1.127    0.01581        271        640: 27% ━━━───────── 8/29 2.9it/s 3.0s<7.4s
[K      12/50      43.4G       1.63      1.125    0.01558        320        640: 31% ━━━╸──────── 9/29 2.9it/s 3.3s<6.9s
[K      12/50      43.4G      1.624      1.119    0.01561        261        640: 34% ━━━━──────── 10/29 2.9it/s 3.6s<6.4s
[K      12/50      43.4G      1.625      1.116    0.01556        277        640: 37% ━━━━╸─────── 11/29 3.0it/s 4.0s<6.1s
[K      12/50      43.4G      1.632      1.126    0.01582        206        640: 41% ━━━━╸─────── 12/29 3.0it/s 4.3s<5.7s
[K      12/50      43.4G      1.628      1.124    0.01569        324        640: 44% ━━━━━─────── 13/29 3.0it/s 4.6s<5.3s
[K      12/50      43.4G      1.627      1.129    0.01592        251        640: 48% ━━━━━╸────── 14/29 3.0it/s 5.0s<5.0s
[K      12/50      43.4G      1.627      1.131    0.01599        277        640: 51% ━━━━━━────── 15/29 3.0it/s 5.3s<4.7s
[K      12/50      43.4G      1.627       1.13    0.01592        280        640: 55% ━━━━━━╸───── 16/29 3.0it/s 5.6s<4.3s
[K      12/50      43.4G      1.627      1.132    0.01592        278        640: 58% ━━━━━━━───── 17/29 3.0it/s 6.0s<4.0s
[K      12/50      43.4G      1.632      1.132    0.01591        324        640: 62% ━━━━━━━───── 18/29 3.0it/s 6.3s<3.6s
[K      12/50      43.4G      1.628      1.129    0.01585        295        640: 65% ━━━━━━━╸──── 19/29 3.0it/s 6.6s<3.3s
[K      12/50      43.4G      1.628      1.127    0.01573        286        640: 68% ━━━━━━━━──── 20/29 3.0it/s 6.9s<3.0s
[K      12/50      43.4G      1.626      1.128    0.01573        295        640: 72% ━━━━━━━━╸─── 21/29 3.0it/s 7.3s<2.6s
[K      12/50      43.4G      1.629      1.127     0.0157        305        640: 75% ━━━━━━━━━─── 22/29 3.0it/s 7.6s<2.3s
[K      12/50      43.4G      1.627      1.125    0.01568        299        640: 79% ━━━━━━━━━╸── 23/29 3.0it/s 7.9s<2.0s
[K      12/50      43.4G      1.628      1.123    0.01567        279        640: 82% ━━━━━━━━━╸── 24/29 3.0it/s 8.3s<1.6s
[K      12/50      43.4G      1.629      1.124     0.0157        306        640: 86% ━━━━━━━━━━── 25/29 3.0it/s 8.6s<1.3s
[K      12/50      43.4G      1.629      1.122    0.01571        245        640: 89% ━━━━━━━━━━╸─ 26/29 3.0it/s 8.9s<1.0s
[K      12/50      43.4G      1.628       1.12    0.01572        249        640: 93% ━━━━━━━━━━━─ 27/29 3.0it/s 9.2s<0.7s
[K      12/50      43.4G      1.624      1.124    0.01565        214        640: 96% ━━━━━━━━━━━╸ 28/29 3.4it/s 9.5s<0.3s
[K      12/50      43.4G      1.624      1.124    0.01565        214        640: 100% ━━━━━━━━━━━━ 29/29 3.1it/s 9.5s
[K                 Class     Images  Instances      Box(P          R      mAP50  mAP50-95): 50% ━━━━━━────── 1/2 1.0it/s 0.3s<1.0s
[K                 Class     Images  Instances      Box(P          R      mAP50  mAP50-95): 100% ━━━━━━━━━━━━ 2/2 4.2it/s 0.5s
                   all        202        531      0.826      0.655      0.771      0.385
      Epoch    GPU_mem   box_loss   cls_loss    l1_loss  Instances       Size
[K      13/50      43.4G      1.606       1.15    0.01687        247        640: 0% ──────────── 0/29  0.3s
[K      13/50      43.4G      1.622      1.152    0.01641        274        640: 3% ──────────── 1/29 1.1s/it 0.7s<31.1s
[K      13/50      43.4G      1.626      1.166    0.01611        297        640: 6% ╸─────────── 2/29 1.5it/s 1.0s<17.6s
[K      13/50      43.4G       1.63       1.18    0.01666        257        640: 10% ━─────────── 3/29 2.0it/s 1.3s<13.1s
[K      13/50      43.4G       1.63      1.171    0.01629        310        640: 13% ━╸────────── 4/29 2.3it/s 1.6s<10.8s
[K      13/50      43.4G       1.63       1.15    0.01633        278        640: 17% ━━────────── 5/29 2.5it/s 2.0s<9.5s
[K      13/50      43.4G      1.609      1.131    0.01635        263        640: 20% ━━────────── 6/29 2.7it/s 2.3s<8.5s
[K      13/50      43.4G      1.602      1.125    0.01624        295        640: 24% ━━╸───────── 7/29 2.8it/s 2.6s<7.9s
[K      13/50      43.4G      1.597      1.132    0.01646        218        640: 27% ━━━───────── 8/29 2.9it/s 3.0s<7.3s
[K      13/50      43.4G      1.607      1.139    0.01631        323        640: 31% ━━━╸──────── 9/29 2.9it/s 3.3s<6.8s
[K      13/50      43.4G      1.609      1.147    0.01647        272        640: 34% ━━━━──────── 10/29 3.0it/s 3.6s<6.4s
[K      13/50      43.4G       1.61      1.157    0.01648        236        640: 37% ━━━━╸─────── 11/29 3.0it/s 3.9s<6.0s
[K      13/50      43.4G      1.613      1.155    0.01631        301        640: 41% ━━━━╸─────── 12/29 3.0it/s 4.3s<5.7s
[K      13/50      43.4G      1.615       1.16    0.01633        272        640: 44% ━━━━━─────── 13/29 3.0it/s 4.6s<5.3s
[K      13/50      43.4G      1.619      1.157    0.01631        300        640: 48% ━━━━━╸────── 14/29 3.0it/s 4.9s<5.0s
[K      13/50      43.4G      1.612      1.152    0.01624        289        640: 51% ━━━━━━────── 15/29 3.0it/s 5.3s<4.6s
[K      13/50      43.4G      1.605      1.145     0.0163        233        640: 55% ━━━━━━╸───── 16/29 3.0it/s 5.6s<4.3s
[K      13/50      43.4G      1.607      1.141    0.01629        284        640: 58% ━━━━━━━───── 17/29 3.0it/s 5.9s<3.9s
[K      13/50      43.4G      1.606       1.14    0.01609        326        640: 62% ━━━━━━━───── 18/29 3.0it/s 6.2s<3.6s
[K      13/50      43.4G      1.608      1.138    0.01611        296        640: 65% ━━━━━━━╸──── 19/29 3.0it/s 6.6s<3.3s
[K      13/50      43.4G      1.609      1.137    0.01611        280        640: 68% ━━━━━━━━──── 20/29 3.1it/s 6.9s<2.9s
[K      13/50      43.4G      1.608      1.135    0.01608        269        640: 72% ━━━━━━━━╸─── 21/29 3.0it/s 7.2s<2.6s
[K      13/50      43.4G      1.605      1.131    0.01609        286        640: 75% ━━━━━━━━━─── 22/29 3.1it/s 7.6s<2.3s
[K      13/50      43.4G      1.604      1.126    0.01602        281        640: 79% ━━━━━━━━━╸── 23/29 3.0it/s 7.9s<2.0s
[K      13/50      43.4G      1.604      1.123    0.01593        336        640: 82% ━━━━━━━━━╸── 24/29 3.0it/s 8.2s<1.6s
[K      13/50      43.4G      1.604      1.126    0.01581        312        640: 86% ━━━━━━━━━━── 25/29 3.0it/s 8.5s<1.3s
[K      13/50      43.4G      1.604      1.127    0.01574        325        640: 89% ━━━━━━━━━━╸─ 26/29 3.0it/s 8.9s<1.0s
[K      13/50      43.4G      1.603      1.126    0.01573        243        640: 93% ━━━━━━━━━━━─ 27/29 3.0it/s 9.2s<0.7s
[K      13/50      43.4G      1.602      1.124    0.01577        190        640: 96% ━━━━━━━━━━━╸ 28/29 3.4it/s 9.5s<0.3s
[K      13/50      43.4G      1.602      1.124    0.01577        190        640: 100% ━━━━━━━━━━━━ 29/29 3.1it/s 9.5s
[K                 Class     Images  Instances      Box(P          R      mAP50  mAP50-95): 50% ━━━━━━────── 1/2 1.1s/it 0.3s<1.1s
[K                 Class     Images  Instances      Box(P          R      mAP50  mAP50-95): 100% ━━━━━━━━━━━━ 2/2 4.1it/s 0.5s
                   all        202        531        0.8      0.725      0.805      0.411
      Epoch    GPU_mem   box_loss   cls_loss    l1_loss  Instances       Size
[K      14/50      43.4G      1.571      1.113    0.01601        235        640: 0% ──────────── 0/29  0.3s
[K      14/50      43.4G      1.569      1.143    0.01576        285        640: 3% ──────────── 1/29 1.1s/it 0.7s<30.8s
[K      14/50      43.4G      1.563      1.163    0.01604        244        640: 6% ╸─────────── 2/29 1.5it/s 1.0s<17.5s
[K      14/50      43.4G      1.598      1.141    0.01579        323        640: 10% ━─────────── 3/29 2.0it/s 1.3s<13.0s
[K      14/50      43.4G      1.592      1.138    0.01574        276        640: 13% ━╸────────── 4/29 2.3it/s 1.6s<10.8s
[K      14/50      43.4G      1.586      1.109    0.01557        302        640: 17% ━━────────── 5/29 2.5it/s 2.0s<9.5s
[K      14/50      43.4G      1.589      1.111    0.01591        246        640: 20% ━━────────── 6/29 2.7it/s 2.3s<8.5s
[K      14/50      43.4G      1.584      1.099    0.01574        291        640: 24% ━━╸───────── 7/29 2.8it/s 2.6s<7.8s
[K      14/50      43.4G      1.589      1.098    0.01561        319        640: 27% ━━━───────── 8/29 2.9it/s 3.0s<7.3s
[K      14/50      43.4G      1.591      1.097    0.01555        288        640: 31% ━━━╸──────── 9/29 2.9it/s 3.3s<6.8s
[K      14/50      43.4G       1.59      1.092     0.0155        270        640: 34% ━━━━──────── 10/29 3.0it/s 3.6s<6.4s
[K      14/50      43.4G      1.587      1.092    0.01553        238        640: 37% ━━━━╸─────── 11/29 3.0it/s 3.9s<6.0s
[K      14/50      43.4G      1.587      1.095    0.01559        266        640: 41% ━━━━╸─────── 12/29 3.0it/s 4.3s<5.7s
[K      14/50      43.4G      1.595      1.092    0.01561        290        640: 44% ━━━━━─────── 13/29 3.0it/s 4.6s<5.3s
[K      14/50      43.4G        1.6       1.09    0.01559        314        640: 48% ━━━━━╸────── 14/29 3.0it/s 4.9s<4.9s
[K      14/50      43.4G      1.604      1.087     0.0156        273        640: 51% ━━━━━━────── 15/29 3.0it/s 5.2s<4.6s
[K      14/50      43.4G      1.606      1.086    0.01567        257        640: 55% ━━━━━━╸───── 16/29 3.0it/s 5.6s<4.3s
[K      14/50      43.4G      1.604      1.084    0.01566        290        640: 58% ━━━━━━━───── 17/29 3.0it/s 5.9s<3.9s
[K      14/50      43.4G      1.603      1.086    0.01563        279        640: 62% ━━━━━━━───── 18/29 3.0it/s 6.2s<3.6s
[K      14/50      43.4G      1.605       1.09    0.01563        277        640: 65% ━━━━━━━╸──── 19/29 3.0it/s 6.6s<3.3s
[K      14/50      43.4G      1.605      1.088    0.01564        266        640: 68% ━━━━━━━━──── 20/29 3.0it/s 6.9s<3.0s
[K      14/50      43.4G      1.601      1.084    0.01564        242        640: 72% ━━━━━━━━╸─── 21/29 3.1it/s 7.2s<2.6s
[K      14/50      43.4G      1.599      1.079     0.0156        300        640: 75% ━━━━━━━━━─── 22/29 3.1it/s 7.5s<2.3s
[K      14/50      43.4G        1.6      1.079    0.01563        252        640: 79% ━━━━━━━━━╸── 23/29 3.0it/s 7.9s<2.0s
[K      14/50      43.4G      1.597      1.077     0.0156        298        640: 82% ━━━━━━━━━╸── 24/29 3.1it/s 8.2s<1.6s
[K      14/50      43.4G      1.595      1.077    0.01556        334        640: 86% ━━━━━━━━━━── 25/29 3.1it/s 8.5s<1.3s
[K      14/50      43.4G        1.6      1.076    0.01557        304        640: 89% ━━━━━━━━━━╸─ 26/29 3.0it/s 8.9s<1.0s
[K      14/50      43.4G        1.6      1.076    0.01555        297        640: 93% ━━━━━━━━━━━─ 27/29 3.0it/s 9.2s<0.7s
[K      14/50      43.4G      1.598      1.074     0.0155        195        640: 96% ━━━━━━━━━━━╸ 28/29 3.4it/s 9.4s<0.3s
[K      14/50      43.4G      1.598      1.074     0.0155        195        640: 100% ━━━━━━━━━━━━ 29/29 3.1it/s 9.4s
[K                 Class     Images  Instances      Box(P          R      mAP50  mAP50-95): 50% ━━━━━━────── 1/2 1.0it/s 0.3s<1.0s
[K                 Class     Images  Instances      Box(P          R      mAP50  mAP50-95): 100% ━━━━━━━━━━━━ 2/2 4.1it/s 0.5s
                   all        202        531      0.728      0.746      0.769      0.375
      Epoch    GPU_mem   box_loss   cls_loss    l1_loss  Instances       Size
[K      15/50      43.4G      1.542      1.042    0.01445        281        640: 0% ──────────── 0/29  0.3s
[K      15/50      43.4G      1.571      1.035    0.01536        291        640: 3% ──────────── 1/29 1.1s/it 0.7s<30.6s
[K      15/50      43.4G      1.604      1.054     0.0164        250        640: 6% ╸─────────── 2/29 1.6it/s 1.0s<17.4s
[K      15/50      43.4G      1.602       1.05    0.01645        285        640: 10% ━─────────── 3/29 2.0it/s 1.3s<13.0s
[K      15/50      43.4G      1.608      1.063    0.01609        296        640: 13% ━╸────────── 4/29 2.3it/s 1.6s<10.8s
[K      15/50      43.4G      1.613      1.056    0.01603        309        640: 17% ━━────────── 5/29 2.5it/s 2.0s<9.5s
[K      15/50      43.4G       1.62      1.063    0.01568        313        640: 20% ━━────────── 6/29 2.7it/s 2.3s<8.6s
[K      15/50      43.4G      1.622      1.074    0.01585        273        640: 24% ━━╸───────── 7/29 2.8it/s 2.6s<7.9s
[K      15/50      43.4G      1.617       1.06    0.01573        305        640: 27% ━━━───────── 8/29 2.9it/s 3.0s<7.3s
[K      15/50      43.4G      1.612      1.054    0.01551        297        640: 31% ━━━╸──────── 9/29 2.9it/s 3.3s<6.8s
[K      15/50      43.4G      1.612      1.052    0.01555        287        640: 34% ━━━━──────── 10/29 3.0it/s 3.6s<6.4s
[K      15/50      43.4G      1.607      1.054    0.01554        314        640: 37% ━━━━╸─────── 11/29 3.0it/s 3.9s<6.0s
[K      15/50      43.4G      1.612      1.056    0.01561        279        640: 41% ━━━━╸─────── 12/29 3.0it/s 4.3s<5.7s
[K      15/50      43.4G      1.611      1.055     0.0155        341        640: 44% ━━━━━─────── 13/29 3.0it/s 4.6s<5.3s
[K      15/50      43.4G      1.617      1.062    0.01567        257        640: 48% ━━━━━╸────── 14/29 3.0it/s 4.9s<5.0s
[K      15/50      43.4G      1.619      1.059    0.01564        286        640: 51% ━━━━━━────── 15/29 3.0it/s 5.3s<4.6s
[K      15/50      43.4G      1.617      1.059    0.01552        321        640: 55% ━━━━━━╸───── 16/29 3.0it/s 5.6s<4.3s
[K      15/50      43.4G      1.611      1.055    0.01555        305        640: 58% ━━━━━━━───── 17/29 3.1it/s 5.9s<3.9s
[K      15/50      43.4G      1.609      1.051    0.01554        282        640: 62% ━━━━━━━───── 18/29 3.0it/s 6.2s<3.6s
[K      15/50      43.4G      1.605      1.056    0.01545        291        640: 65% ━━━━━━━╸──── 19/29 3.0it/s 6.6s<3.3s
[K      15/50      43.4G      1.605      1.053    0.01546        288        640: 68% ━━━━━━━━──── 20/29 3.1it/s 6.9s<2.9s
[K      15/50      43.4G      1.606      1.056    0.01546        241        640: 72% ━━━━━━━━╸─── 21/29 3.0it/s 7.2s<2.6s
[K      15/50      43.4G      1.604      1.058    0.01541        258        640: 75% ━━━━━━━━━─── 22/29 3.0it/s 7.5s<2.3s
[K      15/50      43.4G      1.602      1.057    0.01541        250        640: 79% ━━━━━━━━━╸── 23/29 3.0it/s 7.9s<2.0s
[K      15/50      43.4G      1.601      1.059    0.01542        271        640: 82% ━━━━━━━━━╸── 24/29 3.0it/s 8.2s<1.6s
[K      15/50      43.4G      1.603      1.056    0.01552        259        640: 86% ━━━━━━━━━━── 25/29 3.0it/s 8.5s<1.3s
[K      15/50      43.4G      1.603      1.054    0.01553        276        640: 89% ━━━━━━━━━━╸─ 26/29 3.0it/s 8.9s<1.0s
[K      15/50      43.4G      1.603      1.053     0.0155        309        640: 93% ━━━━━━━━━━━─ 27/29 3.0it/s 9.2s<0.7s
[K      15/50      43.4G        1.6      1.052    0.01545        190        640: 96% ━━━━━━━━━━━╸ 28/29 3.4it/s 9.4s<0.3s
[K      15/50      43.4G        1.6      1.052    0.01545        190        640: 100% ━━━━━━━━━━━━ 29/29 3.1it/s 9.4s
[K                 Class     Images  Instances      Box(P          R      mAP50  mAP50-95): 50% ━━━━━━────── 1/2 1.0s/it 0.3s<1.0s
[K                 Class     Images  Instances      Box(P          R      mAP50  mAP50-95): 100% ━━━━━━━━━━━━ 2/2 4.1it/s 0.5s
                   all        202        531      0.749       0.77       0.81       0.39
      Epoch    GPU_mem   box_loss   cls_loss    l1_loss  Instances       Size
[K      16/50      43.4G      1.579      1.138    0.01524        283        640: 0% ──────────── 0/29  0.3s
[K      16/50      43.4G      1.581        1.1    0.01478        291        640: 3% ──────────── 1/29 1.1s/it 0.7s<30.5s
[K      16/50      43.4G        1.6      1.101    0.01583        238        640: 6% ╸─────────── 2/29 1.6it/s 1.0s<17.4s
[K      16/50      43.4G      1.591      1.084    0.01514        323        640: 10% ━─────────── 3/29 2.0it/s 1.3s<13.0s
[K      16/50      43.4G      1.576      1.067    0.01499        278        640: 13% ━╸────────── 4/29 2.3it/s 1.6s<10.8s
[K      16/50      43.4G      1.565      1.036    0.01481        303        640: 17% ━━────────── 5/29 2.5it/s 2.0s<9.5s
[K      16/50      43.4G      1.553       1.03    0.01505        258        640: 20% ━━────────── 6/29 2.7it/s 2.3s<8.5s
[K      16/50      43.4G      1.538       1.02    0.01517        271        640: 24% ━━╸───────── 7/29 2.8it/s 2.6s<7.9s
[K      16/50      43.4G      1.547      1.033    0.01506        260        640: 27% ━━━───────── 8/29 2.9it/s 3.0s<7.3s
[K      16/50      43.4G      1.555      1.037    0.01509        269        640: 31% ━━━╸──────── 9/29 2.9it/s 3.3s<6.8s
[K      16/50      43.4G      1.555      1.028    0.01504        301        640: 34% ━━━━──────── 10/29 3.0it/s 3.6s<6.4s
[K      16/50      43.4G      1.552      1.026    0.01498        282        640: 37% ━━━━╸─────── 11/29 3.0it/s 3.9s<6.0s
[K      16/50      43.4G      1.547      1.023    0.01492        288        640: 41% ━━━━╸─────── 12/29 3.0it/s 4.3s<5.7s
[K      16/50      43.4G      1.548      1.016    0.01481        270        640: 44% ━━━━━─────── 13/29 3.0it/s 4.6s<5.3s
[K      16/50      43.4G       1.55       1.01    0.01479        330        640: 48% ━━━━━╸────── 14/29 3.0it/s 4.9s<5.0s
[K      16/50      43.4G      1.559      1.009    0.01484        300        640: 51% ━━━━━━────── 15/29 3.0it/s 5.3s<4.6s
[K      16/50      43.4G      1.562      1.018     0.0148        322        640: 55% ━━━━━━╸───── 16/29 3.0it/s 5.6s<4.3s
[K      16/50      43.4G      1.566      1.019    0.01481        270        640: 58% ━━━━━━━───── 17/29 3.0it/s 5.9s<4.0s
[K      16/50      43.4G      1.577      1.031      0.015        271        640: 62% ━━━━━━━───── 18/29 3.0it/s 6.2s<3.6s
[K      16/50      43.4G      1.579      1.031    0.01505        291        640: 65% ━━━━━━━╸──── 19/29 3.0it/s 6.6s<3.3s
[K      16/50      43.4G      1.576       1.03     0.0151        234        640: 68% ━━━━━━━━──── 20/29 3.0it/s 6.9s<3.0s
[K      16/50      43.4G      1.581      1.035    0.01516        275        640: 72% ━━━━━━━━╸─── 21/29 3.0it/s 7.2s<2.6s
[K      16/50      43.4G      1.583      1.038    0.01514        280        640: 75% ━━━━━━━━━─── 22/29 3.1it/s 7.5s<2.3s
[K      16/50      43.4G      1.585       1.04    0.01519        266        640: 79% ━━━━━━━━━╸── 23/29 3.0it/s 7.9s<2.0s
[K      16/50      43.4G      1.583       1.04    0.01514        310        640: 82% ━━━━━━━━━╸── 24/29 3.0it/s 8.2s<1.6s
[K      16/50      43.4G      1.583      1.039    0.01507        276        640: 86% ━━━━━━━━━━── 25/29 3.0it/s 8.5s<1.3s
[K      16/50      43.4G      1.584      1.042    0.01509        290        640: 89% ━━━━━━━━━━╸─ 26/29 3.0it/s 8.9s<1.0s
[K      16/50      43.4G      1.582      1.043    0.01505        284        640: 93% ━━━━━━━━━━━─ 27/29 3.0it/s 9.2s<0.7s
[K      16/50      43.4G      1.582      1.045    0.01506        191        640: 96% ━━━━━━━━━━━╸ 28/29 3.4it/s 9.4s<0.3s
[K      16/50      43.4G      1.582      1.045    0.01506        191        640: 100% ━━━━━━━━━━━━ 29/29 3.1it/s 9.4s
[K                 Class     Images  Instances      Box(P          R      mAP50  mAP50-95): 50% ━━━━━━────── 1/2 1.0s/it 0.3s<1.0s
[K                 Class     Images  Instances      Box(P          R      mAP50  mAP50-95): 100% ━━━━━━━━━━━━ 2/2 4.2it/s 0.5s
                   all        202        531      0.743       0.75      0.783        0.4
      Epoch    GPU_mem   box_loss   cls_loss    l1_loss  Instances       Size
[K      17/50      43.4G      1.549      1.058     0.0149        283        640: 0% ──────────── 0/29  0.3s
[K      17/50      43.4G      1.567      1.071     0.0176        235        640: 3% ──────────── 1/29 1.1s/it 0.7s<30.4s
[K      17/50      43.4G      1.587      1.024    0.01661        282        640: 6% ╸─────────── 2/29 1.6it/s 1.0s<17.3s
[K      17/50      43.4G      1.566       1.01     0.0163        277        640: 10% ━─────────── 3/29 2.0it/s 1.3s<13.0s
[K      17/50      43.4G      1.575       1.02    0.01561        319        640: 13% ━╸────────── 4/29 2.3it/s 1.6s<10.8s
[K      17/50      43.4G      1.564      1.026    0.01523        306        640: 17% ━━────────── 5/29 2.5it/s 2.0s<9.5s
[K      17/50      43.4G      1.563      1.034    0.01497        326        640: 20% ━━────────── 6/29 2.7it/s 2.3s<8.5s
[K      17/50      43.4G      1.568      1.038    0.01523        270        640: 24% ━━╸───────── 7/29 2.8it/s 2.6s<7.9s
[K      17/50      43.4G      1.568       1.03    0.01519        286        640: 27% ━━━───────── 8/29 2.9it/s 3.0s<7.3s
[K      17/50      43.4G      1.567       1.02    0.01504        272        640: 31% ━━━╸──────── 9/29 2.9it/s 3.3s<6.8s
[K      17/50      43.4G      1.577      1.018    0.01517        285        640: 34% ━━━━──────── 10/29 3.0it/s 3.6s<6.4s
[K      17/50      43.4G      1.574      1.012    0.01522        248        640: 37% ━━━━╸─────── 11/29 3.0it/s 3.9s<6.0s
[K      17/50      43.4G      1.571      1.008    0.01517        267        640: 41% ━━━━╸─────── 12/29 3.0it/s 4.3s<5.7s
[K      17/50      43.4G      1.574      1.014    0.01499        328        640: 44% ━━━━━─────── 13/29 3.0it/s 4.6s<5.3s
[K      17/50      43.4G       1.57      1.016    0.01496        276        640: 48% ━━━━━╸────── 14/29 3.0it/s 4.9s<5.0s
[K      17/50      43.4G      1.571      1.017    0.01494        297        640: 51% ━━━━━━────── 15/29 3.0it/s 5.2s<4.6s
[K      17/50      43.4G      1.572      1.016    0.01488        291        640: 55% ━━━━━━╸───── 16/29 3.0it/s 5.6s<4.3s
[K      17/50      43.4G      1.569      1.015     0.0148        259        640: 58% ━━━━━━━───── 17/29 3.0it/s 5.9s<3.9s
[K      17/50      43.4G      1.566      1.013    0.01478        281        640: 62% ━━━━━━━───── 18/29 3.0it/s 6.2s<3.6s
[K      17/50      43.4G      1.566      1.011    0.01479        288        640: 65% ━━━━━━━╸──── 19/29 3.0it/s 6.6s<3.3s
[K      17/50      43.4G      1.565      1.008    0.01482        260        640: 68% ━━━━━━━━──── 20/29 3.0it/s 6.9s<3.0s
[K      17/50      43.4G      1.563      1.006    0.01483        277        640: 72% ━━━━━━━━╸─── 21/29 3.0it/s 7.2s<2.6s
[K      17/50      43.4G      1.565       1.01    0.01473        321        640: 75% ━━━━━━━━━─── 22/29 3.1it/s 7.5s<2.3s
[K      17/50      43.4G      1.565      1.013    0.01472        266        640: 79% ━━━━━━━━━╸── 23/29 3.1it/s 7.9s<2.0s
[K      17/50      43.4G      1.563      1.011    0.01469        288        640: 82% ━━━━━━━━━╸── 24/29 3.1it/s 8.2s<1.6s
[K      17/50      43.4G      1.558      1.011    0.01465        291        640: 86% ━━━━━━━━━━── 25/29 3.1it/s 8.5s<1.3s
[K      17/50      43.4G       1.56       1.01    0.01471        282        640: 89% ━━━━━━━━━━╸─ 26/29 3.0it/s 8.9s<1.0s
[K      17/50      43.4G      1.563      1.009    0.01484        267        640: 93% ━━━━━━━━━━━─ 27/29 3.0it/s 9.2s<0.7s
[K      17/50      43.4G      1.561      1.012    0.01495        171        640: 96% ━━━━━━━━━━━╸ 28/29 3.4it/s 9.4s<0.3s
[K      17/50      43.4G      1.561      1.012    0.01495        171        640: 100% ━━━━━━━━━━━━ 29/29 3.1it/s 9.4s
[K                 Class     Images  Instances      Box(P          R      mAP50  mAP50-95): 50% ━━━━━━────── 1/2 1.0s/it 0.3s<1.0s
[K                 Class     Images  Instances      Box(P          R      mAP50  mAP50-95): 100% ━━━━━━━━━━━━ 2/2 4.2it/s 0.5s
                   all        202        531      0.861      0.787      0.852      0.461
      Epoch    GPU_mem   box_loss   cls_loss    l1_loss  Instances       Size
[K      18/50      43.4G      1.537      1.029     0.0135        288        640: 0% ──────────── 0/29  0.3s
[K      18/50      43.4G      1.563      1.053    0.01373        303        640: 3% ──────────── 1/29 1.1s/it 0.7s<31.1s
[K      18/50      43.4G      1.541      1.024    0.01343        307        640: 6% ╸─────────── 2/29 1.5it/s 1.0s<17.5s
[K      18/50      43.4G      1.542      1.007    0.01371        303        640: 10% ━─────────── 3/29 2.0it/s 1.3s<13.0s
[K      18/50      43.4G      1.561      1.017    0.01414        261        640: 13% ━╸────────── 4/29 2.3it/s 1.7s<11.0s
[K      18/50      43.4G      1.562      1.025    0.01425        273        640: 17% ━━────────── 5/29 2.5it/s 2.0s<9.7s
[K      18/50      43.4G      1.554      1.009    0.01417        289        640: 20% ━━────────── 6/29 2.6it/s 2.3s<8.7s
[K      18/50      43.4G      1.548     0.9977    0.01438        246        640: 24% ━━╸───────── 7/29 2.8it/s 2.7s<8.0s
[K      18/50      43.4G      1.555     0.9961    0.01436        335        640: 27% ━━━───────── 8/29 2.8it/s 3.0s<7.4s
[K      18/50      43.4G      1.555     0.9945     0.0144        316        640: 31% ━━━╸──────── 9/29 2.9it/s 3.3s<6.9s
[K      18/50      43.4G      1.554       0.99    0.01443        326        640: 34% ━━━━──────── 10/29 2.9it/s 3.7s<6.6s
[K      18/50      43.4G      1.548     0.9835    0.01426        275        640: 37% ━━━━╸─────── 11/29 2.9it/s 4.0s<6.2s
[K      18/50      43.4G      1.543     0.9789     0.0143        271        640: 41% ━━━━╸─────── 12/29 2.9it/s 4.3s<5.8s
[K      18/50      43.4G      1.538     0.9763    0.01436        299        640: 44% ━━━━━─────── 13/29 3.0it/s 4.7s<5.4s
[K      18/50      43.4G      1.542     0.9754    0.01439        255        640: 48% ━━━━━╸────── 14/29 3.0it/s 5.0s<5.1s
[K      18/50      43.4G      1.533     0.9744    0.01431        256        640: 51% ━━━━━━────── 15/29 3.0it/s 5.3s<4.7s
[K      18/50      43.4G      1.531     0.9721    0.01421        315        640: 55% ━━━━━━╸───── 16/29 3.0it/s 5.7s<4.4s
[K      18/50      43.4G      1.531      0.974    0.01446        194        640: 58% ━━━━━━━───── 17/29 3.0it/s 6.0s<4.0s
[K      18/50      43.4G      1.534     0.9786    0.01444        266        640: 62% ━━━━━━━───── 18/29 3.0it/s 6.3s<3.7s
[K      18/50      43.4G      1.531     0.9771    0.01444        310        640: 65% ━━━━━━━╸──── 19/29 3.0it/s 6.7s<3.3s
[K      18/50      43.4G      1.535     0.9823    0.01445        301        640: 68% ━━━━━━━━──── 20/29 3.0it/s 7.0s<3.0s
[K      18/50      43.4G      1.537     0.9855     0.0144        314        640: 72% ━━━━━━━━╸─── 21/29 3.0it/s 7.3s<2.6s
[K      18/50      43.4G      1.538     0.9822    0.01452        232        640: 75% ━━━━━━━━━─── 22/29 3.0it/s 7.7s<2.3s
[K      18/50      43.4G      1.537      0.983    0.01445        298        640: 79% ━━━━━━━━━╸── 23/29 3.0it/s 8.0s<2.0s
[K      18/50      43.4G      1.537     0.9834    0.01441        258        640: 82% ━━━━━━━━━╸── 24/29 3.0it/s 8.3s<1.7s
[K      18/50      43.4G      1.536     0.9811    0.01441        286        640: 86% ━━━━━━━━━━── 25/29 3.0it/s 8.6s<1.3s
[K      18/50      43.4G      1.533      0.983    0.01442        270        640: 89% ━━━━━━━━━━╸─ 26/29 3.0it/s 9.0s<1.0s
[K      18/50      43.4G      1.533     0.9812    0.01447        238        640: 93% ━━━━━━━━━━━─ 27/29 3.0it/s 9.3s<0.7s
[K      18/50      43.4G      1.532      0.981    0.01442        214        640: 96% ━━━━━━━━━━━╸ 28/29 3.3it/s 9.5s<0.3s
[K      18/50      43.4G      1.532      0.981    0.01442        214        640: 100% ━━━━━━━━━━━━ 29/29 3.0it/s 9.5s
[K                 Class     Images  Instances      Box(P          R      mAP50  mAP50-95): 50% ━━━━━━────── 1/2 1.0s/it 0.3s<1.0s
[K                 Class     Images  Instances      Box(P          R      mAP50  mAP50-95): 100% ━━━━━━━━━━━━ 2/2 4.1it/s 0.5s
                   all        202        531      0.824      0.755      0.839      0.458
      Epoch    GPU_mem   box_loss   cls_loss    l1_loss  Instances       Size
[K      19/50      43.4G      1.513       0.92    0.01392        314        640: 0% ──────────── 0/29  0.3s
[K      19/50      43.4G      1.538     0.9686    0.01464        322        640: 3% ──────────── 1/29 1.1s/it 0.7s<30.6s
[K      19/50      43.4G      1.517     0.9987    0.01396        282        640: 6% ╸─────────── 2/29 1.6it/s 1.0s<17.2s
[K      19/50      43.4G      1.528     0.9949    0.01368        348        640: 10% ━─────────── 3/29 2.0it/s 1.3s<12.9s
[K      19/50      43.4G      1.504     0.9905     0.0135        281        640: 13% ━╸────────── 4/29 2.3it/s 1.6s<10.7s
[K      19/50      43.4G      1.491     0.9846    0.01358        266        640: 17% ━━────────── 5/29 2.5it/s 2.0s<9.4s
[K      19/50      43.4G      1.505     0.9765     0.0135        299        640: 20% ━━────────── 6/29 2.7it/s 2.3s<8.5s
[K      19/50      43.4G      1.507     0.9679    0.01359        306        640: 24% ━━╸───────── 7/29 2.8it/s 2.6s<7.9s
[K      19/50      43.4G      1.518     0.9644    0.01405        240        640: 27% ━━━───────── 8/29 2.9it/s 3.0s<7.3s
[K      19/50      43.4G      1.524     0.9701    0.01405        291        640: 31% ━━━╸──────── 9/29 2.9it/s 3.3s<6.9s
[K      19/50      43.4G      1.527     0.9711    0.01424        307        640: 34% ━━━━──────── 10/29 2.9it/s 3.6s<6.5s
[K      19/50      43.4G      1.523     0.9625    0.01424        298        640: 37% ━━━━╸─────── 11/29 2.9it/s 4.0s<6.1s
[K      19/50      43.4G      1.524     0.9599    0.01418        283        640: 41% ━━━━╸─────── 12/29 3.0it/s 4.3s<5.7s
[K      19/50      43.4G      1.519     0.9561    0.01419        264        640: 44% ━━━━━─────── 13/29 3.0it/s 4.6s<5.4s
[K      19/50      43.4G      1.521     0.9596    0.01432        244        640: 48% ━━━━━╸────── 14/29 3.0it/s 4.9s<5.0s
[K      19/50      43.4G      1.517     0.9566     0.0142        342        640: 51% ━━━━━━────── 15/29 3.0it/s 5.3s<4.7s
[K      19/50      43.4G      1.521      0.957    0.01431        255        640: 55% ━━━━━━╸───── 16/29 3.0it/s 5.6s<4.3s
[K      19/50      43.4G      1.518     0.9499    0.01439        274        640: 58% ━━━━━━━───── 17/29 3.0it/s 5.9s<4.0s
[K      19/50      43.4G      1.517     0.9487    0.01453        257        640: 62% ━━━━━━━───── 18/29 3.0it/s 6.3s<3.6s
[K      19/50      43.4G      1.517     0.9461    0.01458        253        640: 65% ━━━━━━━╸──── 19/29 3.0it/s 6.6s<3.3s
[K      19/50      43.4G      1.519     0.9459    0.01456        261        640: 68% ━━━━━━━━──── 20/29 3.0it/s 6.9s<3.0s
[K      19/50      43.4G       1.52     0.9444    0.01459        287        640: 72% ━━━━━━━━╸─── 21/29 3.0it/s 7.3s<2.6s
[K      19/50      43.4G      1.521     0.9466    0.01449        293        640: 75% ━━━━━━━━━─── 22/29 3.0it/s 7.6s<2.3s
[K      19/50      43.4G      1.526     0.9492    0.01443        350        640: 79% ━━━━━━━━━╸── 23/29 3.0it/s 7.9s<2.0s
[K      19/50      43.4G      1.527     0.9502    0.01443        329        640: 82% ━━━━━━━━━╸── 24/29 3.0it/s 8.2s<1.6s
[K      19/50      43.4G      1.529     0.9508    0.01455        234        640: 86% ━━━━━━━━━━── 25/29 3.0it/s 8.6s<1.3s
[K      19/50      43.4G      1.525     0.9492    0.01452        248        640: 89% ━━━━━━━━━━╸─ 26/29 3.0it/s 8.9s<1.0s
[K      19/50      43.4G      1.523     0.9506    0.01451        272        640: 93% ━━━━━━━━━━━─ 27/29 3.0it/s 9.2s<0.7s
[K      19/50      43.4G      1.522     0.9515    0.01443        226        640: 96% ━━━━━━━━━━━╸ 28/29 3.4it/s 9.5s<0.3s
[K      19/50      43.4G      1.522     0.9515    0.01443        226        640: 100% ━━━━━━━━━━━━ 29/29 3.1it/s 9.5s
[K                 Class     Images  Instances      Box(P          R      mAP50  mAP50-95): 50% ━━━━━━────── 1/2 1.0s/it 0.3s<1.0s
[K                 Class     Images  Instances      Box(P          R      mAP50  mAP50-95): 100% ━━━━━━━━━━━━ 2/2 4.1it/s 0.5s
                   all        202        531      0.824      0.766      0.836      0.438
      Epoch    GPU_mem   box_loss   cls_loss    l1_loss  Instances       Size
[K      20/50      43.4G      1.534     0.9763    0.01554        242        640: 0% ──────────── 0/29  0.3s
[K      20/50      43.4G      1.507     0.9142     0.0148        274        640: 3% ──────────── 1/29 1.1s/it 0.7s<31.0s
[K      20/50      43.4G      1.477     0.9264    0.01407        303        640: 6% ╸─────────── 2/29 1.5it/s 1.0s<17.5s
[K      20/50      43.4G      1.476     0.9312    0.01408        257        640: 10% ━─────────── 3/29 2.0it/s 1.3s<13.1s
[K      20/50      43.4G      1.462     0.9184    0.01418        256        640: 13% ━╸────────── 4/29 2.3it/s 1.6s<10.8s
[K      20/50      43.4G      1.474     0.9199    0.01415        311        640: 17% ━━────────── 5/29 2.5it/s 2.0s<9.5s
[K      20/50      43.4G       1.49      0.944    0.01442        265        640: 20% ━━────────── 6/29 2.7it/s 2.3s<8.6s
[K      20/50      43.4G      1.491     0.9596    0.01467        247        640: 24% ━━╸───────── 7/29 2.8it/s 2.6s<7.9s
[K      20/50      43.4G      1.492     0.9465    0.01453        293        640: 27% ━━━───────── 8/29 2.9it/s 3.0s<7.4s
[K      20/50      43.4G      1.496     0.9462    0.01461        272        640: 31% ━━━╸──────── 9/29 2.9it/s 3.3s<6.9s
[K      20/50      43.4G      1.495     0.9522    0.01465        259        640: 34% ━━━━──────── 10/29 2.9it/s 3.6s<6.5s
[K      20/50      43.4G      1.496     0.9508     0.0147        258        640: 37% ━━━━╸─────── 11/29 2.9it/s 4.0s<6.1s
[K      20/50      43.4G      1.495     0.9515    0.01478        278        640: 41% ━━━━╸─────── 12/29 3.0it/s 4.3s<5.7s
[K      20/50      43.4G      1.496     0.9516    0.01478        314        640: 44% ━━━━━─────── 13/29 3.0it/s 4.6s<5.4s
[K      20/50      43.4G      1.496     0.9508    0.01473        301        640: 48% ━━━━━╸────── 14/29 3.0it/s 5.0s<5.0s
[K      20/50      43.4G      1.499     0.9557    0.01478        256        640: 51% ━━━━━━────── 15/29 3.0it/s 5.3s<4.7s
[K      20/50      43.4G      1.499     0.9526    0.01482        240        640: 55% ━━━━━━╸───── 16/29 3.0it/s 5.6s<4.4s
[K      20/50      43.4G      1.496     0.9492    0.01466        313        640: 58% ━━━━━━━───── 17/29 3.0it/s 6.0s<4.0s
[K      20/50      43.4G      1.499     0.9502    0.01467        308        640: 62% ━━━━━━━───── 18/29 3.0it/s 6.3s<3.7s
[K      20/50      43.4G      1.502     0.9507    0.01464        317        640: 65% ━━━━━━━╸──── 19/29 3.0it/s 6.6s<3.3s
[K      20/50      43.4G      1.503     0.9485    0.01461        278        640: 68% ━━━━━━━━──── 20/29 3.0it/s 7.0s<3.0s
[K      20/50      43.4G      1.503     0.9481    0.01464        288        640: 72% ━━━━━━━━╸─── 21/29 3.0it/s 7.3s<2.6s
[K      20/50      43.4G      1.501     0.9493    0.01463        258        640: 75% ━━━━━━━━━─── 22/29 3.0it/s 7.6s<2.3s
[K      20/50      43.4G      1.502     0.9481    0.01463        290        640: 79% ━━━━━━━━━╸── 23/29 3.0it/s 7.9s<2.0s
[K      20/50      43.4G      1.503     0.9475    0.01462        312        640: 82% ━━━━━━━━━╸── 24/29 3.0it/s 8.3s<1.6s
[K      20/50      43.4G      1.504     0.9468    0.01461        277        640: 86% ━━━━━━━━━━── 25/29 3.0it/s 8.6s<1.3s
[K      20/50      43.4G      1.507     0.9489    0.01458        275        640: 89% ━━━━━━━━━━╸─ 26/29 3.0it/s 8.9s<1.0s
[K      20/50      43.4G      1.505     0.9494    0.01453        317        640: 93% ━━━━━━━━━━━─ 27/29 3.0it/s 9.3s<0.7s
[K      20/50      43.4G      1.508      0.951    0.01454        201        640: 96% ━━━━━━━━━━━╸ 28/29 3.4it/s 9.5s<0.3s
[K      20/50      43.4G      1.508      0.951    0.01454        201        640: 100% ━━━━━━━━━━━━ 29/29 3.1it/s 9.5s
[K                 Class     Images  Instances      Box(P          R      mAP50  mAP50-95): 50% ━━━━━━────── 1/2 1.1s/it 0.3s<1.1s
[K                 Class     Images  Instances      Box(P          R      mAP50  mAP50-95): 100% ━━━━━━━━━━━━ 2/2 3.9it/s 0.5s
                   all        202        531      0.833      0.768       0.85      0.459
      Epoch    GPU_mem   box_loss   cls_loss    l1_loss  Instances       Size
[K      21/50      43.4G      1.632      0.982     0.0153        268        640: 0% ──────────── 0/29  0.3s
[K      21/50      43.4G      1.624     0.9919     0.0165        273        640: 3% ──────────── 1/29 1.1s/it 0.7s<30.9s
[K      21/50      43.4G      1.578     0.9351    0.01563        310        640: 6% ╸─────────── 2/29 1.5it/s 1.0s<17.7s
[K      21/50      43.4G      1.596      0.946    0.01575        304        640: 10% ━─────────── 3/29 2.0it/s 1.3s<13.2s
[K      21/50      43.4G      1.586     0.9417     0.0153        286        640: 13% ━╸────────── 4/29 2.3it/s 1.7s<10.9s
[K      21/50      43.4G      1.584     0.9354    0.01528        282        640: 17% ━━────────── 5/29 2.5it/s 2.0s<9.6s
[K      21/50      43.4G      1.579     0.9299     0.0153        282        640: 20% ━━────────── 6/29 2.7it/s 2.3s<8.7s
[K      21/50      43.4G      1.563     0.9118    0.01529        277        640: 24% ━━╸───────── 7/29 2.8it/s 2.7s<8.0s
[K      21/50      43.4G      1.552     0.9036    0.01505        315        640: 27% ━━━───────── 8/29 2.8it/s 3.0s<7.4s
[K      21/50      43.4G      1.555     0.9028    0.01514        273        640: 31% ━━━╸──────── 9/29 2.9it/s 3.3s<6.9s
[K      21/50      43.4G      1.557     0.8964    0.01504        270        640: 34% ━━━━──────── 10/29 2.9it/s 3.7s<6.5s
[K      21/50      43.4G      1.551      0.901    0.01502        281        640: 37% ━━━━╸─────── 11/29 2.9it/s 4.0s<6.1s
[K      21/50      43.4G      1.554     0.9051    0.01516        259        640: 41% ━━━━╸─────── 12/29 3.0it/s 4.3s<5.7s
[K      21/50      43.4G      1.553     0.9023      0.015        312        640: 44% ━━━━━─────── 13/29 3.0it/s 4.7s<5.4s
[K      21/50      43.4G      1.554     0.9108    0.01495        280        640: 48% ━━━━━╸────── 14/29 3.0it/s 5.0s<5.0s
[K      21/50      43.4G      1.555     0.9171    0.01497        283        640: 51% ━━━━━━────── 15/29 3.0it/s 5.3s<4.7s
[K      21/50      43.4G      1.553      0.921    0.01499        251        640: 55% ━━━━━━╸───── 16/29 3.0it/s 5.6s<4.3s
[K      21/50      43.4G      1.554     0.9235    0.01497        276        640: 58% ━━━━━━━───── 17/29 3.0it/s 6.0s<4.0s
[K      21/50      43.4G      1.557     0.9242    0.01488        277        640: 62% ━━━━━━━───── 18/29 3.0it/s 6.3s<3.6s
[K      21/50      43.4G      1.552     0.9234    0.01483        312        640: 65% ━━━━━━━╸──── 19/29 3.0it/s 6.6s<3.3s
[K      21/50      43.4G      1.548       0.92    0.01478        292        640: 68% ━━━━━━━━──── 20/29 3.0it/s 7.0s<3.0s
[K      21/50      43.4G      1.547     0.9175    0.01484        282        640: 72% ━━━━━━━━╸─── 21/29 3.0it/s 7.3s<2.6s
[K      21/50      43.4G      1.546     0.9149    0.01477        268        640: 75% ━━━━━━━━━─── 22/29 3.0it/s 7.6s<2.3s
[K      21/50      43.4G      1.542     0.9125    0.01464        320        640: 79% ━━━━━━━━━╸── 23/29 3.0it/s 8.0s<2.0s
[K      21/50      43.4G      1.539     0.9096    0.01461        276        640: 82% ━━━━━━━━━╸── 24/29 3.0it/s 8.3s<1.6s
[K      21/50      43.4G      1.537     0.9091    0.01466        247        640: 86% ━━━━━━━━━━── 25/29 3.0it/s 8.6s<1.3s
[K      21/50      43.4G      1.536       0.91    0.01465        258        640: 89% ━━━━━━━━━━╸─ 26/29 3.0it/s 8.9s<1.0s
[K      21/50      43.4G      1.536     0.9094    0.01464        312        640: 93% ━━━━━━━━━━━─ 27/29 3.0it/s 9.3s<0.7s
[K      21/50      43.4G       1.54     0.9128    0.01466        204        640: 96% ━━━━━━━━━━━╸ 28/29 3.4it/s 9.5s<0.3s
[K      21/50      43.4G       1.54     0.9128    0.01466        204        640: 100% ━━━━━━━━━━━━ 29/29 3.0it/s 9.5s
[K                 Class     Images  Instances      Box(P          R      mAP50  mAP50-95): 50% ━━━━━━────── 1/2 1.0it/s 0.3s<1.0s
[K                 Class     Images  Instances      Box(P          R      mAP50  mAP50-95): 100% ━━━━━━━━━━━━ 2/2 4.1it/s 0.5s
                   all        202        531      0.823      0.734      0.836      0.445
      Epoch    GPU_mem   box_loss   cls_loss    l1_loss  Instances       Size
[K      22/50      43.4G      1.486     0.9059    0.01329        286        640: 0% ──────────── 0/29  0.3s
[K      22/50      43.4G      1.503      0.929     0.0133        301        640: 3% ──────────── 1/29 1.1s/it 0.7s<30.6s
[K      22/50      43.4G      1.493     0.9322    0.01323        291        640: 6% ╸─────────── 2/29 1.6it/s 1.0s<17.3s
[K      22/50      43.4G      1.483     0.9427    0.01336        285        640: 10% ━─────────── 3/29 2.0it/s 1.3s<13.0s
[K      22/50      43.4G      1.468     0.9292    0.01326        312        640: 13% ━╸────────── 4/29 2.3it/s 1.7s<10.9s
[K      22/50      43.4G      1.472     0.9356    0.01324        307        640: 17% ━━────────── 5/29 2.5it/s 2.0s<9.6s
[K      22/50      43.4G      1.469     0.9309    0.01338        308        640: 20% ━━────────── 6/29 2.7it/s 2.3s<8.7s
[K      22/50      43.4G      1.471     0.9242     0.0131        355        640: 24% ━━╸───────── 7/29 2.8it/s 2.7s<8.0s
[K      22/50      43.4G      1.479     0.9227    0.01312        303        640: 27% ━━━───────── 8/29 2.8it/s 3.0s<7.4s
[K      22/50      43.4G      1.478     0.9231     0.0132        272        640: 31% ━━━╸──────── 9/29 2.9it/s 3.3s<6.9s
[K      22/50      43.4G      1.476     0.9214    0.01337        241        640: 34% ━━━━──────── 10/29 2.9it/s 3.6s<6.5s
[K      22/50      43.4G      1.481     0.9272     0.0133        313        640: 37% ━━━━╸─────── 11/29 3.0it/s 4.0s<6.1s
[K      22/50      43.4G      1.486     0.9277     0.0134        291        640: 41% ━━━━╸─────── 12/29 3.0it/s 4.3s<5.7s
[K      22/50      43.4G      1.487     0.9282    0.01346        263        640: 44% ━━━━━─────── 13/29 3.0it/s 4.6s<5.3s
[K      22/50      43.4G      1.486     0.9273    0.01356        268        640: 48% ━━━━━╸────── 14/29 3.0it/s 5.0s<5.0s
[K      22/50      43.4G      1.484     0.9246     0.0135        259        640: 51% ━━━━━━────── 15/29 3.0it/s 5.3s<4.6s
[K      22/50      43.4G       1.48     0.9198    0.01344        292        640: 55% ━━━━━━╸───── 16/29 3.0it/s 5.6s<4.3s
[K      22/50      43.4G      1.482       0.92    0.01359        229        640: 58% ━━━━━━━───── 17/29 3.0it/s 5.9s<4.0s
[K      22/50      43.4G      1.485     0.9153    0.01369        273        640: 62% ━━━━━━━───── 18/29 3.0it/s 6.3s<3.6s
[K      22/50      43.4G      1.483     0.9156    0.01373        263        640: 65% ━━━━━━━╸──── 19/29 3.0it/s 6.6s<3.3s
[K      22/50      43.4G      1.478      0.919    0.01372        259        640: 68% ━━━━━━━━──── 20/29 3.0it/s 6.9s<3.0s
[K      22/50      43.4G      1.477      0.918    0.01367        285        640: 72% ━━━━━━━━╸─── 21/29 3.0it/s 7.3s<2.6s
[K      22/50      43.4G      1.476     0.9183    0.01369        314        640: 75% ━━━━━━━━━─── 22/29 3.0it/s 7.6s<2.3s
[K      22/50      43.4G      1.474     0.9174    0.01363        265        640: 79% ━━━━━━━━━╸── 23/29 3.0it/s 7.9s<2.0s
[K      22/50      43.4G      1.471      0.915    0.01368        243        640: 82% ━━━━━━━━━╸── 24/29 3.0it/s 8.2s<1.6s
[K      22/50      43.4G      1.472     0.9162    0.01372        276        640: 86% ━━━━━━━━━━── 25/29 3.0it/s 8.6s<1.3s
[K      22/50      43.4G      1.473     0.9173    0.01376        249        640: 89% ━━━━━━━━━━╸─ 26/29 3.0it/s 8.9s<1.0s
[K      22/50      43.4G      1.476     0.9186    0.01375        304        640: 93% ━━━━━━━━━━━─ 27/29 3.0it/s 9.2s<0.7s
[K      22/50      43.4G      1.477     0.9178    0.01377        199        640: 96% ━━━━━━━━━━━╸ 28/29 3.4it/s 9.5s<0.3s
[K      22/50      43.4G      1.477     0.9178    0.01377        199        640: 100% ━━━━━━━━━━━━ 29/29 3.1it/s 9.5s
[K                 Class     Images  Instances      Box(P          R      mAP50  mAP50-95): 50% ━━━━━━────── 1/2 1.0s/it 0.3s<1.0s
[K                 Class     Images  Instances      Box(P          R      mAP50  mAP50-95): 100% ━━━━━━━━━━━━ 2/2 4.0it/s 0.5s
                   all        202        531      0.846      0.795      0.859       0.46
      Epoch    GPU_mem   box_loss   cls_loss    l1_loss  Instances       Size
[K      23/50      43.4G      1.516     0.9469    0.01295        289        640: 0% ──────────── 0/29  0.3s
[K      23/50      43.4G      1.506     0.8778    0.01348        289        640: 3% ──────────── 1/29 1.1s/it 0.7s<30.7s
[K      23/50      43.4G      1.534     0.8791      0.014        272        640: 6% ╸─────────── 2/29 1.6it/s 1.0s<17.4s
[K      23/50      43.4G      1.523     0.8748    0.01431        274        640: 10% ━─────────── 3/29 2.0it/s 1.3s<13.2s
[K      23/50      43.4G      1.495     0.8722    0.01452        233        640: 13% ━╸────────── 4/29 2.3it/s 1.7s<10.9s
[K      23/50      43.4G      1.503     0.8827    0.01443        288        640: 17% ━━────────── 5/29 2.5it/s 2.0s<9.5s
[K      23/50      43.4G      1.508     0.8925    0.01452        289        640: 20% ━━────────── 6/29 2.7it/s 2.3s<8.6s
[K      23/50      43.4G      1.504     0.8832     0.0143        319        640: 24% ━━╸───────── 7/29 2.8it/s 2.6s<7.9s
[K      23/50      43.4G      1.505      0.876    0.01427        278        640: 27% ━━━───────── 8/29 2.9it/s 3.0s<7.4s
[K      23/50      43.4G       1.51     0.8801    0.01427        267        640: 31% ━━━╸──────── 9/29 2.9it/s 3.3s<6.9s
[K      23/50      43.4G      1.508     0.8805    0.01426        271        640: 34% ━━━━──────── 10/29 3.0it/s 3.6s<6.4s
[K      23/50      43.4G      1.502     0.8824    0.01421        292        640: 37% ━━━━╸─────── 11/29 3.0it/s 4.0s<6.0s
[K      23/50      43.4G      1.496     0.8852    0.01432        263        640: 41% ━━━━╸─────── 12/29 3.0it/s 4.3s<5.7s
[K      23/50      43.4G      1.493     0.8861    0.01445        233        640: 44% ━━━━━─────── 13/29 3.0it/s 4.6s<5.3s
[K      23/50      43.4G      1.497     0.8834    0.01446        269        640: 48% ━━━━━╸────── 14/29 3.0it/s 4.9s<4.9s
[K      23/50      43.4G      1.501     0.8818    0.01457        296        640: 51% ━━━━━━────── 15/29 3.0it/s 5.3s<4.6s
[K      23/50      43.4G      1.501     0.8835    0.01462        250        640: 55% ━━━━━━╸───── 16/29 3.0it/s 5.6s<4.3s
[K      23/50      43.4G      1.501     0.8855    0.01462        321        640: 58% ━━━━━━━───── 17/29 3.0it/s 5.9s<3.9s
[K      23/50      43.4G      1.502     0.8873    0.01471        279        640: 62% ━━━━━━━───── 18/29 3.0it/s 6.2s<3.6s
[K      23/50      43.4G      1.499     0.8851    0.01461        273        640: 65% ━━━━━━━╸──── 19/29 3.0it/s 6.6s<3.3s
[K      23/50      43.4G      1.501     0.8846     0.0146        272        640: 68% ━━━━━━━━──── 20/29 3.0it/s 6.9s<3.0s
[K      23/50      43.4G      1.503     0.8881     0.0146        297        640: 72% ━━━━━━━━╸─── 21/29 3.0it/s 7.2s<2.6s
[K      23/50      43.4G      1.502     0.8886    0.01459        306        640: 75% ━━━━━━━━━─── 22/29 3.0it/s 7.6s<2.3s
[K      23/50      43.4G      1.501     0.8871    0.01459        265        640: 79% ━━━━━━━━━╸── 23/29 3.0it/s 7.9s<2.0s
[K      23/50      43.4G      1.498     0.8841    0.01459        231        640: 82% ━━━━━━━━━╸── 24/29 3.0it/s 8.2s<1.6s
[K      23/50      43.4G      1.494     0.8819    0.01457        260        640: 86% ━━━━━━━━━━── 25/29 3.1it/s 8.5s<1.3s
[K      23/50      43.4G      1.495      0.883    0.01459        243        640: 89% ━━━━━━━━━━╸─ 26/29 3.1it/s 8.9s<1.0s
[K      23/50      43.4G      1.494     0.8819    0.01465        258        640: 93% ━━━━━━━━━━━─ 27/29 3.1it/s 9.2s<0.7s
[K      23/50      43.4G      1.496     0.8832     0.0147        202        640: 96% ━━━━━━━━━━━╸ 28/29 3.4it/s 9.4s<0.3s
[K      23/50      43.4G      1.496     0.8832     0.0147        202        640: 100% ━━━━━━━━━━━━ 29/29 3.1it/s 9.4s
[K                 Class     Images  Instances      Box(P          R      mAP50  mAP50-95): 50% ━━━━━━────── 1/2 1.0s/it 0.3s<1.0s
[K                 Class     Images  Instances      Box(P          R      mAP50  mAP50-95): 100% ━━━━━━━━━━━━ 2/2 3.9it/s 0.5s
                   all        202        531      0.829      0.783      0.869      0.492
      Epoch    GPU_mem   box_loss   cls_loss    l1_loss  Instances       Size
[K      24/50      43.4G       1.46     0.7827    0.01461        255        640: 0% ──────────── 0/29  0.3s
[K      24/50      43.4G      1.494     0.8747    0.01467        275        640: 3% ──────────── 1/29 1.1s/it 0.7s<30.7s
[K      24/50      43.4G       1.49     0.8704    0.01405        284        640: 6% ╸─────────── 2/29 1.6it/s 1.0s<17.4s
[K      24/50      43.4G      1.467     0.8473    0.01377        299        640: 10% ━─────────── 3/29 2.0it/s 1.3s<13.0s
[K      24/50      43.4G      1.471     0.8776    0.01372        270        640: 13% ━╸────────── 4/29 2.3it/s 1.6s<10.9s
[K      24/50      43.4G      1.468     0.8818    0.01365        275        640: 17% ━━────────── 5/29 2.5it/s 2.0s<9.5s
[K      24/50      43.4G      1.471     0.8733    0.01359        320        640: 20% ━━────────── 6/29 2.7it/s 2.3s<8.6s
[K      24/50      43.4G      1.468     0.8654    0.01348        294        640: 24% ━━╸───────── 7/29 2.8it/s 2.6s<7.9s
[K      24/50      43.4G      1.466      0.853    0.01337        312        640: 27% ━━━───────── 8/29 2.9it/s 3.0s<7.3s
[K      24/50      43.4G      1.461     0.8547    0.01344        272        640: 31% ━━━╸──────── 9/29 2.9it/s 3.3s<6.9s
[K      24/50      43.4G      1.455     0.8587    0.01345        285        640: 34% ━━━━──────── 10/29 3.0it/s 3.6s<6.4s
[K      24/50      43.4G      1.457     0.8595     0.0135        292        640: 37% ━━━━╸─────── 11/29 3.0it/s 4.0s<6.0s
[K      24/50      43.4G       1.45     0.8561    0.01349        258        640: 41% ━━━━╸─────── 12/29 3.0it/s 4.3s<5.7s
[K      24/50      43.4G      1.453     0.8554    0.01347        263        640: 44% ━━━━━─────── 13/29 3.0it/s 4.6s<5.3s
[K      24/50      43.4G      1.459      0.856    0.01344        319        640: 48% ━━━━━╸────── 14/29 3.0it/s 5.0s<5.0s
[K      24/50      43.4G      1.461      0.854    0.01338        321        640: 51% ━━━━━━────── 15/29 3.0it/s 5.3s<4.7s
[K      24/50      43.4G      1.458     0.8535    0.01327        341        640: 55% ━━━━━━╸───── 16/29 3.0it/s 5.6s<4.3s
[K      24/50      43.4G      1.458     0.8503    0.01324        318        640: 58% ━━━━━━━───── 17/29 3.0it/s 5.9s<4.0s
[K      24/50      43.4G      1.458     0.8502    0.01325        302        640: 62% ━━━━━━━───── 18/29 3.0it/s 6.3s<3.6s
[K      24/50      43.4G      1.462     0.8508    0.01329        308        640: 65% ━━━━━━━╸──── 19/29 3.0it/s 6.6s<3.3s
[K      24/50      43.4G      1.461     0.8534    0.01333        284        640: 68% ━━━━━━━━──── 20/29 3.0it/s 6.9s<3.0s
[K      24/50      43.4G      1.459      0.855    0.01333        295        640: 72% ━━━━━━━━╸─── 21/29 3.0it/s 7.3s<2.6s
[K      24/50      43.4G      1.464     0.8557    0.01338        297        640: 75% ━━━━━━━━━─── 22/29 3.0it/s 7.6s<2.3s
[K      24/50      43.4G      1.463     0.8565    0.01341        289        640: 79% ━━━━━━━━━╸── 23/29 3.0it/s 7.9s<2.0s
[K      24/50      43.4G      1.461     0.8585    0.01338        261        640: 82% ━━━━━━━━━╸── 24/29 3.0it/s 8.2s<1.6s
[K      24/50      43.4G       1.46     0.8604    0.01335        299        640: 86% ━━━━━━━━━━── 25/29 3.0it/s 8.6s<1.3s
[K      24/50      43.4G      1.462     0.8612    0.01331        360        640: 89% ━━━━━━━━━━╸─ 26/29 3.0it/s 8.9s<1.0s
[K      24/50      43.4G       1.46     0.8572    0.01323        330        640: 93% ━━━━━━━━━━━─ 27/29 3.0it/s 9.2s<0.7s
[K      24/50      43.4G      1.462     0.8579    0.01319        255        640: 96% ━━━━━━━━━━━╸ 28/29 3.4it/s 9.5s<0.3s
[K      24/50      43.4G      1.462     0.8579    0.01319        255        640: 100% ━━━━━━━━━━━━ 29/29 3.1it/s 9.5s
[K                 Class     Images  Instances      Box(P          R      mAP50  mAP50-95): 50% ━━━━━━────── 1/2 1.0s/it 0.3s<1.0s
[K                 Class     Images  Instances      Box(P          R      mAP50  mAP50-95): 100% ━━━━━━━━━━━━ 2/2 4.0it/s 0.5s
                   all        202        531      0.839      0.796      0.847      0.453
      Epoch    GPU_mem   box_loss   cls_loss    l1_loss  Instances       Size
[K      25/50      43.4G      1.442     0.9276     0.0142        265        640: 0% ──────────── 0/29  0.3s
[K      25/50      43.4G      1.417     0.9645    0.01376        257        640: 3% ──────────── 1/29 1.1s/it 0.7s<30.6s
[K      25/50      43.4G       1.42     0.9397    0.01333        315        640: 6% ╸─────────── 2/29 1.5it/s 1.0s<17.4s
[K      25/50      43.4G      1.435     0.9226    0.01309        275        640: 10% ━─────────── 3/29 2.0it/s 1.3s<13.0s
[K      25/50      43.4G      1.421     0.9101    0.01314        281        640: 13% ━╸────────── 4/29 2.3it/s 1.6s<10.8s
[K      25/50      43.4G      1.438     0.9057    0.01322        299        640: 17% ━━────────── 5/29 2.5it/s 2.0s<9.5s
[K      25/50      43.4G      1.435     0.9006    0.01302        298        640: 20% ━━────────── 6/29 2.7it/s 2.3s<8.6s
[K      25/50      43.4G      1.439     0.9051    0.01329        248        640: 24% ━━╸───────── 7/29 2.8it/s 2.6s<7.9s
[K      25/50      43.4G       1.43     0.8989    0.01326        279        640: 27% ━━━───────── 8/29 2.9it/s 3.0s<7.3s
[K      25/50      43.4G      1.437     0.9006    0.01342        249        640: 31% ━━━╸──────── 9/29 2.9it/s 3.3s<6.9s
[K      25/50      43.4G      1.438     0.8926    0.01354        259        640: 34% ━━━━──────── 10/29 2.9it/s 3.6s<6.5s
[K      25/50      43.4G      1.445     0.8889    0.01361        256        640: 37% ━━━━╸─────── 11/29 3.0it/s 4.0s<6.1s
[K      25/50      43.4G      1.443     0.8921    0.01366        273        640: 41% ━━━━╸─────── 12/29 3.0it/s 4.3s<5.7s
[K      25/50      43.4G      1.444     0.8905    0.01368        272        640: 44% ━━━━━─────── 13/29 3.0it/s 4.6s<5.3s
[K      25/50      43.4G      1.444     0.8863    0.01363        272        640: 48% ━━━━━╸────── 14/29 3.0it/s 5.0s<5.0s
[K      25/50      43.4G      1.445     0.8829     0.0136        303        640: 51% ━━━━━━────── 15/29 3.0it/s 5.3s<4.7s
[K      25/50      43.4G      1.446     0.8881    0.01366        253        640: 55% ━━━━━━╸───── 16/29 3.0it/s 5.6s<4.3s
[K      25/50      43.4G      1.443     0.8886    0.01358        305        640: 58% ━━━━━━━───── 17/29 3.0it/s 5.9s<4.0s
[K      25/50      43.4G      1.442     0.8896    0.01359        280        640: 62% ━━━━━━━───── 18/29 3.0it/s 6.3s<3.6s
[K      25/50      43.4G       1.44     0.8888    0.01369        272        640: 65% ━━━━━━━╸──── 19/29 3.0it/s 6.6s<3.3s
[K      25/50      43.4G      1.443     0.8886    0.01361        311        640: 68% ━━━━━━━━──── 20/29 3.0it/s 6.9s<3.0s
[K      25/50      43.4G      1.445     0.8853    0.01362        270        640: 72% ━━━━━━━━╸─── 21/29 3.0it/s 7.3s<2.6s
[K      25/50      43.4G      1.446     0.8854     0.0136        317        640: 75% ━━━━━━━━━─── 22/29 3.0it/s 7.6s<2.3s
[K      25/50      43.4G      1.445     0.8869    0.01359        265        640: 79% ━━━━━━━━━╸── 23/29 3.0it/s 7.9s<2.0s
[K      25/50      43.4G      1.443     0.8887    0.01354        304        640: 82% ━━━━━━━━━╸── 24/29 3.0it/s 8.3s<1.6s
[K      25/50      43.4G      1.445     0.8878    0.01357        254        640: 86% ━━━━━━━━━━── 25/29 3.0it/s 8.6s<1.3s
[K      25/50      43.4G      1.445     0.8849    0.01354        270        640: 89% ━━━━━━━━━━╸─ 26/29 3.0it/s 8.9s<1.0s
[K      25/50      43.4G      1.443     0.8855    0.01354        261        640: 93% ━━━━━━━━━━━─ 27/29 3.0it/s 9.2s<0.7s
[K      25/50      43.4G      1.443     0.8837    0.01351        224        640: 96% ━━━━━━━━━━━╸ 28/29 3.4it/s 9.5s<0.3s
[K      25/50      43.4G      1.443     0.8837    0.01351        224        640: 100% ━━━━━━━━━━━━ 29/29 3.1it/s 9.5s
[K                 Class     Images  Instances      Box(P          R      mAP50  mAP50-95): 50% ━━━━━━────── 1/2 1.1s/it 0.3s<1.1s
[K                 Class     Images  Instances      Box(P          R      mAP50  mAP50-95): 100% ━━━━━━━━━━━━ 2/2 3.9it/s 0.5s
                   all        202        531      0.903        0.8      0.905      0.527
      Epoch    GPU_mem   box_loss   cls_loss    l1_loss  Instances       Size
[K      26/50      43.4G      1.488     0.8539    0.01308        298        640: 0% ──────────── 0/29  0.3s
[K      26/50      43.4G      1.463     0.8198    0.01264        258        640: 3% ──────────── 1/29 1.1s/it 0.7s<30.8s
[K      26/50      43.4G      1.469     0.8016    0.01238        344        640: 6% ╸─────────── 2/29 1.5it/s 1.0s<17.4s
[K      26/50      43.4G      1.466     0.8276     0.0132        252        640: 10% ━─────────── 3/29 2.0it/s 1.3s<13.0s
[K      26/50      43.4G      1.443     0.8323    0.01283        311        640: 13% ━╸────────── 4/29 2.3it/s 1.6s<10.8s
[K      26/50      43.4G       1.44     0.8295    0.01294        286        640: 17% ━━────────── 5/29 2.5it/s 2.0s<9.5s
[K      26/50      43.4G      1.439     0.8337      0.013        301        640: 20% ━━────────── 6/29 2.7it/s 2.3s<8.5s
[K      26/50      43.4G      1.439     0.8365    0.01333        253        640: 24% ━━╸───────── 7/29 2.8it/s 2.6s<7.9s
[K      26/50      43.4G      1.442     0.8476    0.01368        228        640: 27% ━━━───────── 8/29 2.9it/s 3.0s<7.3s
[K      26/50      43.4G      1.448     0.8468    0.01376        290        640: 31% ━━━╸──────── 9/29 2.9it/s 3.3s<6.8s
[K      26/50      43.4G      1.446     0.8425    0.01386        246        640: 34% ━━━━──────── 10/29 3.0it/s 3.6s<6.4s
[K      26/50      43.4G      1.442     0.8414     0.0139        256        640: 37% ━━━━╸─────── 11/29 3.0it/s 3.9s<6.0s
[K      26/50      43.4G      1.438     0.8464     0.0139        229        640: 41% ━━━━╸─────── 12/29 3.0it/s 4.3s<5.6s
[K      26/50      43.4G      1.433     0.8499    0.01381        247        640: 44% ━━━━━─────── 13/29 3.0it/s 4.6s<5.3s
[K      26/50      43.4G      1.435      0.852    0.01372        339        640: 48% ━━━━━╸────── 14/29 3.0it/s 4.9s<5.0s
[K      26/50      43.4G      1.438     0.8512    0.01364        257        640: 51% ━━━━━━────── 15/29 3.0it/s 5.2s<4.6s
[K      26/50      43.4G       1.44     0.8537     0.0137        269        640: 55% ━━━━━━╸───── 16/29 3.0it/s 5.6s<4.3s
[K      26/50      43.4G      1.439     0.8526    0.01366        286        640: 58% ━━━━━━━───── 17/29 3.0it/s 5.9s<4.0s
[K      26/50      43.4G      1.437      0.848     0.0136        284        640: 62% ━━━━━━━───── 18/29 3.0it/s 6.2s<3.6s
[K      26/50      43.4G      1.437     0.8509    0.01362        283        640: 65% ━━━━━━━╸──── 19/29 3.0it/s 6.6s<3.3s
[K      26/50      43.4G      1.437     0.8523    0.01351        360        640: 68% ━━━━━━━━──── 20/29 3.0it/s 6.9s<3.0s
[K      26/50      43.4G      1.436     0.8612    0.01349        242        640: 72% ━━━━━━━━╸─── 21/29 3.0it/s 7.2s<2.6s
[K      26/50      43.4G      1.436     0.8571    0.01347        294        640: 75% ━━━━━━━━━─── 22/29 3.0it/s 7.5s<2.3s
[K      26/50      43.4G      1.434      0.855    0.01344        248        640: 79% ━━━━━━━━━╸── 23/29 3.0it/s 7.9s<2.0s
[K      26/50      43.4G      1.435     0.8561    0.01342        306        640: 82% ━━━━━━━━━╸── 24/29 3.0it/s 8.2s<1.7s
[K      26/50      43.4G      1.435     0.8558    0.01339        327        640: 86% ━━━━━━━━━━── 25/29 3.0it/s 8.5s<1.3s
[K      26/50      43.4G      1.433     0.8527    0.01347        231        640: 89% ━━━━━━━━━━╸─ 26/29 3.0it/s 8.9s<1.0s
[K      26/50      43.4G      1.433     0.8536    0.01346        290        640: 93% ━━━━━━━━━━━─ 27/29 3.0it/s 9.2s<0.7s
[K      26/50      43.4G       1.43       0.85    0.01348        194        640: 96% ━━━━━━━━━━━╸ 28/29 3.4it/s 9.4s<0.3s
[K      26/50      43.4G       1.43       0.85    0.01348        194        640: 100% ━━━━━━━━━━━━ 29/29 3.1it/s 9.4s
[K                 Class     Images  Instances      Box(P          R      mAP50  mAP50-95): 50% ━━━━━━────── 1/2 1.0s/it 0.3s<1.0s
[K                 Class     Images  Instances      Box(P          R      mAP50  mAP50-95): 100% ━━━━━━━━━━━━ 2/2 3.9it/s 0.5s
                   all        202        531      0.847      0.842      0.889      0.512
      Epoch    GPU_mem   box_loss   cls_loss    l1_loss  Instances       Size
[K      27/50      43.4G      1.418     0.7668    0.01262        296        640: 0% ──────────── 0/29  0.3s
[K      27/50      43.4G      1.399     0.7721     0.0125        319        640: 3% ──────────── 1/29 1.1s/it 0.7s<30.6s
[K      27/50      43.4G      1.421     0.7993    0.01255        258        640: 6% ╸─────────── 2/29 1.5it/s 1.0s<17.6s
[K      27/50      43.4G      1.412     0.7962     0.0126        325        640: 10% ━─────────── 3/29 2.0it/s 1.3s<13.1s
[K      27/50      43.4G      1.391     0.7811    0.01258        289        640: 13% ━╸────────── 4/29 2.3it/s 1.7s<10.9s
[K      27/50      43.4G      1.399     0.7934    0.01276        275        640: 17% ━━────────── 5/29 2.5it/s 2.0s<9.5s
[K      27/50      43.4G      1.409      0.802    0.01301        234        640: 20% ━━────────── 6/29 2.7it/s 2.3s<8.6s
[K      27/50      43.4G      1.408     0.7981    0.01295        282        640: 24% ━━╸───────── 7/29 2.8it/s 2.6s<7.9s
[K      27/50      43.4G      1.406     0.7982    0.01335        216        640: 27% ━━━───────── 8/29 2.9it/s 3.0s<7.3s
[K      27/50      43.4G      1.408     0.8019    0.01328        260        640: 31% ━━━╸──────── 9/29 2.9it/s 3.3s<6.8s
[K      27/50      43.4G      1.409      0.797    0.01331        272        640: 34% ━━━━──────── 10/29 3.0it/s 3.6s<6.4s
[K      27/50      43.4G      1.406     0.7982    0.01325        268        640: 37% ━━━━╸─────── 11/29 3.0it/s 3.9s<6.0s
[K      27/50      43.4G      1.409     0.8017     0.0131        315        640: 41% ━━━━╸─────── 12/29 3.0it/s 4.3s<5.7s
[K      27/50      43.4G      1.409     0.7994    0.01309        309        640: 44% ━━━━━─────── 13/29 3.0it/s 4.6s<5.3s
[K      27/50      43.4G      1.408     0.8083     0.0131        238        640: 48% ━━━━━╸────── 14/29 3.0it/s 4.9s<5.0s
[K      27/50      43.4G      1.405     0.8046    0.01311        254        640: 51% ━━━━━━────── 15/29 3.0it/s 5.3s<4.6s
[K      27/50      43.4G      1.403     0.8041    0.01302        306        640: 55% ━━━━━━╸───── 16/29 3.0it/s 5.6s<4.3s
[K      27/50      43.4G      1.399     0.8032    0.01295        281        640: 58% ━━━━━━━───── 17/29 3.0it/s 5.9s<4.0s
[K      27/50      43.4G      1.399     0.8066    0.01304        268        640: 62% ━━━━━━━───── 18/29 3.0it/s 6.3s<3.6s
[K      27/50      43.4G      1.399     0.8097    0.01303        305        640: 65% ━━━━━━━╸──── 19/29 3.0it/s 6.6s<3.3s
[K      27/50      43.4G      1.405     0.8091    0.01302        266        640: 68% ━━━━━━━━──── 20/29 3.0it/s 6.9s<3.0s
[K      27/50      43.4G      1.408     0.8115    0.01309        249        640: 72% ━━━━━━━━╸─── 21/29 3.0it/s 7.2s<2.6s
[K      27/50      43.4G      1.414     0.8167    0.01309        320        640: 75% ━━━━━━━━━─── 22/29 3.0it/s 7.6s<2.3s
[K      27/50      43.4G      1.411     0.8168    0.01309        246        640: 79% ━━━━━━━━━╸── 23/29 3.0it/s 7.9s<2.0s
[K      27/50      43.4G      1.411     0.8192    0.01312        314        640: 82% ━━━━━━━━━╸── 24/29 3.0it/s 8.2s<1.7s
[K      27/50      43.4G       1.41      0.817    0.01318        234        640: 86% ━━━━━━━━━━── 25/29 3.0it/s 8.6s<1.3s
[K      27/50      43.4G      1.409     0.8185    0.01316        266        640: 89% ━━━━━━━━━━╸─ 26/29 3.0it/s 8.9s<1.0s
[K      27/50      43.4G      1.411     0.8207    0.01312        343        640: 93% ━━━━━━━━━━━─ 27/29 3.0it/s 9.2s<0.7s
[K      27/50      43.4G      1.408     0.8231    0.01307        237        640: 96% ━━━━━━━━━━━╸ 28/29 3.3it/s 9.5s<0.3s
[K      27/50      43.4G      1.408     0.8231    0.01307        237        640: 100% ━━━━━━━━━━━━ 29/29 3.1it/s 9.5s
[K                 Class     Images  Instances      Box(P          R      mAP50  mAP50-95): 50% ━━━━━━────── 1/2 1.0s/it 0.3s<1.0s
[K                 Class     Images  Instances      Box(P          R      mAP50  mAP50-95): 100% ━━━━━━━━━━━━ 2/2 4.0it/s 0.5s
                   all        202        531      0.852      0.844      0.906      0.523
      Epoch    GPU_mem   box_loss   cls_loss    l1_loss  Instances       Size
[K      28/50      43.4G      1.363     0.7791    0.01105        324        640: 0% ──────────── 0/29  0.3s
[K      28/50      43.4G      1.407     0.8139    0.01202        314        640: 3% ──────────── 1/29 1.1s/it 0.7s<31.0s
[K      28/50      43.4G      1.394     0.8383    0.01208        273        640: 6% ╸─────────── 2/29 1.5it/s 1.0s<17.5s
[K      28/50      43.4G      1.399      0.846    0.01188        281        640: 10% ━─────────── 3/29 2.0it/s 1.3s<13.0s
[K      28/50      43.4G      1.397     0.8405    0.01177        336        640: 13% ━╸────────── 4/29 2.3it/s 1.6s<10.8s
[K      28/50      43.4G      1.407      0.849    0.01241        240        640: 17% ━━────────── 5/29 2.5it/s 2.0s<9.5s
[K      28/50      43.4G      1.398     0.8533    0.01234        286        640: 20% ━━────────── 6/29 2.7it/s 2.3s<8.6s
[K      28/50      43.4G      1.387     0.8421     0.0124        285        640: 24% ━━╸───────── 7/29 2.8it/s 2.6s<7.9s
[K      28/50      43.4G      1.385     0.8413    0.01244        254        640: 27% ━━━───────── 8/29 2.8it/s 3.0s<7.4s
[K      28/50      43.4G      1.395       0.84    0.01248        294        640: 31% ━━━╸──────── 9/29 2.9it/s 3.3s<6.9s
[K      28/50      43.4G      1.398     0.8403    0.01254        280        640: 34% ━━━━──────── 10/29 3.0it/s 3.6s<6.4s
[K      28/50      43.4G      1.401     0.8363    0.01271        270        640: 37% ━━━━╸─────── 11/29 3.0it/s 4.0s<6.0s
[K      28/50      43.4G      1.397     0.8308     0.0126        346        640: 41% ━━━━╸─────── 12/29 3.0it/s 4.3s<5.7s
[K      28/50      43.4G      1.397     0.8292    0.01248        286        640: 44% ━━━━━─────── 13/29 3.0it/s 4.6s<5.3s
[K      28/50      43.4G      1.401     0.8285    0.01256        256        640: 48% ━━━━━╸────── 14/29 3.0it/s 4.9s<5.0s
[K      28/50      43.4G      1.396     0.8262    0.01253        267        640: 51% ━━━━━━────── 15/29 3.0it/s 5.3s<4.6s
[K      28/50      43.4G      1.396     0.8261    0.01255        295        640: 55% ━━━━━━╸───── 16/29 3.0it/s 5.6s<4.3s
[K      28/50      43.4G      1.393     0.8269    0.01263        272        640: 58% ━━━━━━━───── 17/29 3.0it/s 5.9s<3.9s
[K      28/50      43.4G      1.387      0.825    0.01258        286        640: 62% ━━━━━━━───── 18/29 3.0it/s 6.3s<3.6s
[K      28/50      43.4G      1.389     0.8254    0.01261        272        640: 65% ━━━━━━━╸──── 19/29 3.0it/s 6.6s<3.3s
[K      28/50      43.4G      1.387      0.821    0.01264        259        640: 68% ━━━━━━━━──── 20/29 3.0it/s 6.9s<3.0s
[K      28/50      43.4G      1.384     0.8174    0.01262        303        640: 72% ━━━━━━━━╸─── 21/29 3.0it/s 7.3s<2.7s
[K      28/50      43.4G      1.386     0.8172    0.01264        310        640: 75% ━━━━━━━━━─── 22/29 3.0it/s 7.6s<2.3s
[K      28/50      43.4G      1.385     0.8142    0.01266        260        640: 79% ━━━━━━━━━╸── 23/29 3.0it/s 7.9s<2.0s
[K      28/50      43.4G      1.386     0.8104    0.01265        284        640: 82% ━━━━━━━━━╸── 24/29 3.0it/s 8.3s<1.7s
[K      28/50      43.4G      1.388     0.8112    0.01269        274        640: 86% ━━━━━━━━━━── 25/29 3.0it/s 8.6s<1.3s
[K      28/50      43.4G      1.389     0.8105    0.01271        270        640: 89% ━━━━━━━━━━╸─ 26/29 3.0it/s 8.9s<1.0s
[K      28/50      43.4G      1.386     0.8106    0.01271        291        640: 93% ━━━━━━━━━━━─ 27/29 3.0it/s 9.2s<0.7s
[K      28/50      43.4G      1.387     0.8091    0.01274        168        640: 96% ━━━━━━━━━━━╸ 28/29 3.4it/s 9.5s<0.3s
[K      28/50      43.4G      1.387     0.8091    0.01274        168        640: 100% ━━━━━━━━━━━━ 29/29 3.1it/s 9.5s
[K                 Class     Images  Instances      Box(P          R      mAP50  mAP50-95): 50% ━━━━━━────── 1/2 1.0s/it 0.3s<1.0s
[K                 Class     Images  Instances      Box(P          R      mAP50  mAP50-95): 100% ━━━━━━━━━━━━ 2/2 4.0it/s 0.5s
                   all        202        531      0.885      0.814      0.895      0.509
      Epoch    GPU_mem   box_loss   cls_loss    l1_loss  Instances       Size
[K      29/50      43.4G      1.342     0.7492    0.01115        285        640: 0% ──────────── 0/29  0.3s
[K      29/50      43.4G      1.341     0.7404    0.01238        232        640: 3% ──────────── 1/29 1.1s/it 0.7s<31.0s
[K      29/50      43.4G      1.348     0.7406    0.01225        294        640: 6% ╸─────────── 2/29 1.5it/s 1.0s<17.4s
[K      29/50      43.4G      1.359     0.7497    0.01238        317        640: 10% ━─────────── 3/29 2.0it/s 1.3s<13.0s
[K      29/50      43.4G      1.376     0.7634    0.01225        340        640: 13% ━╸────────── 4/29 2.3it/s 1.7s<10.9s
[K      29/50      43.4G      1.384       0.77    0.01226        299        640: 17% ━━────────── 5/29 2.5it/s 2.0s<9.5s
[K      29/50      43.4G      1.379     0.7779    0.01205        309        640: 20% ━━────────── 6/29 2.7it/s 2.3s<8.6s
[K      29/50      43.4G      1.371     0.7698    0.01222        305        640: 24% ━━╸───────── 7/29 2.8it/s 2.6s<7.9s
[K      29/50      43.4G      1.371     0.7735    0.01214        268        640: 27% ━━━───────── 8/29 2.9it/s 3.0s<7.3s
[K      29/50      43.4G      1.366     0.7687    0.01208        289        640: 31% ━━━╸──────── 9/29 2.9it/s 3.3s<6.8s
[K      29/50      43.4G      1.371     0.7649    0.01216        300        640: 34% ━━━━──────── 10/29 3.0it/s 3.6s<6.4s
[K      29/50      43.4G      1.372     0.7631    0.01222        300        640: 37% ━━━━╸─────── 11/29 3.0it/s 3.9s<6.0s
[K      29/50      43.4G      1.369     0.7582    0.01225        302        640: 41% ━━━━╸─────── 12/29 3.0it/s 4.3s<5.7s
[K      29/50      43.4G       1.37     0.7602    0.01237        264        640: 44% ━━━━━─────── 13/29 3.0it/s 4.6s<5.3s
[K      29/50      43.4G      1.375     0.7621    0.01236        301        640: 48% ━━━━━╸────── 14/29 3.0it/s 4.9s<5.0s
[K      29/50      43.4G      1.373     0.7602    0.01235        276        640: 51% ━━━━━━────── 15/29 3.0it/s 5.3s<4.6s
[K      29/50      43.4G      1.378     0.7667    0.01253        258        640: 55% ━━━━━━╸───── 16/29 3.0it/s 5.6s<4.3s
[K      29/50      43.4G      1.378     0.7682    0.01246        307        640: 58% ━━━━━━━───── 17/29 3.0it/s 5.9s<4.0s
[K      29/50      43.4G       1.38     0.7678    0.01256        239        640: 62% ━━━━━━━───── 18/29 3.0it/s 6.3s<3.6s
[K      29/50      43.4G      1.385     0.7689    0.01258        283        640: 65% ━━━━━━━╸──── 19/29 3.0it/s 6.6s<3.3s
[K      29/50      43.4G      1.387     0.7697    0.01262        279        640: 68% ━━━━━━━━──── 20/29 3.0it/s 6.9s<3.0s
[K      29/50      43.4G      1.386     0.7731    0.01255        326        640: 72% ━━━━━━━━╸─── 21/29 3.0it/s 7.2s<2.7s
[K      29/50      43.4G      1.384     0.7721    0.01251        265        640: 75% ━━━━━━━━━─── 22/29 3.0it/s 7.6s<2.3s
[K      29/50      43.4G      1.383      0.771    0.01247        305        640: 79% ━━━━━━━━━╸── 23/29 3.0it/s 7.9s<2.0s
[K      29/50      43.4G       1.38     0.7657    0.01245        257        640: 82% ━━━━━━━━━╸── 24/29 3.0it/s 8.2s<1.6s
[K      29/50      43.4G      1.381     0.7656     0.0125        258        640: 86% ━━━━━━━━━━── 25/29 3.0it/s 8.6s<1.3s
[K      29/50      43.4G      1.382     0.7665    0.01249        254        640: 89% ━━━━━━━━━━╸─ 26/29 3.0it/s 8.9s<1.0s
[K      29/50      43.4G      1.379     0.7619    0.01247        304        640: 93% ━━━━━━━━━━━─ 27/29 3.0it/s 9.2s<0.7s
[K      29/50      43.4G       1.38     0.7646    0.01249        211        640: 96% ━━━━━━━━━━━╸ 28/29 3.4it/s 9.5s<0.3s
[K      29/50      43.4G       1.38     0.7646    0.01249        211        640: 100% ━━━━━━━━━━━━ 29/29 3.1it/s 9.5s
[K                 Class     Images  Instances      Box(P          R      mAP50  mAP50-95): 50% ━━━━━━────── 1/2 1.0it/s 0.3s<1.0s
[K                 Class     Images  Instances      Box(P          R      mAP50  mAP50-95): 100% ━━━━━━━━━━━━ 2/2 4.2it/s 0.5s
                   all        202        531      0.816      0.851      0.889      0.522
      Epoch    GPU_mem   box_loss   cls_loss    l1_loss  Instances       Size
[K      30/50      43.4G      1.381     0.7707    0.01405        280        640: 0% ──────────── 0/29  0.3s
[K      30/50      43.4G      1.369     0.8115    0.01416        242        640: 3% ──────────── 1/29 1.1s/it 0.7s<30.4s
[K      30/50      43.4G      1.364     0.7733    0.01334        288        640: 6% ╸─────────── 2/29 1.6it/s 1.0s<17.2s
[K      30/50      43.4G      1.374     0.7674    0.01343        277        640: 10% ━─────────── 3/29 2.0it/s 1.3s<13.0s
[K      30/50      43.4G      1.385     0.7859    0.01389        219        640: 13% ━╸────────── 4/29 2.3it/s 1.6s<10.8s
[K      30/50      43.4G      1.384     0.7946    0.01364        299        640: 17% ━━────────── 5/29 2.5it/s 2.0s<9.5s
[K      30/50      43.4G      1.384      0.792    0.01349        259        640: 20% ━━────────── 6/29 2.7it/s 2.3s<8.6s
[K      30/50      43.4G      1.381     0.7847    0.01331        308        640: 24% ━━╸───────── 7/29 2.8it/s 2.6s<7.9s
[K      30/50      43.4G      1.372     0.7782    0.01306        305        640: 27% ━━━───────── 8/29 2.8it/s 3.0s<7.4s
[K      30/50      43.4G      1.363     0.7711    0.01297        278        640: 31% ━━━╸──────── 9/29 2.9it/s 3.3s<6.9s
[K      30/50      43.4G      1.363      0.772    0.01291        289        640: 34% ━━━━──────── 10/29 2.9it/s 3.6s<6.4s
[K      30/50      43.4G      1.364     0.7736     0.0128        298        640: 37% ━━━━╸─────── 11/29 3.0it/s 4.0s<6.1s
[K      30/50      43.4G      1.367     0.7793    0.01302        252        640: 41% ━━━━╸─────── 12/29 3.0it/s 4.3s<5.7s
[K      30/50      43.4G      1.366     0.7813    0.01299        293        640: 44% ━━━━━─────── 13/29 3.0it/s 4.6s<5.3s
[K      30/50      43.4G      1.366      0.784    0.01304        282        640: 48% ━━━━━╸────── 14/29 3.0it/s 4.9s<5.0s
[K      30/50      43.4G      1.365     0.7822      0.013        250        640: 51% ━━━━━━────── 15/29 3.0it/s 5.3s<4.6s
[K      30/50      43.4G      1.369     0.7879    0.01296        297        640: 55% ━━━━━━╸───── 16/29 3.0it/s 5.6s<4.3s
[K      30/50      43.4G      1.369     0.7884    0.01292        282        640: 58% ━━━━━━━───── 17/29 3.0it/s 5.9s<4.0s
[K      30/50      43.4G      1.371     0.7877     0.0129        281        640: 62% ━━━━━━━───── 18/29 3.0it/s 6.3s<3.6s
[K      30/50      43.4G      1.375     0.7907    0.01286        287        640: 65% ━━━━━━━╸──── 19/29 3.0it/s 6.6s<3.3s
[K      30/50      43.4G      1.378     0.7867    0.01283        293        640: 68% ━━━━━━━━──── 20/29 3.0it/s 6.9s<3.0s
[K      30/50      43.4G      1.373     0.7852    0.01275        271        640: 72% ━━━━━━━━╸─── 21/29 3.0it/s 7.3s<2.7s
[K      30/50      43.4G      1.374     0.7889    0.01288        239        640: 75% ━━━━━━━━━─── 22/29 3.0it/s 7.6s<2.3s
[K      30/50      43.4G      1.375     0.7918    0.01292        271        640: 79% ━━━━━━━━━╸── 23/29 3.0it/s 7.9s<2.0s
[K      30/50      43.4G      1.377     0.7927    0.01292        297        640: 82% ━━━━━━━━━╸── 24/29 3.0it/s 8.2s<1.6s
[K      30/50      43.4G      1.374     0.7898    0.01292        254        640: 86% ━━━━━━━━━━── 25/29 3.0it/s 8.6s<1.3s
[K      30/50      43.4G      1.372     0.7903     0.0129        308        640: 89% ━━━━━━━━━━╸─ 26/29 3.0it/s 8.9s<1.0s
[K      30/50      43.4G      1.375     0.7902    0.01285        353        640: 93% ━━━━━━━━━━━─ 27/29 3.0it/s 9.2s<0.7s
[K      30/50      43.4G      1.375     0.7904    0.01285        188        640: 96% ━━━━━━━━━━━╸ 28/29 3.4it/s 9.5s<0.3s
[K      30/50      43.4G      1.375     0.7904    0.01285        188        640: 100% ━━━━━━━━━━━━ 29/29 3.1it/s 9.5s
[K                 Class     Images  Instances      Box(P          R      mAP50  mAP50-95): 50% ━━━━━━────── 1/2 1.0it/s 0.3s<1.0s
[K                 Class     Images  Instances      Box(P          R      mAP50  mAP50-95): 100% ━━━━━━━━━━━━ 2/2 4.0it/s 0.5s
                   all        202        531      0.859      0.823      0.901       0.52
      Epoch    GPU_mem   box_loss   cls_loss    l1_loss  Instances       Size
[K      31/50      43.4G      1.396     0.7998    0.01382        273        640: 0% ──────────── 0/29  0.3s
[K      31/50      43.4G      1.367     0.7701    0.01277        293        640: 3% ──────────── 1/29 1.1s/it 0.7s<30.4s
[K      31/50      43.4G      1.354     0.7543    0.01237        278        640: 6% ╸─────────── 2/29 1.6it/s 1.0s<17.2s
[K      31/50      43.4G      1.368     0.7666    0.01263        290        640: 10% ━─────────── 3/29 2.0it/s 1.3s<12.9s
[K      31/50      43.4G      1.369     0.7722    0.01274        233        640: 13% ━╸────────── 4/29 2.3it/s 1.6s<10.7s
[K      31/50      43.4G      1.365     0.7774    0.01265        268        640: 17% ━━────────── 5/29 2.5it/s 2.0s<9.4s
[K      31/50      43.4G      1.364      0.778    0.01262        299        640: 20% ━━────────── 6/29 2.7it/s 2.3s<8.5s
[K      31/50      43.4G      1.357     0.7693    0.01258        291        640: 24% ━━╸───────── 7/29 2.8it/s 2.6s<7.8s
[K      31/50      43.4G      1.358     0.7685    0.01249        323        640: 27% ━━━───────── 8/29 2.9it/s 2.9s<7.3s
[K      31/50      43.4G      1.359     0.7786    0.01236        340        640: 31% ━━━╸──────── 9/29 2.9it/s 3.3s<6.8s
[K      31/50      43.4G      1.357      0.784    0.01232        280        640: 34% ━━━━──────── 10/29 3.0it/s 3.6s<6.4s
[K      31/50      43.4G      1.352     0.7873    0.01223        283        640: 37% ━━━━╸─────── 11/29 3.0it/s 3.9s<6.0s
[K      31/50      43.4G      1.358     0.7943    0.01233        285        640: 41% ━━━━╸─────── 12/29 3.0it/s 4.2s<5.6s
[K      31/50      43.4G      1.362     0.7949     0.0123        275        640: 44% ━━━━━─────── 13/29 3.0it/s 4.6s<5.3s
[K      31/50      43.4G       1.36     0.7907     0.0123        300        640: 48% ━━━━━╸────── 14/29 3.0it/s 4.9s<5.0s
[K      31/50      43.4G      1.357     0.7866    0.01234        302        640: 51% ━━━━━━────── 15/29 3.0it/s 5.2s<4.7s
[K      31/50      43.4G      1.357     0.7866    0.01237        277        640: 55% ━━━━━━╸───── 16/29 3.0it/s 5.6s<4.3s
[K      31/50      43.4G      1.358     0.7881    0.01234        311        640: 58% ━━━━━━━───── 17/29 3.0it/s 5.9s<4.0s
[K      31/50      43.4G      1.357      0.788    0.01231        306        640: 62% ━━━━━━━───── 18/29 3.0it/s 6.2s<3.6s
[K      31/50      43.4G      1.361     0.7835    0.01242        256        640: 65% ━━━━━━━╸──── 19/29 3.0it/s 6.6s<3.3s
[K      31/50      43.4G      1.363     0.7847    0.01246        305        640: 68% ━━━━━━━━──── 20/29 3.0it/s 6.9s<3.0s
[K      31/50      43.4G      1.368     0.7864    0.01253        250        640: 72% ━━━━━━━━╸─── 21/29 3.0it/s 7.2s<2.6s
[K      31/50      43.4G      1.371     0.7884    0.01252        313        640: 75% ━━━━━━━━━─── 22/29 3.1it/s 7.5s<2.3s
[K      31/50      43.4G      1.371     0.7875    0.01253        278        640: 79% ━━━━━━━━━╸── 23/29 3.1it/s 7.9s<2.0s
[K      31/50      43.4G       1.37     0.7871     0.0125        240        640: 82% ━━━━━━━━━╸── 24/29 3.1it/s 8.2s<1.6s
[K      31/50      43.4G      1.367     0.7854    0.01246        279        640: 86% ━━━━━━━━━━── 25/29 3.1it/s 8.5s<1.3s
[K      31/50      43.4G      1.367     0.7813    0.01246        293        640: 89% ━━━━━━━━━━╸─ 26/29 3.1it/s 8.9s<1.0s
[K      31/50      43.4G      1.366     0.7773    0.01243        264        640: 93% ━━━━━━━━━━━─ 27/29 3.1it/s 9.2s<0.7s
[K      31/50      43.4G       1.37     0.7798    0.01249        205        640: 96% ━━━━━━━━━━━╸ 28/29 3.4it/s 9.4s<0.3s
[K      31/50      43.4G       1.37     0.7798    0.01249        205        640: 100% ━━━━━━━━━━━━ 29/29 3.1it/s 9.4s
[K                 Class     Images  Instances      Box(P          R      mAP50  mAP50-95): 50% ━━━━━━────── 1/2 1.0s/it 0.3s<1.0s
[K                 Class     Images  Instances      Box(P          R      mAP50  mAP50-95): 100% ━━━━━━━━━━━━ 2/2 4.0it/s 0.5s
                   all        202        531      0.827       0.87      0.906      0.517
      Epoch    GPU_mem   box_loss   cls_loss    l1_loss  Instances       Size
[K      32/50      43.4G      1.394     0.7846    0.01255        295        640: 0% ──────────── 0/29  0.3s
[K      32/50      43.4G      1.372      0.838    0.01268        270        640: 3% ──────────── 1/29 1.1s/it 0.7s<31.1s
[K      32/50      43.4G      1.371      0.806    0.01282        267        640: 6% ╸─────────── 2/29 1.5it/s 1.0s<17.6s
[K      32/50      43.4G      1.363     0.7937    0.01238        286        640: 10% ━─────────── 3/29 2.0it/s 1.3s<13.1s
[K      32/50      43.4G      1.358     0.7949    0.01272        249        640: 13% ━╸────────── 4/29 2.3it/s 1.7s<10.8s
[K      32/50      43.4G      1.363      0.789     0.0125        290        640: 17% ━━────────── 5/29 2.5it/s 2.0s<9.5s
[K      32/50      43.4G      1.363     0.7888    0.01259        293        640: 20% ━━────────── 6/29 2.7it/s 2.3s<8.6s
[K      32/50      43.4G      1.351     0.7669    0.01255        264        640: 24% ━━╸───────── 7/29 2.8it/s 2.6s<7.9s
[K      32/50      43.4G      1.348     0.7674    0.01259        270        640: 27% ━━━───────── 8/29 2.9it/s 3.0s<7.3s
[K      32/50      43.4G       1.34      0.764     0.0125        328        640: 31% ━━━╸──────── 9/29 2.9it/s 3.3s<6.8s
[K      32/50      43.4G      1.335     0.7535    0.01242        270        640: 34% ━━━━──────── 10/29 3.0it/s 3.6s<6.4s
[K      32/50      43.4G      1.335     0.7542    0.01247        284        640: 37% ━━━━╸─────── 11/29 3.0it/s 3.9s<6.0s
[K      32/50      43.4G      1.334     0.7616    0.01244        226        640: 41% ━━━━╸─────── 12/29 3.0it/s 4.3s<5.7s
[K      32/50      43.4G       1.33     0.7626    0.01248        239        640: 44% ━━━━━─────── 13/29 3.0it/s 4.6s<5.3s
[K      32/50      43.4G      1.332     0.7694    0.01249        305        640: 48% ━━━━━╸────── 14/29 3.0it/s 4.9s<5.0s
[K      32/50      43.4G      1.338     0.7697    0.01253        302        640: 51% ━━━━━━────── 15/29 2.6it/s 5.6s<5.4s
[K      32/50      43.4G      1.335     0.7684    0.01254        263        640: 55% ━━━━━━╸───── 16/29 2.7it/s 5.9s<4.8s
[K      32/50      43.4G      1.334     0.7681    0.01256        271        640: 58% ━━━━━━━───── 17/29 2.8it/s 6.2s<4.3s
[K      32/50      43.4G      1.331     0.7675    0.01252        236        640: 62% ━━━━━━━───── 18/29 2.9it/s 6.6s<3.8s
[K      32/50      43.4G      1.331     0.7683    0.01251        307        640: 65% ━━━━━━━╸──── 19/29 2.9it/s 6.9s<3.4s
[K      32/50      43.4G       1.33     0.7707    0.01246        313        640: 68% ━━━━━━━━──── 20/29 3.0it/s 7.2s<3.0s
[K      32/50      43.4G      1.328     0.7675    0.01249        265        640: 72% ━━━━━━━━╸─── 21/29 3.0it/s 7.5s<2.7s
[K      32/50      43.4G      1.326     0.7672    0.01248        309        640: 75% ━━━━━━━━━─── 22/29 3.0it/s 7.9s<2.3s
[K      32/50      43.4G      1.327      0.769    0.01243        322        640: 79% ━━━━━━━━━╸── 23/29 3.0it/s 8.2s<2.0s
[K      32/50      43.4G      1.326     0.7668    0.01239        304        640: 82% ━━━━━━━━━╸── 24/29 3.0it/s 8.5s<1.6s
[K      32/50      43.4G      1.333     0.7705    0.01233        335        640: 86% ━━━━━━━━━━── 25/29 3.0it/s 8.9s<1.3s
[K      32/50      43.4G      1.333     0.7718    0.01233        265        640: 89% ━━━━━━━━━━╸─ 26/29 3.0it/s 9.2s<1.0s
[K      32/50      43.4G      1.336     0.7759    0.01239        219        640: 93% ━━━━━━━━━━━─ 27/29 3.0it/s 9.5s<0.7s
[K      32/50      43.4G      1.335     0.7737    0.01242        237        640: 96% ━━━━━━━━━━━╸ 28/29 3.4it/s 9.8s<0.3s
[K      32/50      43.4G      1.335     0.7737    0.01242        237        640: 100% ━━━━━━━━━━━━ 29/29 3.0it/s 9.8s
[K                 Class     Images  Instances      Box(P          R      mAP50  mAP50-95): 50% ━━━━━━────── 1/2 1.0s/it 0.3s<1.0s
[K                 Class     Images  Instances      Box(P          R      mAP50  mAP50-95): 100% ━━━━━━━━━━━━ 2/2 4.0it/s 0.5s
                   all        202        531      0.841      0.858      0.909      0.536
      Epoch    GPU_mem   box_loss   cls_loss    l1_loss  Instances       Size
[K      33/50      43.4G      1.322     0.7268    0.01231        280        640: 0% ──────────── 0/29  0.3s
[K      33/50      43.4G      1.332      0.725     0.0125        277        640: 3% ──────────── 1/29 1.1s/it 0.7s<30.4s
[K      33/50      43.4G      1.326     0.7279    0.01266        251        640: 6% ╸─────────── 2/29 1.6it/s 1.0s<17.3s
[K      33/50      43.4G      1.321     0.7295    0.01247        280        640: 10% ━─────────── 3/29 2.0it/s 1.3s<12.9s
[K      33/50      43.4G       1.34     0.7384    0.01235        289        640: 13% ━╸────────── 4/29 2.3it/s 1.6s<10.8s
[K      33/50      43.4G      1.342     0.7406    0.01222        283        640: 17% ━━────────── 5/29 2.5it/s 2.0s<9.5s
[K      33/50      43.4G      1.332     0.7339    0.01226        291        640: 20% ━━────────── 6/29 2.7it/s 2.3s<8.5s
[K      33/50      43.4G      1.334     0.7295    0.01212        287        640: 24% ━━╸───────── 7/29 2.8it/s 2.6s<7.8s
[K      33/50      43.4G      1.336     0.7327    0.01214        297        640: 27% ━━━───────── 8/29 2.9it/s 3.0s<7.3s
[K      33/50      43.4G      1.337     0.7315    0.01223        253        640: 31% ━━━╸──────── 9/29 2.9it/s 3.3s<6.9s
[K      33/50      43.4G      1.335     0.7372    0.01232        233        640: 34% ━━━━──────── 10/29 2.9it/s 3.6s<6.5s
[K      33/50      43.4G      1.336      0.738    0.01234        283        640: 37% ━━━━╸─────── 11/29 3.0it/s 4.0s<6.1s
[K      33/50      43.4G      1.336     0.7395    0.01245        254        640: 41% ━━━━╸─────── 12/29 3.0it/s 4.3s<5.7s
[K      33/50      43.4G      1.333     0.7349    0.01241        271        640: 44% ━━━━━─────── 13/29 3.0it/s 4.6s<5.3s
[K      33/50      43.4G      1.346     0.7389    0.01241        279        640: 48% ━━━━━╸────── 14/29 3.0it/s 4.9s<5.0s
[K      33/50      43.4G      1.349     0.7393    0.01238        326        640: 51% ━━━━━━────── 15/29 3.0it/s 5.3s<4.6s
[K      33/50      43.4G      1.347     0.7361    0.01232        351        640: 55% ━━━━━━╸───── 16/29 3.0it/s 5.6s<4.3s
[K      33/50      43.4G      1.346     0.7415    0.01226        295        640: 58% ━━━━━━━───── 17/29 3.0it/s 5.9s<3.9s
[K      33/50      43.4G      1.344     0.7387    0.01226        254        640: 62% ━━━━━━━───── 18/29 3.1it/s 6.2s<3.6s
[K      33/50      43.4G      1.341     0.7395    0.01218        294        640: 65% ━━━━━━━╸──── 19/29 3.1it/s 6.6s<3.3s
[K      33/50      43.4G      1.343     0.7428    0.01214        293        640: 68% ━━━━━━━━──── 20/29 3.1it/s 6.9s<2.9s
[K      33/50      43.4G      1.347     0.7459    0.01216        285        640: 72% ━━━━━━━━╸─── 21/29 3.1it/s 7.2s<2.6s
[K      33/50      43.4G      1.344     0.7473    0.01218        249        640: 75% ━━━━━━━━━─── 22/29 3.1it/s 7.6s<2.3s
[K      33/50      43.4G      1.345     0.7436    0.01218        328        640: 79% ━━━━━━━━━╸── 23/29 3.1it/s 7.9s<2.0s
[K      33/50      43.4G      1.348     0.7482    0.01211        270        640: 82% ━━━━━━━━━╸── 24/29 3.1it/s 8.2s<1.6s
[K      33/50      43.4G      1.344     0.7476    0.01213        258        640: 86% ━━━━━━━━━━── 25/29 3.1it/s 8.5s<1.3s
[K      33/50      43.4G      1.344     0.7459     0.0121        296        640: 89% ━━━━━━━━━━╸─ 26/29 3.1it/s 8.9s<1.0s
[K      33/50      43.4G      1.345     0.7468    0.01213        274        640: 93% ━━━━━━━━━━━─ 27/29 3.1it/s 9.2s<0.7s
[K      33/50      43.4G      1.345     0.7469     0.0121        209        640: 96% ━━━━━━━━━━━╸ 28/29 3.4it/s 9.4s<0.3s
[K      33/50      43.4G      1.345     0.7469     0.0121        209        640: 100% ━━━━━━━━━━━━ 29/29 3.1it/s 9.4s
[K                 Class     Images  Instances      Box(P          R      mAP50  mAP50-95): 50% ━━━━━━────── 1/2 1.0it/s 0.3s<1.0s
[K                 Class     Images  Instances      Box(P          R      mAP50  mAP50-95): 100% ━━━━━━━━━━━━ 2/2 4.0it/s 0.5s
                   all        202        531      0.852      0.868      0.914      0.522
      Epoch    GPU_mem   box_loss   cls_loss    l1_loss  Instances       Size
[K      34/50      43.4G      1.336      0.698    0.01182        266        640: 0% ──────────── 0/29  0.3s
[K      34/50      43.4G      1.322     0.6917    0.01224        255        640: 3% ──────────── 1/29 1.1s/it 0.7s<30.5s
[K      34/50      43.4G      1.315     0.7058    0.01206        252        640: 6% ╸─────────── 2/29 1.6it/s 1.0s<17.3s
[K      34/50      43.4G      1.307     0.7072    0.01188        289        640: 10% ━─────────── 3/29 2.0it/s 1.3s<12.9s
[K      34/50      43.4G      1.309     0.7023    0.01199        270        640: 13% ━╸────────── 4/29 2.3it/s 1.6s<10.7s
[K      34/50      43.4G      1.312     0.7032    0.01212        251        640: 17% ━━────────── 5/29 2.6it/s 2.0s<9.4s
[K      34/50      43.4G       1.31     0.7038    0.01197        308        640: 20% ━━────────── 6/29 2.7it/s 2.3s<8.5s
[K      34/50      43.4G      1.308     0.6968    0.01202        285        640: 24% ━━╸───────── 7/29 2.8it/s 2.6s<7.8s
[K      34/50      43.4G      1.301     0.7008    0.01186        295        640: 27% ━━━───────── 8/29 2.9it/s 2.9s<7.3s
[K      34/50      43.4G      1.291      0.694    0.01174        305        640: 31% ━━━╸──────── 9/29 2.9it/s 3.3s<6.8s
[K      34/50      43.4G      1.293     0.6917     0.0117        273        640: 34% ━━━━──────── 10/29 3.0it/s 3.6s<6.4s
[K      34/50      43.4G      1.297     0.6932    0.01183        266        640: 37% ━━━━╸─────── 11/29 3.0it/s 3.9s<6.0s
[K      34/50      43.4G      1.301     0.6951    0.01185        302        640: 41% ━━━━╸─────── 12/29 3.0it/s 4.2s<5.6s
[K      34/50      43.4G        1.3     0.6959    0.01173        328        640: 44% ━━━━━─────── 13/29 3.0it/s 4.6s<5.3s
[K      34/50      43.4G      1.303        0.7    0.01174        290        640: 48% ━━━━━╸────── 14/29 3.0it/s 4.9s<4.9s
[K      34/50      43.4G        1.3      0.705    0.01179        240        640: 51% ━━━━━━────── 15/29 3.0it/s 5.2s<4.6s
[K      34/50      43.4G      1.302     0.7072     0.0117        331        640: 55% ━━━━━━╸───── 16/29 3.0it/s 5.6s<4.3s
[K      34/50      43.4G      1.303     0.7084    0.01169        296        640: 58% ━━━━━━━───── 17/29 3.0it/s 5.9s<3.9s
[K      34/50      43.4G      1.306     0.7126     0.0117        295        640: 62% ━━━━━━━───── 18/29 3.0it/s 6.2s<3.6s
[K      34/50      43.4G      1.307     0.7128    0.01177        271        640: 65% ━━━━━━━╸──── 19/29 3.0it/s 6.6s<3.3s
[K      34/50      43.4G       1.31     0.7146    0.01174        330        640: 68% ━━━━━━━━──── 20/29 3.0it/s 6.9s<3.0s
[K      34/50      43.4G      1.311     0.7148    0.01176        288        640: 72% ━━━━━━━━╸─── 21/29 3.0it/s 7.2s<2.7s
[K      34/50      43.4G       1.31     0.7117     0.0117        301        640: 75% ━━━━━━━━━─── 22/29 3.0it/s 7.5s<2.3s
[K      34/50      43.4G      1.306     0.7079    0.01169        260        640: 79% ━━━━━━━━━╸── 23/29 3.0it/s 7.9s<2.0s
[K      34/50      43.4G      1.305     0.7066    0.01169        295        640: 82% ━━━━━━━━━╸── 24/29 3.0it/s 8.2s<1.7s
[K      34/50      43.4G      1.305     0.7053    0.01166        302        640: 86% ━━━━━━━━━━── 25/29 3.0it/s 8.5s<1.3s
[K      34/50      43.4G      1.308     0.7072    0.01165        296        640: 89% ━━━━━━━━━━╸─ 26/29 3.0it/s 8.9s<1.0s
[K      34/50      43.4G      1.307     0.7073    0.01161        308        640: 93% ━━━━━━━━━━━─ 27/29 3.0it/s 9.2s<0.7s
[K      34/50      43.4G       1.31     0.7066    0.01167        204        640: 96% ━━━━━━━━━━━╸ 28/29 3.3it/s 9.4s<0.3s
[K      34/50      43.4G       1.31     0.7066    0.01167        204        640: 100% ━━━━━━━━━━━━ 29/29 3.1it/s 9.4s
[K                 Class     Images  Instances      Box(P          R      mAP50  mAP50-95): 50% ━━━━━━────── 1/2 1.0s/it 0.3s<1.0s
[K                 Class     Images  Instances      Box(P          R      mAP50  mAP50-95): 100% ━━━━━━━━━━━━ 2/2 3.9it/s 0.5s
                   all        202        531      0.878      0.853      0.914      0.543
      Epoch    GPU_mem   box_loss   cls_loss    l1_loss  Instances       Size
[K      35/50      43.4G      1.333     0.6887    0.01231        248        640: 0% ──────────── 0/29  0.3s
[K      35/50      43.4G      1.319     0.7076     0.0128        267        640: 3% ──────────── 1/29 1.1s/it 0.7s<30.7s
[K      35/50      43.4G      1.316     0.6857    0.01218        316        640: 6% ╸─────────── 2/29 1.6it/s 1.0s<17.4s
[K      35/50      43.4G      1.321      0.693     0.0123        298        640: 10% ━─────────── 3/29 2.0it/s 1.3s<13.0s
[K      35/50      43.4G      1.323      0.701    0.01206        288        640: 13% ━╸────────── 4/29 2.3it/s 1.6s<10.7s
[K      35/50      43.4G      1.321     0.6989    0.01207        262        640: 17% ━━────────── 5/29 2.5it/s 2.0s<9.5s
[K      35/50      43.4G      1.334     0.7117    0.01201        286        640: 20% ━━────────── 6/29 2.7it/s 2.3s<8.5s
[K      35/50      43.4G      1.316     0.7012     0.0118        289        640: 24% ━━╸───────── 7/29 2.8it/s 2.6s<7.9s
[K      35/50      43.4G      1.308     0.6999     0.0117        313        640: 27% ━━━───────── 8/29 2.9it/s 3.0s<7.3s
[K      35/50      43.4G      1.318     0.7156    0.01207        221        640: 31% ━━━╸──────── 9/29 2.9it/s 3.3s<6.8s
[K      35/50      43.4G      1.315     0.7071    0.01197        297        640: 34% ━━━━──────── 10/29 3.0it/s 3.6s<6.4s
[K      35/50      43.4G      1.312     0.7039    0.01199        271        640: 37% ━━━━╸─────── 11/29 3.0it/s 3.9s<6.0s
[K      35/50      43.4G      1.306     0.7065    0.01186        279        640: 41% ━━━━╸─────── 12/29 3.0it/s 4.3s<5.6s
[K      35/50      43.4G      1.303     0.7168    0.01184        267        640: 44% ━━━━━─────── 13/29 3.0it/s 4.6s<5.3s
[K      35/50      43.4G      1.304     0.7153    0.01189        266        640: 48% ━━━━━╸────── 14/29 3.0it/s 4.9s<4.9s
[K      35/50      43.4G      1.303     0.7154     0.0118        339        640: 51% ━━━━━━────── 15/29 3.0it/s 5.2s<4.6s
[K      35/50      43.4G      1.304     0.7171    0.01181        262        640: 55% ━━━━━━╸───── 16/29 3.1it/s 5.6s<4.3s
[K      35/50      43.4G      1.306     0.7199    0.01185        258        640: 58% ━━━━━━━───── 17/29 3.1it/s 5.9s<3.9s
[K      35/50      43.4G      1.305     0.7181    0.01183        306        640: 62% ━━━━━━━───── 18/29 3.1it/s 6.2s<3.6s
[K      35/50      43.4G      1.303     0.7142    0.01184        287        640: 65% ━━━━━━━╸──── 19/29 3.0it/s 6.6s<3.3s
[K      35/50      43.4G      1.306     0.7164    0.01183        301        640: 68% ━━━━━━━━──── 20/29 3.0it/s 6.9s<3.0s
[K      35/50      43.4G      1.308     0.7165    0.01181        309        640: 72% ━━━━━━━━╸─── 21/29 3.0it/s 7.2s<2.6s
[K      35/50      43.4G      1.306     0.7114    0.01179        287        640: 75% ━━━━━━━━━─── 22/29 3.1it/s 7.5s<2.3s
[K      35/50      43.4G      1.305     0.7113    0.01179        261        640: 79% ━━━━━━━━━╸── 23/29 3.1it/s 7.9s<2.0s
[K      35/50      43.4G      1.305     0.7112    0.01182        261        640: 82% ━━━━━━━━━╸── 24/29 3.1it/s 8.2s<1.6s
[K      35/50      43.4G      1.306     0.7124    0.01178        323        640: 86% ━━━━━━━━━━── 25/29 3.1it/s 8.5s<1.3s
[K      35/50      43.4G      1.308     0.7132    0.01181        264        640: 89% ━━━━━━━━━━╸─ 26/29 3.1it/s 8.8s<1.0s
[K      35/50      43.4G      1.305       0.71    0.01179        245        640: 93% ━━━━━━━━━━━─ 27/29 3.1it/s 9.2s<0.7s
[K      35/50      43.4G      1.306      0.712    0.01182        187        640: 96% ━━━━━━━━━━━╸ 28/29 3.4it/s 9.4s<0.3s
[K      35/50      43.4G      1.306      0.712    0.01182        187        640: 100% ━━━━━━━━━━━━ 29/29 3.1it/s 9.4s
[K                 Class     Images  Instances      Box(P          R      mAP50  mAP50-95): 50% ━━━━━━────── 1/2 1.0s/it 0.3s<1.0s
[K                 Class     Images  Instances      Box(P          R      mAP50  mAP50-95): 100% ━━━━━━━━━━━━ 2/2 3.9it/s 0.5s
                   all        202        531      0.857       0.87      0.914       0.55
      Epoch    GPU_mem   box_loss   cls_loss    l1_loss  Instances       Size
[K      36/50      43.4G      1.197      0.666    0.01051        275        640: 0% ──────────── 0/29  0.3s
[K      36/50      43.4G      1.236     0.6619     0.0107        286        640: 3% ──────────── 1/29 1.1s/it 0.7s<30.7s
[K      36/50      43.4G      1.225     0.6523    0.01076        262        640: 6% ╸─────────── 2/29 1.6it/s 1.0s<17.4s
[K      36/50      43.4G      1.245     0.6618    0.01123        253        640: 10% ━─────────── 3/29 2.0it/s 1.3s<12.9s
[K      36/50      43.4G      1.248      0.669    0.01107        293        640: 13% ━╸────────── 4/29 2.3it/s 1.6s<10.8s
[K      36/50      43.4G      1.263     0.6764     0.0113        281        640: 17% ━━────────── 5/29 2.5it/s 2.0s<9.5s
[K      36/50      43.4G      1.264     0.6751     0.0113        247        640: 20% ━━────────── 6/29 2.7it/s 2.3s<8.5s
[K      36/50      43.4G      1.266      0.683    0.01137        276        640: 24% ━━╸───────── 7/29 2.8it/s 2.6s<7.8s
[K      36/50      43.4G      1.266     0.6864    0.01134        319        640: 27% ━━━───────── 8/29 2.9it/s 2.9s<7.3s
[K      36/50      43.4G      1.267     0.6884    0.01143        289        640: 31% ━━━╸──────── 9/29 2.9it/s 3.3s<6.8s
[K      36/50      43.4G      1.265     0.6893    0.01137        314        640: 34% ━━━━──────── 10/29 3.0it/s 3.6s<6.4s
[K      36/50      43.4G      1.275     0.6974    0.01136        295        640: 37% ━━━━╸─────── 11/29 3.0it/s 3.9s<6.0s
[K      36/50      43.4G      1.275     0.7038    0.01144        253        640: 41% ━━━━╸─────── 12/29 3.0it/s 4.3s<5.7s
[K      36/50      43.4G      1.277     0.7013    0.01158        244        640: 44% ━━━━━─────── 13/29 3.0it/s 4.6s<5.3s
[K      36/50      43.4G      1.282     0.7007    0.01154        303        640: 48% ━━━━━╸────── 14/29 3.0it/s 4.9s<5.0s
[K      36/50      43.4G      1.279     0.6958    0.01158        277        640: 51% ━━━━━━────── 15/29 2.7it/s 5.4s<5.2s
[K      36/50      43.4G       1.28     0.6991    0.01155        301        640: 55% ━━━━━━╸───── 16/29 2.8it/s 5.8s<4.6s
[K      36/50      43.4G      1.282     0.6975    0.01161        333        640: 58% ━━━━━━━───── 17/29 2.9it/s 6.1s<4.2s
[K      36/50      43.4G      1.286     0.6991     0.0116        274        640: 62% ━━━━━━━───── 18/29 2.9it/s 6.4s<3.8s
[K      36/50      43.4G      1.288     0.6972    0.01163        284        640: 65% ━━━━━━━╸──── 19/29 3.0it/s 6.7s<3.4s
[K      36/50      43.4G      1.289      0.697    0.01168        274        640: 68% ━━━━━━━━──── 20/29 3.0it/s 7.1s<3.0s
[K      36/50      43.4G       1.29     0.6944    0.01171        271        640: 72% ━━━━━━━━╸─── 21/29 3.0it/s 7.4s<2.7s
[K      36/50      43.4G      1.292      0.694    0.01168        346        640: 75% ━━━━━━━━━─── 22/29 3.0it/s 7.7s<2.3s
[K      36/50      43.4G      1.295     0.6976    0.01169        270        640: 79% ━━━━━━━━━╸── 23/29 3.0it/s 8.1s<2.0s
[K      36/50      43.4G      1.293     0.6969    0.01164        304        640: 82% ━━━━━━━━━╸── 24/29 3.0it/s 8.4s<1.6s
[K      36/50      43.4G      1.295     0.6979    0.01161        283        640: 86% ━━━━━━━━━━── 25/29 3.0it/s 8.7s<1.3s
[K      36/50      43.4G      1.297      0.697    0.01162        303        640: 89% ━━━━━━━━━━╸─ 26/29 3.0it/s 9.1s<1.0s
[K      36/50      43.4G      1.298     0.6979    0.01164        265        640: 93% ━━━━━━━━━━━─ 27/29 3.0it/s 9.4s<0.7s
[K      36/50      43.4G        1.3     0.6972    0.01165        206        640: 96% ━━━━━━━━━━━╸ 28/29 3.4it/s 9.6s<0.3s
[K      36/50      43.4G        1.3     0.6972    0.01165        206        640: 100% ━━━━━━━━━━━━ 29/29 3.0it/s 9.6s
[K                 Class     Images  Instances      Box(P          R      mAP50  mAP50-95): 50% ━━━━━━────── 1/2 1.0s/it 0.3s<1.0s
[K                 Class     Images  Instances      Box(P          R      mAP50  mAP50-95): 100% ━━━━━━━━━━━━ 2/2 3.9it/s 0.5s
                   all        202        531      0.881      0.855       0.91      0.534
      Epoch    GPU_mem   box_loss   cls_loss    l1_loss  Instances       Size
[K      37/50      43.4G      1.301      0.637    0.01155        280        640: 0% ──────────── 0/29  0.3s
[K      37/50      43.4G      1.269     0.6813    0.01146        285        640: 3% ──────────── 1/29 1.1s/it 0.7s<31.4s
[K      37/50      43.4G      1.259     0.7085    0.01176        233        640: 6% ╸─────────── 2/29 1.5it/s 1.0s<17.7s
[K      37/50      43.4G      1.262     0.7159    0.01177        292        640: 10% ━─────────── 3/29 2.0it/s 1.3s<13.2s
[K      37/50      43.4G      1.273     0.7204    0.01174        291        640: 13% ━╸────────── 4/29 2.3it/s 1.7s<11.0s
[K      37/50      43.4G      1.278     0.7177    0.01161        321        640: 17% ━━────────── 5/29 2.5it/s 2.0s<9.6s
[K      37/50      43.4G      1.271     0.7078    0.01159        287        640: 20% ━━────────── 6/29 2.7it/s 2.3s<8.6s
[K      37/50      43.4G      1.266     0.7025    0.01148        299        640: 24% ━━╸───────── 7/29 2.8it/s 2.7s<7.9s
[K      37/50      43.4G      1.274     0.7077    0.01157        311        640: 27% ━━━───────── 8/29 2.9it/s 3.0s<7.3s
[K      37/50      43.4G      1.279     0.7045    0.01154        261        640: 31% ━━━╸──────── 9/29 2.9it/s 3.3s<6.9s
[K      37/50      43.4G      1.277     0.6998    0.01156        290        640: 34% ━━━━──────── 10/29 2.9it/s 3.6s<6.5s
[K      37/50      43.4G      1.285     0.7023    0.01171        258        640: 37% ━━━━╸─────── 11/29 3.0it/s 4.0s<6.1s
[K      37/50      43.4G      1.281     0.7048    0.01163        307        640: 41% ━━━━╸─────── 12/29 3.0it/s 4.3s<5.7s
[K      37/50      43.4G      1.279     0.7026    0.01149        284        640: 44% ━━━━━─────── 13/29 3.0it/s 4.6s<5.3s
[K      37/50      43.4G      1.279      0.706    0.01152        237        640: 48% ━━━━━╸────── 14/29 3.0it/s 5.0s<5.0s
[K      37/50      43.4G      1.275     0.7034    0.01141        301        640: 51% ━━━━━━────── 15/29 3.0it/s 5.3s<4.6s
[K      37/50      43.4G      1.274     0.7021    0.01142        246        640: 55% ━━━━━━╸───── 16/29 3.0it/s 5.6s<4.3s
[K      37/50      43.4G      1.271     0.6994    0.01136        289        640: 58% ━━━━━━━───── 17/29 3.0it/s 6.0s<4.0s
[K      37/50      43.4G      1.268     0.6994    0.01139        276        640: 62% ━━━━━━━───── 18/29 3.0it/s 6.3s<3.6s
[K      37/50      43.4G      1.269     0.6978    0.01141        277        640: 65% ━━━━━━━╸──── 19/29 3.0it/s 6.6s<3.3s
[K      37/50      43.4G      1.272     0.6976    0.01138        295        640: 68% ━━━━━━━━──── 20/29 3.0it/s 7.0s<3.0s
[K      37/50      43.4G      1.269     0.6957    0.01137        282        640: 72% ━━━━━━━━╸─── 21/29 3.0it/s 7.3s<2.6s
[K      37/50      43.4G      1.269     0.6938    0.01132        299        640: 75% ━━━━━━━━━─── 22/29 3.0it/s 7.6s<2.3s
[K      37/50      43.4G      1.271     0.6945    0.01135        266        640: 79% ━━━━━━━━━╸── 23/29 3.0it/s 7.9s<2.0s
[K      37/50      43.4G      1.269     0.6898     0.0113        303        640: 82% ━━━━━━━━━╸── 24/29 3.0it/s 8.3s<1.7s
[K      37/50      43.4G      1.268     0.6863    0.01133        260        640: 86% ━━━━━━━━━━── 25/29 3.0it/s 8.6s<1.3s
[K      37/50      43.4G      1.268     0.6866    0.01132        298        640: 89% ━━━━━━━━━━╸─ 26/29 3.0it/s 9.0s<1.0s
[K      37/50      43.4G      1.271     0.6855    0.01132        282        640: 93% ━━━━━━━━━━━─ 27/29 3.0it/s 9.3s<0.7s
[K      37/50      43.4G      1.269     0.6839    0.01134        175        640: 96% ━━━━━━━━━━━╸ 28/29 3.4it/s 9.5s<0.3s
[K      37/50      43.4G      1.269     0.6839    0.01134        175        640: 100% ━━━━━━━━━━━━ 29/29 3.0it/s 9.5s
[K                 Class     Images  Instances      Box(P          R      mAP50  mAP50-95): 50% ━━━━━━────── 1/2 1.0it/s 0.3s<1.0s
[K                 Class     Images  Instances      Box(P          R      mAP50  mAP50-95): 100% ━━━━━━━━━━━━ 2/2 4.0it/s 0.5s
                   all        202        531      0.869      0.877      0.912      0.554
      Epoch    GPU_mem   box_loss   cls_loss    l1_loss  Instances       Size
[K      38/50      43.4G      1.297     0.7012    0.01241        273        640: 0% ──────────── 0/29  0.3s
[K      38/50      43.4G      1.246     0.6396    0.01171        295        640: 3% ──────────── 1/29 1.1s/it 0.7s<31.0s
[K      38/50      43.4G      1.258     0.6472    0.01221        257        640: 6% ╸─────────── 2/29 1.5it/s 1.0s<17.6s
[K      38/50      43.4G      1.237     0.6215    0.01178        289        640: 10% ━─────────── 3/29 2.0it/s 1.3s<13.2s
[K      38/50      43.4G      1.258     0.6401    0.01189        262        640: 13% ━╸────────── 4/29 2.3it/s 1.7s<11.0s
[K      38/50      43.4G      1.245     0.6347    0.01166        289        640: 17% ━━────────── 5/29 2.5it/s 2.0s<9.6s
[K      38/50      43.4G       1.26     0.6469    0.01167        283        640: 20% ━━────────── 6/29 2.7it/s 2.3s<8.6s
[K      38/50      43.4G      1.256     0.6501    0.01168        231        640: 24% ━━╸───────── 7/29 2.8it/s 2.7s<7.9s
[K      38/50      43.4G      1.268     0.6538    0.01174        272        640: 27% ━━━───────── 8/29 2.8it/s 3.0s<7.4s
[K      38/50      43.4G      1.268     0.6554    0.01172        295        640: 31% ━━━╸──────── 9/29 2.9it/s 3.3s<6.9s
[K      38/50      43.4G      1.273     0.6625    0.01171        296        640: 34% ━━━━──────── 10/29 2.9it/s 3.7s<6.5s
[K      38/50      43.4G      1.276     0.6598    0.01168        303        640: 37% ━━━━╸─────── 11/29 2.9it/s 4.0s<6.1s
[K      38/50      43.4G      1.281     0.6652    0.01177        291        640: 41% ━━━━╸─────── 12/29 3.0it/s 4.3s<5.7s
[K      38/50      43.4G      1.273     0.6625    0.01171        264        640: 44% ━━━━━─────── 13/29 3.0it/s 4.7s<5.4s
[K      38/50      43.4G      1.273     0.6582     0.0117        301        640: 48% ━━━━━╸────── 14/29 3.0it/s 5.0s<5.0s
[K      38/50      43.4G      1.277     0.6624    0.01179        261        640: 51% ━━━━━━────── 15/29 3.0it/s 5.3s<4.7s
[K      38/50      43.4G      1.278     0.6664    0.01176        285        640: 55% ━━━━━━╸───── 16/29 3.0it/s 5.7s<4.3s
[K      38/50      43.4G      1.278      0.669    0.01182        274        640: 58% ━━━━━━━───── 17/29 3.0it/s 6.0s<4.0s
[K      38/50      43.4G      1.276      0.672    0.01182        231        640: 62% ━━━━━━━───── 18/29 3.0it/s 6.3s<3.7s
[K      38/50      43.4G      1.272     0.6737    0.01177        284        640: 65% ━━━━━━━╸──── 19/29 3.0it/s 6.6s<3.3s
[K      38/50      43.4G      1.268     0.6735    0.01167        271        640: 68% ━━━━━━━━──── 20/29 3.0it/s 7.0s<3.0s
[K      38/50      43.4G      1.268     0.6727     0.0116        256        640: 72% ━━━━━━━━╸─── 21/29 3.0it/s 7.3s<2.7s
[K      38/50      43.4G      1.269     0.6745    0.01158        292        640: 75% ━━━━━━━━━─── 22/29 3.0it/s 7.6s<2.3s
[K      38/50      43.4G       1.27     0.6749    0.01153        295        640: 79% ━━━━━━━━━╸── 23/29 3.0it/s 8.0s<2.0s
[K      38/50      43.4G      1.265     0.6743    0.01147        275        640: 82% ━━━━━━━━━╸── 24/29 3.0it/s 8.3s<1.7s
[K      38/50      43.4G      1.267     0.6729    0.01148        262        640: 86% ━━━━━━━━━━── 25/29 3.0it/s 8.6s<1.3s
[K      38/50      43.4G      1.269     0.6737    0.01143        319        640: 89% ━━━━━━━━━━╸─ 26/29 3.0it/s 9.0s<1.0s
[K      38/50      43.4G      1.272     0.6742    0.01143        301        640: 93% ━━━━━━━━━━━─ 27/29 3.0it/s 9.3s<0.7s
[K      38/50      43.4G       1.27     0.6726    0.01138        197        640: 96% ━━━━━━━━━━━╸ 28/29 3.3it/s 9.5s<0.3s
[K      38/50      43.4G       1.27     0.6726    0.01138        197        640: 100% ━━━━━━━━━━━━ 29/29 3.0it/s 9.5s
[K                 Class     Images  Instances      Box(P          R      mAP50  mAP50-95): 50% ━━━━━━────── 1/2 1.0s/it 0.3s<1.0s
[K                 Class     Images  Instances      Box(P          R      mAP50  mAP50-95): 100% ━━━━━━━━━━━━ 2/2 4.0it/s 0.5s
                   all        202        531       0.89      0.853      0.919      0.557
      Epoch    GPU_mem   box_loss   cls_loss    l1_loss  Instances       Size
[K      39/50      43.4G      1.176     0.6002    0.01171        270        640: 0% ──────────── 0/29  0.3s
[K      39/50      43.4G      1.186     0.5975    0.01115        244        640: 3% ──────────── 1/29 1.1s/it 0.7s<30.6s
[K      39/50      43.4G      1.203     0.6176    0.01133        264        640: 6% ╸─────────── 2/29 1.6it/s 1.0s<17.4s
[K      39/50      43.4G      1.222     0.6183    0.01158        270        640: 10% ━─────────── 3/29 2.0it/s 1.3s<13.1s
[K      39/50      43.4G       1.23     0.6335    0.01171        249        640: 13% ━╸────────── 4/29 2.3it/s 1.7s<10.9s
[K      39/50      43.4G      1.238     0.6384     0.0116        275        640: 17% ━━────────── 5/29 2.5it/s 2.0s<9.5s
[K      39/50      43.4G       1.24     0.6406     0.0116        244        640: 20% ━━────────── 6/29 2.7it/s 2.3s<8.6s
[K      39/50      43.4G      1.242     0.6428    0.01145        278        640: 24% ━━╸───────── 7/29 2.8it/s 2.6s<7.9s
[K      39/50      43.4G       1.24     0.6522    0.01137        309        640: 27% ━━━───────── 8/29 2.9it/s 3.0s<7.4s
[K      39/50      43.4G      1.245     0.6586    0.01125        329        640: 31% ━━━╸──────── 9/29 2.9it/s 3.3s<6.9s
[K      39/50      43.4G      1.248     0.6629    0.01118        264        640: 34% ━━━━──────── 10/29 2.9it/s 3.6s<6.4s
[K      39/50      43.4G      1.249     0.6629    0.01117        283        640: 37% ━━━━╸─────── 11/29 3.0it/s 4.0s<6.1s
[K      39/50      43.4G      1.251     0.6612    0.01116        301        640: 41% ━━━━╸─────── 12/29 3.0it/s 4.3s<5.7s
[K      39/50      43.4G      1.249     0.6598    0.01119        272        640: 44% ━━━━━─────── 13/29 3.0it/s 4.6s<5.3s
[K      39/50      43.4G       1.25     0.6587    0.01122        277        640: 48% ━━━━━╸────── 14/29 3.0it/s 5.0s<5.0s
[K      39/50      43.4G      1.248     0.6572    0.01119        308        640: 51% ━━━━━━────── 15/29 3.0it/s 5.3s<4.7s
[K      39/50      43.4G      1.251     0.6555     0.0112        265        640: 55% ━━━━━━╸───── 16/29 3.0it/s 5.6s<4.3s
[K      39/50      43.4G       1.25     0.6583    0.01118        284        640: 58% ━━━━━━━───── 17/29 3.0it/s 5.9s<4.0s
[K      39/50      43.4G      1.246     0.6622     0.0112        224        640: 62% ━━━━━━━───── 18/29 3.0it/s 6.3s<3.6s
[K      39/50      43.4G      1.241     0.6632    0.01116        255        640: 65% ━━━━━━━╸──── 19/29 3.0it/s 6.6s<3.3s
[K      39/50      43.4G      1.242     0.6619    0.01126        264        640: 68% ━━━━━━━━──── 20/29 3.0it/s 6.9s<3.0s
[K      39/50      43.4G      1.242     0.6622    0.01125        259        640: 72% ━━━━━━━━╸─── 21/29 3.0it/s 7.3s<2.6s
[K      39/50      43.4G      1.243     0.6625    0.01121        279        640: 75% ━━━━━━━━━─── 22/29 3.0it/s 7.6s<2.3s
[K      39/50      43.4G      1.245     0.6614    0.01123        290        640: 79% ━━━━━━━━━╸── 23/29 3.0it/s 7.9s<2.0s
[K      39/50      43.4G       1.25     0.6617     0.0113        241        640: 82% ━━━━━━━━━╸── 24/29 3.0it/s 8.3s<1.7s
[K      39/50      43.4G      1.251     0.6623    0.01137        260        640: 86% ━━━━━━━━━━── 25/29 3.0it/s 8.6s<1.3s
[K      39/50      43.4G      1.251     0.6641    0.01134        282        640: 89% ━━━━━━━━━━╸─ 26/29 3.0it/s 8.9s<1.0s
[K      39/50      43.4G      1.248     0.6632     0.0113        285        640: 93% ━━━━━━━━━━━─ 27/29 3.0it/s 9.2s<0.7s
[K      39/50      43.4G      1.248     0.6619    0.01138        177        640: 96% ━━━━━━━━━━━╸ 28/29 3.3it/s 9.5s<0.3s
[K      39/50      43.4G      1.248     0.6619    0.01138        177        640: 100% ━━━━━━━━━━━━ 29/29 3.1it/s 9.5s
[K                 Class     Images  Instances      Box(P          R      mAP50  mAP50-95): 50% ━━━━━━────── 1/2 1.0s/it 0.3s<1.0s
[K                 Class     Images  Instances      Box(P          R      mAP50  mAP50-95): 100% ━━━━━━━━━━━━ 2/2 4.0it/s 0.5s
                   all        202        531      0.879      0.857      0.913      0.556
      Epoch    GPU_mem   box_loss   cls_loss    l1_loss  Instances       Size
[K      40/50      43.4G      1.215     0.5817    0.01007        298        640: 0% ──────────── 0/29  0.3s
[K      40/50      43.4G      1.235     0.6328    0.01078        316        640: 3% ──────────── 1/29 1.1s/it 0.7s<31.2s
[K      40/50      43.4G      1.245     0.6343    0.01087        312        640: 6% ╸─────────── 2/29 1.5it/s 1.0s<17.7s
[K      40/50      43.4G      1.242     0.6327    0.01146        256        640: 10% ━─────────── 3/29 2.0it/s 1.3s<13.1s
[K      40/50      43.4G      1.243     0.6389    0.01126        276        640: 13% ━╸────────── 4/29 2.3it/s 1.7s<10.9s
[K      40/50      43.4G      1.234     0.6428    0.01114        314        640: 17% ━━────────── 5/29 2.5it/s 2.0s<9.5s
[K      40/50      43.4G      1.235     0.6473     0.0109        312        640: 20% ━━────────── 6/29 2.7it/s 2.3s<8.6s
[K      40/50      43.4G      1.235     0.6529    0.01099        253        640: 24% ━━╸───────── 7/29 2.8it/s 2.6s<7.9s
[K      40/50      43.4G      1.235     0.6656    0.01103        249        640: 27% ━━━───────── 8/29 2.9it/s 3.0s<7.4s
[K      40/50      43.4G      1.239     0.6641    0.01101        269        640: 31% ━━━╸──────── 9/29 2.5it/s 3.5s<7.9s
[K      40/50      43.4G      1.247     0.6671    0.01106        315        640: 34% ━━━━──────── 10/29 2.7it/s 3.9s<7.1s
[K      40/50      43.4G      1.248     0.6671    0.01114        276        640: 37% ━━━━╸─────── 11/29 2.8it/s 4.2s<6.5s
[K      40/50      43.4G      1.246      0.666    0.01119        248        640: 41% ━━━━╸─────── 12/29 2.9it/s 4.5s<6.0s
[K      40/50      43.4G      1.249     0.6646    0.01124        272        640: 44% ━━━━━─────── 13/29 2.9it/s 4.9s<5.5s
[K      40/50      43.4G      1.244     0.6602    0.01119        266        640: 48% ━━━━━╸────── 14/29 3.0it/s 5.2s<5.1s
[K      40/50      43.4G      1.241     0.6583    0.01113        278        640: 51% ━━━━━━────── 15/29 3.0it/s 5.5s<4.7s
[K      40/50      43.4G      1.243     0.6582    0.01117        272        640: 55% ━━━━━━╸───── 16/29 3.0it/s 5.9s<4.3s
[K      40/50      43.4G      1.243     0.6549     0.0111        293        640: 58% ━━━━━━━───── 17/29 3.0it/s 6.2s<4.0s
[K      40/50      43.4G      1.243     0.6534    0.01115        253        640: 62% ━━━━━━━───── 18/29 3.0it/s 6.5s<3.6s
[K      40/50      43.4G      1.246     0.6557    0.01124        262        640: 65% ━━━━━━━╸──── 19/29 3.0it/s 6.8s<3.3s
[K      40/50      43.4G      1.241     0.6531    0.01119        327        640: 68% ━━━━━━━━──── 20/29 3.0it/s 7.2s<3.0s
[K      40/50      43.4G      1.242     0.6557    0.01121        281        640: 72% ━━━━━━━━╸─── 21/29 3.0it/s 7.5s<2.6s
[K      40/50      43.4G      1.241     0.6545    0.01119        282        640: 75% ━━━━━━━━━─── 22/29 3.0it/s 7.8s<2.3s
[K      40/50      43.4G      1.239     0.6554    0.01117        280        640: 79% ━━━━━━━━━╸── 23/29 3.0it/s 8.2s<2.0s
[K      40/50      43.4G      1.238     0.6576    0.01113        287        640: 82% ━━━━━━━━━╸── 24/29 3.0it/s 8.5s<1.6s
[K      40/50      43.4G      1.239     0.6613    0.01116        243        640: 86% ━━━━━━━━━━── 25/29 3.0it/s 8.8s<1.3s
[K      40/50      43.4G      1.238     0.6618    0.01113        286        640: 89% ━━━━━━━━━━╸─ 26/29 3.0it/s 9.1s<1.0s
[K      40/50      43.4G      1.238      0.661    0.01109        323        640: 93% ━━━━━━━━━━━─ 27/29 3.0it/s 9.5s<0.7s
[K      40/50      43.4G      1.239     0.6638    0.01111        212        640: 96% ━━━━━━━━━━━╸ 28/29 3.4it/s 9.7s<0.3s
[K      40/50      43.4G      1.239     0.6638    0.01111        212        640: 100% ━━━━━━━━━━━━ 29/29 3.0it/s 9.7s
[K                 Class     Images  Instances      Box(P          R      mAP50  mAP50-95): 50% ━━━━━━────── 1/2 1.0s/it 0.3s<1.0s
[K                 Class     Images  Instances      Box(P          R      mAP50  mAP50-95): 100% ━━━━━━━━━━━━ 2/2 4.0it/s 0.5s
                   all        202        531      0.846      0.855      0.904      0.548
Closing dataloader mosaic
      Epoch    GPU_mem   box_loss   cls_loss    l1_loss  Instances       Size
[K      41/50      43.4G      1.287     0.7081    0.01457        166        640: 0% ──────────── 0/29  0.8s
[K      41/50      43.4G      1.262      0.616    0.01487        181        640: 3% ──────────── 1/29 1.2s/it 1.2s<34.8s
[K      41/50      43.4G       1.26     0.6136    0.01457        190        640: 6% ╸─────────── 2/29 1.4it/s 1.6s<19.7s
[K      41/50      43.4G      1.225     0.5869    0.01445        167        640: 10% ━─────────── 3/29 1.8it/s 1.9s<14.7s
[K      41/50      43.4G      1.222      0.578    0.01406        163        640: 13% ━╸────────── 4/29 2.1it/s 2.3s<11.8s
[K      41/50      43.4G      1.201     0.5637    0.01393        132        640: 17% ━━────────── 5/29 2.4it/s 2.6s<10.0s
[K      41/50      43.4G      1.206     0.5637    0.01375        187        640: 20% ━━────────── 6/29 2.6it/s 3.0s<8.9s
[K      41/50      43.4G      1.206     0.5575    0.01378        160        640: 24% ━━╸───────── 7/29 2.7it/s 3.3s<8.1s
[K      41/50      43.4G      1.217     0.5492    0.01363        165        640: 27% ━━━───────── 8/29 2.8it/s 3.6s<7.5s
[K      41/50      43.4G      1.211     0.5389    0.01363        162        640: 31% ━━━╸──────── 9/29 2.9it/s 3.9s<7.0s
[K      41/50      43.4G      1.216     0.5359    0.01345        163        640: 34% ━━━━──────── 10/29 2.9it/s 4.3s<6.6s
[K      41/50      43.4G       1.21     0.5339     0.0133        165        640: 37% ━━━━╸─────── 11/29 2.9it/s 4.6s<6.1s
[K      41/50      43.4G      1.201     0.5278    0.01323        156        640: 41% ━━━━╸─────── 12/29 2.9it/s 5.0s<5.8s
[K      41/50      43.4G      1.204     0.5249    0.01328        148        640: 44% ━━━━━─────── 13/29 3.0it/s 5.3s<5.4s
[K      41/50      43.4G      1.207     0.5248    0.01338        152        640: 48% ━━━━━╸────── 14/29 3.0it/s 5.6s<5.0s
[K      41/50      43.4G      1.205     0.5242    0.01329        150        640: 51% ━━━━━━────── 15/29 3.0it/s 5.9s<4.7s
[K      41/50      43.4G      1.201     0.5231    0.01327        154        640: 55% ━━━━━━╸───── 16/29 3.0it/s 6.3s<4.3s
[K      41/50      43.4G      1.199     0.5197    0.01332        180        640: 58% ━━━━━━━───── 17/29 3.0it/s 6.6s<4.0s
[K      41/50      43.4G      1.199     0.5208    0.01321        175        640: 62% ━━━━━━━───── 18/29 3.0it/s 7.0s<3.7s
[K      41/50      43.4G      1.193     0.5176    0.01312        153        640: 65% ━━━━━━━╸──── 19/29 3.0it/s 7.3s<3.3s
[K      41/50      43.4G      1.194     0.5171     0.0131        167        640: 68% ━━━━━━━━──── 20/29 3.0it/s 7.6s<3.0s
[K      41/50      43.4G      1.199     0.5202    0.01315        161        640: 72% ━━━━━━━━╸─── 21/29 3.0it/s 7.9s<2.7s
[K      41/50      43.4G      1.197     0.5186    0.01319        157        640: 75% ━━━━━━━━━─── 22/29 3.0it/s 8.3s<2.3s
[K      41/50      43.4G      1.196     0.5156    0.01317        163        640: 79% ━━━━━━━━━╸── 23/29 3.0it/s 8.6s<2.0s
[K      41/50      43.4G      1.197     0.5156    0.01316        166        640: 82% ━━━━━━━━━╸── 24/29 3.0it/s 9.0s<1.7s
[K      41/50      43.4G      1.195     0.5167    0.01317        158        640: 86% ━━━━━━━━━━── 25/29 3.0it/s 9.3s<1.3s
[K      41/50      43.4G      1.191     0.5121    0.01312        166        640: 89% ━━━━━━━━━━╸─ 26/29 3.0it/s 9.6s<1.0s
[K      41/50      43.4G      1.187     0.5094    0.01311        156        640: 93% ━━━━━━━━━━━─ 27/29 3.0it/s 9.9s<0.7s
[K      41/50      43.4G      1.188     0.5082    0.01315        117        640: 96% ━━━━━━━━━━━╸ 28/29 3.3it/s 10.2s<0.3s
[K      41/50      43.4G      1.188     0.5082    0.01315        117        640: 100% ━━━━━━━━━━━━ 29/29 2.8it/s 10.2s
[K                 Class     Images  Instances      Box(P          R      mAP50  mAP50-95): 50% ━━━━━━────── 1/2 1.0s/it 0.3s<1.0s
[K                 Class     Images  Instances      Box(P          R      mAP50  mAP50-95): 100% ━━━━━━━━━━━━ 2/2 4.0it/s 0.5s
                   all        202        531      0.866      0.838      0.906      0.545
      Epoch    GPU_mem   box_loss   cls_loss    l1_loss  Instances       Size
[K      42/50      43.4G      1.148     0.4371     0.0127        162        640: 0% ──────────── 0/29  0.3s
[K      42/50      43.4G      1.166     0.4553    0.01417        156        640: 3% ──────────── 1/29 1.1s/it 0.7s<32.0s
[K      42/50      43.4G      1.167     0.4437    0.01417        155        640: 6% ╸─────────── 2/29 1.5it/s 1.0s<17.8s
[K      42/50      43.4G      1.162     0.4426    0.01395        164        640: 10% ━─────────── 3/29 1.9it/s 1.4s<13.4s
[K      42/50      43.4G       1.19     0.4453    0.01381        178        640: 13% ━╸────────── 4/29 2.2it/s 1.7s<11.2s
[K      42/50      43.4G      1.188     0.4419     0.0136        174        640: 17% ━━────────── 5/29 2.5it/s 2.0s<9.7s
[K      42/50      43.4G      1.187     0.4369    0.01355        157        640: 20% ━━────────── 6/29 2.6it/s 2.4s<8.8s
[K      42/50      43.4G       1.19     0.4448    0.01321        190        640: 24% ━━╸───────── 7/29 2.7it/s 2.7s<8.1s
[K      42/50      43.4G      1.197     0.4592    0.01307        168        640: 27% ━━━───────── 8/29 2.8it/s 3.0s<7.5s
[K      42/50      43.4G      1.198     0.4629    0.01301        173        640: 31% ━━━╸──────── 9/29 2.9it/s 3.4s<7.0s
[K      42/50      43.4G      1.198     0.4642      0.013        152        640: 34% ━━━━──────── 10/29 2.9it/s 3.7s<6.5s
[K      42/50      43.4G      1.196     0.4611    0.01292        163        640: 37% ━━━━╸─────── 11/29 2.9it/s 4.0s<6.1s
[K      42/50      43.4G      1.191     0.4682    0.01294        153        640: 41% ━━━━╸─────── 12/29 2.9it/s 4.4s<5.8s
[K      42/50      43.4G      1.197     0.4744    0.01287        195        640: 44% ━━━━━─────── 13/29 2.9it/s 4.7s<5.5s
[K      42/50      43.4G      1.195     0.4753    0.01283        161        640: 48% ━━━━━╸────── 14/29 2.9it/s 5.1s<5.1s
[K      42/50      43.4G      1.189     0.4724    0.01277        186        640: 51% ━━━━━━────── 15/29 2.9it/s 5.4s<4.8s
[K      42/50      43.4G      1.178     0.4672    0.01278        149        640: 55% ━━━━━━╸───── 16/29 2.9it/s 5.7s<4.5s
[K      42/50      43.4G      1.169     0.4653    0.01271        150        640: 58% ━━━━━━━───── 17/29 2.9it/s 6.1s<4.1s
[K      42/50      43.4G      1.169     0.4646    0.01267        153        640: 62% ━━━━━━━───── 18/29 3.0it/s 6.4s<3.7s
[K      42/50      43.4G      1.168      0.465    0.01271        144        640: 65% ━━━━━━━╸──── 19/29 3.0it/s 6.7s<3.4s
[K      42/50      43.4G      1.166     0.4666    0.01274        145        640: 68% ━━━━━━━━──── 20/29 2.9it/s 7.1s<3.1s
[K      42/50      43.4G      1.165     0.4655    0.01285        165        640: 72% ━━━━━━━━╸─── 21/29 2.9it/s 7.4s<2.7s
[K      42/50      43.4G      1.167     0.4653     0.0129        173        640: 75% ━━━━━━━━━─── 22/29 3.0it/s 7.8s<2.4s
[K      42/50      43.4G      1.165      0.466    0.01283        187        640: 79% ━━━━━━━━━╸── 23/29 3.0it/s 8.1s<2.0s
[K      42/50      43.4G      1.164     0.4654    0.01278        158        640: 82% ━━━━━━━━━╸── 24/29 3.0it/s 8.4s<1.7s
[K      42/50      43.4G      1.165     0.4668    0.01274        162        640: 86% ━━━━━━━━━━── 25/29 3.0it/s 8.8s<1.3s
[K      42/50      43.4G      1.164     0.4641    0.01273        158        640: 89% ━━━━━━━━━━╸─ 26/29 3.0it/s 9.1s<1.0s
[K      42/50      43.4G      1.163      0.464    0.01271        146        640: 93% ━━━━━━━━━━━─ 27/29 3.0it/s 9.4s<0.7s
[K      42/50      43.4G      1.161     0.4645    0.01266        119        640: 96% ━━━━━━━━━━━╸ 28/29 3.3it/s 9.7s<0.3s
[K      42/50      43.4G      1.161     0.4645    0.01266        119        640: 100% ━━━━━━━━━━━━ 29/29 3.0it/s 9.7s
[K                 Class     Images  Instances      Box(P          R      mAP50  mAP50-95): 50% ━━━━━━────── 1/2 1.0s/it 0.3s<1.0s
[K                 Class     Images  Instances      Box(P          R      mAP50  mAP50-95): 100% ━━━━━━━━━━━━ 2/2 4.0it/s 0.5s
                   all        202        531      0.875      0.866      0.918      0.547
      Epoch    GPU_mem   box_loss   cls_loss    l1_loss  Instances       Size
[K      43/50      43.4G      1.117     0.3905    0.01165        154        640: 0% ──────────── 0/29  0.3s
[K      43/50      43.4G      1.126     0.3895    0.01214        175        640: 3% ──────────── 1/29 1.1s/it 0.7s<30.5s
[K      43/50      43.4G      1.143     0.3923    0.01154        177        640: 6% ╸─────────── 2/29 1.5it/s 1.0s<17.4s
[K      43/50      43.4G       1.14       0.41     0.0116        161        640: 10% ━─────────── 3/29 2.0it/s 1.3s<13.0s
[K      43/50      43.4G      1.119     0.4049    0.01128        163        640: 13% ━╸────────── 4/29 2.3it/s 1.7s<10.9s
[K      43/50      43.4G      1.136     0.4146    0.01146        183        640: 17% ━━────────── 5/29 2.5it/s 2.0s<9.6s
[K      43/50      43.4G      1.144     0.4219    0.01195        145        640: 20% ━━────────── 6/29 2.7it/s 2.3s<8.7s
[K      43/50      43.4G      1.134     0.4198    0.01179        169        640: 24% ━━╸───────── 7/29 2.7it/s 2.7s<8.0s
[K      43/50      43.4G      1.128     0.4255    0.01177        146        640: 27% ━━━───────── 8/29 2.8it/s 3.0s<7.5s
[K      43/50      43.4G      1.135     0.4344    0.01181        192        640: 31% ━━━╸──────── 9/29 2.9it/s 3.4s<7.0s
[K      43/50      43.4G      1.135     0.4339     0.0117        167        640: 34% ━━━━──────── 10/29 2.9it/s 3.7s<6.6s
[K      43/50      43.4G       1.13     0.4395    0.01173        163        640: 37% ━━━━╸─────── 11/29 2.9it/s 4.0s<6.1s
[K      43/50      43.4G      1.127     0.4382    0.01164        180        640: 41% ━━━━╸─────── 12/29 3.0it/s 4.4s<5.8s
[K      43/50      43.4G      1.126     0.4357    0.01168        160        640: 44% ━━━━━─────── 13/29 3.0it/s 4.7s<5.4s
[K      43/50      43.4G      1.123     0.4353    0.01172        154        640: 48% ━━━━━╸────── 14/29 3.0it/s 5.0s<5.0s
[K      43/50      43.4G      1.123     0.4373    0.01171        155        640: 51% ━━━━━━────── 15/29 3.0it/s 5.4s<4.7s
[K      43/50      43.4G      1.125     0.4359    0.01174        163        640: 55% ━━━━━━╸───── 16/29 3.0it/s 5.7s<4.4s
[K      43/50      43.4G      1.122      0.439    0.01178        152        640: 58% ━━━━━━━───── 17/29 3.0it/s 6.0s<4.0s
[K      43/50      43.4G      1.119     0.4376     0.0118        148        640: 62% ━━━━━━━───── 18/29 3.0it/s 6.4s<3.7s
[K      43/50      43.4G      1.119     0.4396    0.01185        159        640: 65% ━━━━━━━╸──── 19/29 3.0it/s 6.7s<3.3s
[K      43/50      43.4G      1.123     0.4398    0.01192        172        640: 68% ━━━━━━━━──── 20/29 3.0it/s 7.0s<3.0s
[K      43/50      43.4G      1.121      0.442    0.01191        154        640: 72% ━━━━━━━━╸─── 21/29 3.0it/s 7.4s<2.7s
[K      43/50      43.4G       1.12      0.441    0.01197        165        640: 75% ━━━━━━━━━─── 22/29 3.0it/s 7.7s<2.3s
[K      43/50      43.4G      1.127     0.4471    0.01197        164        640: 79% ━━━━━━━━━╸── 23/29 3.0it/s 8.0s<2.0s
[K      43/50      43.4G      1.127      0.449    0.01192        166        640: 82% ━━━━━━━━━╸── 24/29 3.0it/s 8.4s<1.7s
[K      43/50      43.4G      1.126     0.4478    0.01192        155        640: 86% ━━━━━━━━━━── 25/29 3.0it/s 8.7s<1.3s
[K      43/50      43.4G      1.127     0.4483    0.01194        168        640: 89% ━━━━━━━━━━╸─ 26/29 3.0it/s 9.1s<1.0s
[K      43/50      43.4G      1.127     0.4504    0.01201        148        640: 93% ━━━━━━━━━━━─ 27/29 3.0it/s 9.4s<0.7s
[K      43/50      43.4G      1.129     0.4512    0.01203        129        640: 96% ━━━━━━━━━━━╸ 28/29 3.3it/s 9.6s<0.3s
[K      43/50      43.4G      1.129     0.4512    0.01203        129        640: 100% ━━━━━━━━━━━━ 29/29 3.0it/s 9.6s
[K                 Class     Images  Instances      Box(P          R      mAP50  mAP50-95): 50% ━━━━━━────── 1/2 1.0s/it 0.3s<1.0s
[K                 Class     Images  Instances      Box(P          R      mAP50  mAP50-95): 100% ━━━━━━━━━━━━ 2/2 3.9it/s 0.5s
                   all        202        531      0.865       0.87      0.912      0.558
      Epoch    GPU_mem   box_loss   cls_loss    l1_loss  Instances       Size
[K      44/50      43.4G      1.126     0.5126    0.01379        162        640: 0% ──────────── 0/29  0.3s
[K      44/50      43.4G      1.118     0.5225    0.01329        176        640: 3% ──────────── 1/29 1.1s/it 0.7s<31.1s
[K      44/50      43.4G      1.098     0.4809    0.01254        179        640: 6% ╸─────────── 2/29 1.5it/s 1.0s<17.4s
[K      44/50      43.4G      1.091     0.4584    0.01243        143        640: 10% ━─────────── 3/29 2.0it/s 1.3s<13.0s
[K      44/50      43.4G      1.103     0.4605    0.01253        155        640: 13% ━╸────────── 4/29 2.3it/s 1.7s<10.9s
[K      44/50      43.4G      1.083     0.4495    0.01211        151        640: 17% ━━────────── 5/29 2.5it/s 2.0s<9.7s
[K      44/50      43.4G      1.086       0.45    0.01184        175        640: 20% ━━────────── 6/29 2.6it/s 2.3s<8.8s
[K      44/50      43.4G      1.084     0.4527    0.01197        147        640: 24% ━━╸───────── 7/29 2.7it/s 2.7s<8.1s
[K      44/50      43.4G      1.088     0.4477    0.01202        157        640: 27% ━━━───────── 8/29 2.8it/s 3.0s<7.4s
[K      44/50      43.4G      1.105     0.4547    0.01206        180        640: 31% ━━━╸──────── 9/29 2.9it/s 3.3s<6.9s
[K      44/50      43.4G      1.105      0.454    0.01205        149        640: 34% ━━━━──────── 10/29 2.9it/s 3.7s<6.5s
[K      44/50      43.4G      1.108     0.4535    0.01207        198        640: 37% ━━━━╸─────── 11/29 2.9it/s 4.0s<6.1s
[K      44/50      43.4G      1.105     0.4473    0.01232        132        640: 41% ━━━━╸─────── 12/29 3.0it/s 4.3s<5.8s
[K      44/50      43.4G      1.103     0.4429    0.01219        159        640: 44% ━━━━━─────── 13/29 3.0it/s 4.7s<5.4s
[K      44/50      43.4G      1.106     0.4474    0.01224        165        640: 48% ━━━━━╸────── 14/29 3.0it/s 5.0s<5.0s
[K      44/50      43.4G      1.106     0.4487     0.0124        152        640: 51% ━━━━━━────── 15/29 3.0it/s 5.3s<4.7s
[K      44/50      43.4G      1.104     0.4441    0.01237        177        640: 55% ━━━━━━╸───── 16/29 3.0it/s 5.7s<4.4s
[K      44/50      43.4G      1.105     0.4457    0.01242        130        640: 58% ━━━━━━━───── 17/29 3.0it/s 6.0s<4.0s
[K      44/50      43.4G      1.108     0.4442    0.01238        176        640: 62% ━━━━━━━───── 18/29 3.0it/s 6.3s<3.7s
[K      44/50      43.4G      1.104      0.444     0.0123        176        640: 65% ━━━━━━━╸──── 19/29 3.0it/s 6.7s<3.4s
[K      44/50      43.4G      1.104     0.4415    0.01229        153        640: 68% ━━━━━━━━──── 20/29 3.0it/s 7.0s<3.0s
[K      44/50      43.4G      1.106     0.4437    0.01229        165        640: 72% ━━━━━━━━╸─── 21/29 3.0it/s 7.4s<2.7s
[K      44/50      43.4G      1.107     0.4442    0.01226        161        640: 75% ━━━━━━━━━─── 22/29 3.0it/s 7.7s<2.3s
[K      44/50      43.4G      1.108     0.4433    0.01219        177        640: 79% ━━━━━━━━━╸── 23/29 3.0it/s 8.0s<2.0s
[K      44/50      43.4G      1.107     0.4425    0.01215        182        640: 82% ━━━━━━━━━╸── 24/29 3.0it/s 8.3s<1.7s
[K      44/50      43.4G      1.104     0.4423     0.0121        158        640: 86% ━━━━━━━━━━── 25/29 3.0it/s 8.7s<1.3s
[K      44/50      43.4G      1.105     0.4421    0.01211        177        640: 89% ━━━━━━━━━━╸─ 26/29 3.0it/s 9.0s<1.0s
[K      44/50      43.4G      1.104     0.4392    0.01217        153        640: 93% ━━━━━━━━━━━─ 27/29 3.0it/s 9.3s<0.7s
[K      44/50      43.4G      1.107     0.4403    0.01214        139        640: 96% ━━━━━━━━━━━╸ 28/29 3.4it/s 9.6s<0.3s
[K      44/50      43.4G      1.107     0.4403    0.01214        139        640: 100% ━━━━━━━━━━━━ 29/29 3.0it/s 9.6s
[K                 Class     Images  Instances      Box(P          R      mAP50  mAP50-95): 50% ━━━━━━────── 1/2 1.0s/it 0.3s<1.0s
[K                 Class     Images  Instances      Box(P          R      mAP50  mAP50-95): 100% ━━━━━━━━━━━━ 2/2 4.0it/s 0.5s
                   all        202        531       0.85      0.891      0.912      0.552
      Epoch    GPU_mem   box_loss   cls_loss    l1_loss  Instances       Size
[K      45/50      43.4G      1.134     0.4662    0.01285        160        640: 0% ──────────── 0/29  0.3s
[K      45/50      43.4G      1.101     0.4275    0.01204        167        640: 3% ──────────── 1/29 1.1s/it 0.7s<30.8s
[K      45/50      43.4G      1.084     0.4232    0.01172        175        640: 6% ╸─────────── 2/29 1.5it/s 1.0s<17.5s
[K      45/50      43.4G       1.09     0.4258    0.01128        162        640: 10% ━─────────── 3/29 2.0it/s 1.3s<13.1s
[K      45/50      43.4G      1.097     0.4336    0.01145        159        640: 13% ━╸────────── 4/29 2.3it/s 1.7s<10.9s
[K      45/50      43.4G      1.084     0.4361     0.0114        152        640: 17% ━━────────── 5/29 2.5it/s 2.0s<9.7s
[K      45/50      43.4G      1.094     0.4407    0.01156        179        640: 20% ━━────────── 6/29 2.6it/s 2.3s<8.8s
[K      45/50      43.4G       1.11      0.442    0.01153        191        640: 24% ━━╸───────── 7/29 2.7it/s 2.7s<8.1s
[K      45/50      43.4G      1.114     0.4545    0.01149        146        640: 27% ━━━───────── 8/29 2.8it/s 3.0s<7.5s
[K      45/50      43.4G       1.11      0.456    0.01133        153        640: 31% ━━━╸──────── 9/29 2.8it/s 3.4s<7.1s
[K      45/50      43.4G       1.11     0.4523    0.01133        164        640: 34% ━━━━──────── 10/29 2.9it/s 3.7s<6.6s
[K      45/50      43.4G       1.11      0.448    0.01163        161        640: 37% ━━━━╸─────── 11/29 2.9it/s 4.0s<6.2s
[K      45/50      43.4G      1.111     0.4446    0.01165        182        640: 41% ━━━━╸─────── 12/29 2.9it/s 4.4s<5.8s
[K      45/50      43.4G      1.111      0.446    0.01155        163        640: 44% ━━━━━─────── 13/29 3.0it/s 4.7s<5.4s
[K      45/50      43.4G       1.11     0.4526    0.01159        160        640: 48% ━━━━━╸────── 14/29 3.0it/s 5.0s<5.1s
[K      45/50      43.4G      1.108     0.4506    0.01161        187        640: 51% ━━━━━━────── 15/29 3.0it/s 5.4s<4.7s
[K      45/50      43.4G      1.106     0.4539    0.01161        160        640: 55% ━━━━━━╸───── 16/29 3.0it/s 5.7s<4.4s
[K      45/50      43.4G      1.105     0.4567    0.01164        176        640: 58% ━━━━━━━───── 17/29 3.0it/s 6.0s<4.0s
[K      45/50      43.4G      1.106     0.4547    0.01167        171        640: 62% ━━━━━━━───── 18/29 3.0it/s 6.4s<3.7s
[K      45/50      43.4G      1.103     0.4535    0.01163        146        640: 65% ━━━━━━━╸──── 19/29 3.0it/s 6.7s<3.3s
[K      45/50      43.4G      1.104     0.4542    0.01167        161        640: 68% ━━━━━━━━──── 20/29 3.0it/s 7.0s<3.0s
[K      45/50      43.4G      1.101     0.4508    0.01166        138        640: 72% ━━━━━━━━╸─── 21/29 3.0it/s 7.4s<2.7s
[K      45/50      43.4G      1.101     0.4493    0.01162        173        640: 75% ━━━━━━━━━─── 22/29 3.0it/s 7.7s<2.3s
[K      45/50      43.4G      1.102     0.4494    0.01166        161        640: 79% ━━━━━━━━━╸── 23/29 3.0it/s 8.0s<2.0s
[K      45/50      43.4G        1.1     0.4454    0.01171        174        640: 82% ━━━━━━━━━╸── 24/29 3.0it/s 8.4s<1.7s
[K      45/50      43.4G      1.099     0.4462    0.01166        146        640: 86% ━━━━━━━━━━── 25/29 3.0it/s 8.7s<1.3s
[K      45/50      43.4G      1.099     0.4443    0.01165        147        640: 89% ━━━━━━━━━━╸─ 26/29 3.0it/s 9.0s<1.0s
[K      45/50      43.4G      1.099      0.443    0.01163        159        640: 93% ━━━━━━━━━━━─ 27/29 3.0it/s 9.4s<0.7s
[K      45/50      43.4G      1.102     0.4459    0.01164        111        640: 96% ━━━━━━━━━━━╸ 28/29 3.4it/s 9.6s<0.3s
[K      45/50      43.4G      1.102     0.4459    0.01164        111        640: 100% ━━━━━━━━━━━━ 29/29 3.0it/s 9.6s
[K                 Class     Images  Instances      Box(P          R      mAP50  mAP50-95): 50% ━━━━━━────── 1/2 1.0s/it 0.3s<1.0s
[K                 Class     Images  Instances      Box(P          R      mAP50  mAP50-95): 100% ━━━━━━━━━━━━ 2/2 4.0it/s 0.5s
                   all        202        531      0.886      0.863       0.92      0.562
      Epoch    GPU_mem   box_loss   cls_loss    l1_loss  Instances       Size
[K      46/50      43.4G      1.057     0.4105    0.01013        178        640: 0% ──────────── 0/29  0.3s
[K      46/50      43.4G      1.083     0.4101     0.0104        180        640: 3% ──────────── 1/29 1.1s/it 0.7s<31.6s
[K      46/50      43.4G      1.082     0.4023    0.01129        138        640: 6% ╸─────────── 2/29 1.5it/s 1.0s<17.8s
[K      46/50      43.4G      1.086     0.4064    0.01083        184        640: 10% ━─────────── 3/29 2.0it/s 1.3s<13.2s
[K      46/50      43.4G      1.096     0.4144    0.01113        159        640: 13% ━╸────────── 4/29 2.3it/s 1.7s<10.9s
[K      46/50      43.4G      1.089     0.4176     0.0111        167        640: 17% ━━────────── 5/29 2.5it/s 2.0s<9.6s
[K      46/50      43.4G      1.086     0.4249    0.01114        136        640: 20% ━━────────── 6/29 2.7it/s 2.3s<8.7s
[K      46/50      43.4G      1.088      0.428    0.01128        162        640: 24% ━━╸───────── 7/29 2.8it/s 2.7s<7.9s
[K      46/50      43.4G      1.086     0.4238    0.01136        149        640: 27% ━━━───────── 8/29 2.8it/s 3.0s<7.4s
[K      46/50      43.4G      1.087     0.4277     0.0114        154        640: 31% ━━━╸──────── 9/29 2.9it/s 3.3s<7.0s
[K      46/50      43.4G      1.078     0.4206    0.01132        164        640: 34% ━━━━──────── 10/29 2.9it/s 3.7s<6.6s
[K      46/50      43.4G      1.079     0.4213     0.0113        154        640: 37% ━━━━╸─────── 11/29 2.9it/s 4.0s<6.2s
[K      46/50      43.4G      1.074       0.42    0.01123        181        640: 41% ━━━━╸─────── 12/29 3.0it/s 4.3s<5.8s
[K      46/50      43.4G       1.08     0.4245    0.01126        174        640: 44% ━━━━━─────── 13/29 3.0it/s 4.7s<5.4s
[K      46/50      43.4G      1.083     0.4261    0.01122        172        640: 48% ━━━━━╸────── 14/29 3.0it/s 5.0s<5.1s
[K      46/50      43.4G      1.081     0.4248    0.01124        153        640: 51% ━━━━━━────── 15/29 3.0it/s 5.4s<4.7s
[K      46/50      43.4G       1.08     0.4205    0.01129        175        640: 55% ━━━━━━╸───── 16/29 3.0it/s 5.7s<4.4s
[K      46/50      43.4G      1.078       0.42    0.01144        140        640: 58% ━━━━━━━───── 17/29 2.9it/s 6.0s<4.1s
[K      46/50      43.4G      1.076     0.4164    0.01152        132        640: 62% ━━━━━━━───── 18/29 3.0it/s 6.4s<3.7s
[K      46/50      43.4G      1.075     0.4147    0.01145        178        640: 65% ━━━━━━━╸──── 19/29 3.0it/s 6.7s<3.4s
[K      46/50      43.4G      1.079     0.4155    0.01138        194        640: 68% ━━━━━━━━──── 20/29 3.0it/s 7.0s<3.0s
[K      46/50      43.4G      1.078     0.4158    0.01134        162        640: 72% ━━━━━━━━╸─── 21/29 3.0it/s 7.4s<2.7s
[K      46/50      43.4G      1.076     0.4116    0.01134        169        640: 75% ━━━━━━━━━─── 22/29 3.0it/s 7.7s<2.3s
[K      46/50      43.4G       1.08     0.4145    0.01138        172        640: 79% ━━━━━━━━━╸── 23/29 3.0it/s 8.0s<2.0s
[K      46/50      43.4G      1.081     0.4178    0.01132        164        640: 82% ━━━━━━━━━╸── 24/29 3.0it/s 8.4s<1.7s
[K      46/50      43.4G      1.083     0.4221    0.01143        162        640: 86% ━━━━━━━━━━── 25/29 3.0it/s 8.7s<1.3s
[K      46/50      43.4G      1.082     0.4211    0.01143        155        640: 89% ━━━━━━━━━━╸─ 26/29 3.0it/s 9.0s<1.0s
[K      46/50      43.4G      1.081     0.4211    0.01148        160        640: 93% ━━━━━━━━━━━─ 27/29 3.0it/s 9.4s<0.7s
[K      46/50      43.4G      1.077     0.4201     0.0115        118        640: 96% ━━━━━━━━━━━╸ 28/29 3.3it/s 9.6s<0.3s
[K      46/50      43.4G      1.077     0.4201     0.0115        118        640: 100% ━━━━━━━━━━━━ 29/29 3.0it/s 9.6s
[K                 Class     Images  Instances      Box(P          R      mAP50  mAP50-95): 50% ━━━━━━────── 1/2 1.1s/it 0.3s<1.1s
[K                 Class     Images  Instances      Box(P          R      mAP50  mAP50-95): 100% ━━━━━━━━━━━━ 2/2 3.9it/s 0.5s
                   all        202        531      0.864      0.883      0.924      0.564
      Epoch    GPU_mem   box_loss   cls_loss    l1_loss  Instances       Size
[K      47/50      43.4G       1.03      0.377    0.01284        157        640: 0% ──────────── 0/29  0.3s
[K      47/50      43.4G      1.048     0.4165    0.01191        158        640: 3% ──────────── 1/29 1.1s/it 0.7s<30.7s
[K      47/50      43.4G      1.039     0.4063    0.01189        144        640: 6% ╸─────────── 2/29 1.6it/s 1.0s<17.3s
[K      47/50      43.4G      1.045     0.4097    0.01156        172        640: 10% ━─────────── 3/29 2.0it/s 1.3s<13.2s
[K      47/50      43.4G      1.071     0.4192    0.01229        161        640: 13% ━╸────────── 4/29 2.3it/s 1.7s<11.0s
[K      47/50      43.4G      1.081     0.4286    0.01202        187        640: 17% ━━────────── 5/29 2.5it/s 2.0s<9.7s
[K      47/50      43.4G      1.088     0.4308    0.01199        207        640: 20% ━━────────── 6/29 2.6it/s 2.3s<8.8s
[K      47/50      43.4G      1.086     0.4302    0.01188        171        640: 24% ━━╸───────── 7/29 2.7it/s 2.7s<8.1s
[K      47/50      43.4G      1.074     0.4243    0.01178        161        640: 27% ━━━───────── 8/29 2.8it/s 3.0s<7.5s
[K      47/50      43.4G      1.079     0.4259    0.01172        152        640: 31% ━━━╸──────── 9/29 2.9it/s 3.3s<7.0s
[K      47/50      43.4G      1.076      0.425    0.01166        145        640: 34% ━━━━──────── 10/29 2.9it/s 3.7s<6.5s
[K      47/50      43.4G      1.074     0.4235    0.01156        163        640: 37% ━━━━╸─────── 11/29 3.0it/s 4.0s<6.1s
[K      47/50      43.4G      1.075     0.4237    0.01161        152        640: 41% ━━━━╸─────── 12/29 2.9it/s 4.3s<5.8s
[K      47/50      43.4G      1.074     0.4259    0.01169        153        640: 44% ━━━━━─────── 13/29 3.0it/s 4.7s<5.4s
[K      47/50      43.4G      1.074     0.4252    0.01168        131        640: 48% ━━━━━╸────── 14/29 3.0it/s 5.0s<5.0s
[K      47/50      43.4G      1.072     0.4253    0.01161        174        640: 51% ━━━━━━────── 15/29 3.0it/s 5.4s<4.7s
[K      47/50      43.4G      1.069     0.4263    0.01154        162        640: 55% ━━━━━━╸───── 16/29 3.0it/s 5.7s<4.4s
[K      47/50      43.4G      1.063     0.4258    0.01154        145        640: 58% ━━━━━━━───── 17/29 3.0it/s 6.0s<4.0s
[K      47/50      43.4G      1.066     0.4254    0.01155        176        640: 62% ━━━━━━━───── 18/29 3.0it/s 6.4s<3.7s
[K      47/50      43.4G      1.066     0.4286    0.01159        144        640: 65% ━━━━━━━╸──── 19/29 3.0it/s 6.7s<3.4s
[K      47/50      43.4G      1.065     0.4284    0.01158        145        640: 68% ━━━━━━━━──── 20/29 3.0it/s 7.0s<3.0s
[K      47/50      43.4G      1.067     0.4261    0.01163        153        640: 72% ━━━━━━━━╸─── 21/29 3.0it/s 7.4s<2.7s
[K      47/50      43.4G      1.067     0.4254    0.01157        189        640: 75% ━━━━━━━━━─── 22/29 3.0it/s 7.7s<2.3s
[K      47/50      43.4G      1.065     0.4262     0.0116        143        640: 79% ━━━━━━━━━╸── 23/29 3.0it/s 8.0s<2.0s
[K      47/50      43.4G      1.064     0.4257    0.01159        182        640: 82% ━━━━━━━━━╸── 24/29 3.0it/s 8.4s<1.7s
[K      47/50      43.4G      1.062     0.4239    0.01159        168        640: 86% ━━━━━━━━━━── 25/29 3.0it/s 8.7s<1.3s
[K      47/50      43.4G      1.064     0.4239    0.01156        189        640: 89% ━━━━━━━━━━╸─ 26/29 3.0it/s 9.0s<1.0s
[K      47/50      43.4G      1.065     0.4242    0.01153        181        640: 93% ━━━━━━━━━━━─ 27/29 3.0it/s 9.3s<0.7s
[K      47/50      43.4G       1.07     0.4267    0.01151        116        640: 96% ━━━━━━━━━━━╸ 28/29 3.3it/s 9.6s<0.3s
[K      47/50      43.4G       1.07     0.4267    0.01151        116        640: 100% ━━━━━━━━━━━━ 29/29 3.0it/s 9.6s
[K                 Class     Images  Instances      Box(P          R      mAP50  mAP50-95): 50% ━━━━━━────── 1/2 1.0s/it 0.3s<1.0s
[K                 Class     Images  Instances      Box(P          R      mAP50  mAP50-95): 100% ━━━━━━━━━━━━ 2/2 4.1it/s 0.5s
                   all        202        531      0.901      0.853       0.92      0.567
      Epoch    GPU_mem   box_loss   cls_loss    l1_loss  Instances       Size
[K      48/50      43.4G      1.016     0.3701    0.01225        153        640: 0% ──────────── 0/29  0.3s
[K      48/50      43.4G      1.076     0.3984    0.01195        171        640: 3% ──────────── 1/29 1.1s/it 0.7s<31.2s
[K      48/50      43.4G      1.077     0.3928    0.01134        170        640: 6% ╸─────────── 2/29 1.5it/s 1.0s<17.6s
[K      48/50      43.4G      1.082     0.3948    0.01146        156        640: 10% ━─────────── 3/29 1.6it/s 1.5s<15.8s
[K      48/50      43.4G      1.084     0.4041    0.01098        167        640: 13% ━╸────────── 4/29 2.1it/s 1.9s<12.2s
[K      48/50      43.4G      1.084     0.4084    0.01091        176        640: 17% ━━────────── 5/29 2.3it/s 2.2s<10.4s
[K      48/50      43.4G      1.072     0.4101    0.01107        165        640: 20% ━━────────── 6/29 2.5it/s 2.5s<9.2s
[K      48/50      43.4G      1.076     0.4177      0.011        192        640: 24% ━━╸───────── 7/29 2.7it/s 2.9s<8.3s
[K      48/50      43.4G      1.081     0.4198    0.01108        175        640: 27% ━━━───────── 8/29 2.8it/s 3.2s<7.6s
[K      48/50      43.4G      1.071     0.4167    0.01108        153        640: 31% ━━━╸──────── 9/29 2.9it/s 3.5s<7.0s
[K      48/50      43.4G      1.062     0.4117    0.01112        140        640: 34% ━━━━──────── 10/29 2.9it/s 3.9s<6.6s
[K      48/50      43.4G      1.063     0.4129    0.01132        145        640: 37% ━━━━╸─────── 11/29 2.9it/s 4.2s<6.2s
[K      48/50      43.4G      1.058     0.4097    0.01133        155        640: 41% ━━━━╸─────── 12/29 2.9it/s 4.5s<5.8s
[K      48/50      43.4G      1.065     0.4153    0.01129        191        640: 44% ━━━━━─────── 13/29 2.9it/s 4.9s<5.4s
[K      48/50      43.4G      1.065     0.4166    0.01139        180        640: 48% ━━━━━╸────── 14/29 2.9it/s 5.2s<5.1s
[K      48/50      43.4G      1.065     0.4154    0.01138        155        640: 51% ━━━━━━────── 15/29 2.9it/s 5.5s<4.8s
[K      48/50      43.4G      1.067     0.4175    0.01135        149        640: 55% ━━━━━━╸───── 16/29 3.0it/s 5.9s<4.4s
[K      48/50      43.4G      1.067     0.4139    0.01135        148        640: 58% ━━━━━━━───── 17/29 3.0it/s 6.2s<4.0s
[K      48/50      43.4G      1.064     0.4112    0.01132        150        640: 62% ━━━━━━━───── 18/29 3.0it/s 6.6s<3.7s
[K      48/50      43.4G      1.066     0.4149    0.01123        192        640: 65% ━━━━━━━╸──── 19/29 3.0it/s 6.9s<3.4s
[K      48/50      43.4G      1.066     0.4137    0.01126        164        640: 68% ━━━━━━━━──── 20/29 3.0it/s 7.2s<3.0s
[K      48/50      43.4G      1.065     0.4113    0.01123        155        640: 72% ━━━━━━━━╸─── 21/29 3.0it/s 7.6s<2.7s
[K      48/50      43.4G      1.061     0.4087    0.01118        168        640: 75% ━━━━━━━━━─── 22/29 3.0it/s 7.9s<2.4s
[K      48/50      43.4G      1.063     0.4086    0.01118        170        640: 79% ━━━━━━━━━╸── 23/29 3.0it/s 8.2s<2.0s
[K      48/50      43.4G      1.061     0.4101    0.01117        152        640: 82% ━━━━━━━━━╸── 24/29 3.0it/s 8.6s<1.7s
[K      48/50      43.4G       1.06     0.4093    0.01115        148        640: 86% ━━━━━━━━━━── 25/29 2.9it/s 8.9s<1.4s
[K      48/50      43.4G       1.06     0.4102     0.0111        177        640: 89% ━━━━━━━━━━╸─ 26/29 2.9it/s 9.3s<1.0s
[K      48/50      43.4G      1.064     0.4118    0.01112        165        640: 93% ━━━━━━━━━━━─ 27/29 3.0it/s 9.6s<0.7s
[K      48/50      43.4G       1.06     0.4094    0.01107        114        640: 96% ━━━━━━━━━━━╸ 28/29 3.3it/s 9.8s<0.3s
[K      48/50      43.4G       1.06     0.4094    0.01107        114        640: 100% ━━━━━━━━━━━━ 29/29 2.9it/s 9.8s
[K                 Class     Images  Instances      Box(P          R      mAP50  mAP50-95): 50% ━━━━━━────── 1/2 1.0s/it 0.3s<1.0s
[K                 Class     Images  Instances      Box(P          R      mAP50  mAP50-95): 100% ━━━━━━━━━━━━ 2/2 4.0it/s 0.5s
                   all        202        531      0.874      0.873      0.919      0.565
      Epoch    GPU_mem   box_loss   cls_loss    l1_loss  Instances       Size
[K      49/50      43.4G      1.094      0.459   0.009306        188        640: 0% ──────────── 0/29  0.3s
[K      49/50      43.4G       1.09     0.4517    0.01031        180        640: 3% ──────────── 1/29 1.1s/it 0.7s<31.0s
[K      49/50      43.4G      1.119     0.4532     0.0108        156        640: 6% ╸─────────── 2/29 1.5it/s 1.0s<17.8s
[K      49/50      43.4G      1.104     0.4382    0.01089        164        640: 10% ━─────────── 3/29 1.9it/s 1.3s<13.3s
[K      49/50      43.4G      1.101     0.4303    0.01076        151        640: 13% ━╸────────── 4/29 2.3it/s 1.7s<11.1s
[K      49/50      43.4G      1.086     0.4263    0.01087        144        640: 17% ━━────────── 5/29 2.5it/s 2.0s<9.8s
[K      49/50      43.4G      1.085     0.4206    0.01072        174        640: 20% ━━────────── 6/29 2.6it/s 2.4s<8.8s
[K      49/50      43.4G      1.086     0.4132    0.01084        174        640: 24% ━━╸───────── 7/29 2.7it/s 2.7s<8.1s
[K      49/50      43.4G      1.088     0.4115    0.01079        154        640: 27% ━━━───────── 8/29 2.8it/s 3.0s<7.4s
[K      49/50      43.4G       1.08     0.4118    0.01081        130        640: 31% ━━━╸──────── 9/29 2.9it/s 3.4s<7.0s
[K      49/50      43.4G      1.074      0.416    0.01084        188        640: 34% ━━━━──────── 10/29 2.9it/s 3.7s<6.5s
[K      49/50      43.4G      1.071     0.4098    0.01096        145        640: 37% ━━━━╸─────── 11/29 2.9it/s 4.0s<6.2s
[K      49/50      43.4G      1.067     0.4158    0.01097        157        640: 41% ━━━━╸─────── 12/29 3.0it/s 4.4s<5.8s
[K      49/50      43.4G       1.06     0.4098    0.01101        155        640: 44% ━━━━━─────── 13/29 3.0it/s 4.7s<5.4s
[K      49/50      43.4G      1.059     0.4123    0.01104        167        640: 48% ━━━━━╸────── 14/29 3.0it/s 5.0s<5.0s
[K      49/50      43.4G      1.055     0.4107    0.01106        186        640: 51% ━━━━━━────── 15/29 3.0it/s 5.4s<4.7s
[K      49/50      43.4G      1.057     0.4108    0.01101        170        640: 55% ━━━━━━╸───── 16/29 3.0it/s 5.7s<4.3s
[K      49/50      43.4G      1.058     0.4089    0.01097        175        640: 58% ━━━━━━━───── 17/29 3.0it/s 6.0s<4.0s
[K      49/50      43.4G       1.06     0.4083    0.01099        148        640: 62% ━━━━━━━───── 18/29 3.0it/s 6.3s<3.6s
[K      49/50      43.4G       1.06     0.4098    0.01101        183        640: 65% ━━━━━━━╸──── 19/29 3.0it/s 6.7s<3.3s
[K      49/50      43.4G      1.057     0.4077      0.011        159        640: 68% ━━━━━━━━──── 20/29 3.0it/s 7.0s<3.0s
[K      49/50      43.4G      1.061     0.4108    0.01107        158        640: 72% ━━━━━━━━╸─── 21/29 3.0it/s 7.4s<2.7s
[K      49/50      43.4G       1.06     0.4113    0.01105        160        640: 75% ━━━━━━━━━─── 22/29 3.0it/s 7.7s<2.3s
[K      49/50      43.4G       1.06     0.4116    0.01101        171        640: 79% ━━━━━━━━━╸── 23/29 3.0it/s 8.0s<2.0s
[K      49/50      43.4G       1.06     0.4096      0.011        177        640: 82% ━━━━━━━━━╸── 24/29 3.0it/s 8.4s<1.7s
[K      49/50      43.4G      1.059     0.4078    0.01108        158        640: 86% ━━━━━━━━━━── 25/29 3.0it/s 8.7s<1.3s
[K      49/50      43.4G      1.058      0.408    0.01111        159        640: 89% ━━━━━━━━━━╸─ 26/29 3.0it/s 9.0s<1.0s
[K      49/50      43.4G      1.056     0.4094    0.01113        161        640: 93% ━━━━━━━━━━━─ 27/29 3.0it/s 9.4s<0.7s
[K      49/50      43.4G      1.056     0.4098     0.0112         99        640: 96% ━━━━━━━━━━━╸ 28/29 3.3it/s 9.6s<0.3s
[K      49/50      43.4G      1.056     0.4098     0.0112         99        640: 100% ━━━━━━━━━━━━ 29/29 3.0it/s 9.6s
[K                 Class     Images  Instances      Box(P          R      mAP50  mAP50-95): 50% ━━━━━━────── 1/2 1.0s/it 0.3s<1.0s
[K                 Class     Images  Instances      Box(P          R      mAP50  mAP50-95): 100% ━━━━━━━━━━━━ 2/2 4.0it/s 0.5s
                   all        202        531      0.886      0.881      0.923      0.567
      Epoch    GPU_mem   box_loss   cls_loss    l1_loss  Instances       Size
[K      50/50      43.4G      1.148     0.3984    0.01205        156        640: 0% ──────────── 0/29  0.3s
[K      50/50      43.4G      1.109     0.4083    0.01222        174        640: 3% ──────────── 1/29 1.1s/it 0.7s<31.3s
[K      50/50      43.4G      1.089     0.4222    0.01128        171        640: 6% ╸─────────── 2/29 1.5it/s 1.0s<17.7s
[K      50/50      43.4G      1.065     0.4049    0.01084        172        640: 10% ━─────────── 3/29 2.0it/s 1.3s<13.1s
[K      50/50      43.4G      1.072     0.4204     0.0108        161        640: 13% ━╸────────── 4/29 2.3it/s 1.7s<10.9s
[K      50/50      43.4G      1.068     0.4076    0.01098        143        640: 17% ━━────────── 5/29 2.5it/s 2.0s<9.5s
[K      50/50      43.4G      1.066     0.4071    0.01101        156        640: 20% ━━────────── 6/29 2.7it/s 2.3s<8.6s
[K      50/50      43.4G      1.058     0.4024    0.01088        151        640: 24% ━━╸───────── 7/29 2.8it/s 2.6s<7.9s
[K      50/50      43.4G      1.049     0.4029    0.01094        144        640: 27% ━━━───────── 8/29 2.8it/s 3.0s<7.4s
[K      50/50      43.4G      1.044     0.4007    0.01082        169        640: 31% ━━━╸──────── 9/29 2.9it/s 3.3s<6.9s
[K      50/50      43.4G      1.047     0.4025    0.01085        173        640: 34% ━━━━──────── 10/29 2.9it/s 3.7s<6.5s
[K      50/50      43.4G      1.045     0.3984    0.01079        178        640: 37% ━━━━╸─────── 11/29 2.9it/s 4.0s<6.1s
[K      50/50      43.4G      1.046     0.3958    0.01077        200        640: 41% ━━━━╸─────── 12/29 3.0it/s 4.3s<5.7s
[K      50/50      43.4G      1.041     0.3901    0.01086        151        640: 44% ━━━━━─────── 13/29 3.0it/s 4.6s<5.4s
[K      50/50      43.4G      1.036     0.3911    0.01084        155        640: 48% ━━━━━╸────── 14/29 3.0it/s 5.0s<5.1s
[K      50/50      43.4G      1.031     0.3897    0.01079        151        640: 51% ━━━━━━────── 15/29 3.0it/s 5.3s<4.7s
[K      50/50      43.4G      1.033      0.392    0.01075        161        640: 55% ━━━━━━╸───── 16/29 3.0it/s 5.7s<4.4s
[K      50/50      43.4G      1.032     0.3943    0.01075        165        640: 58% ━━━━━━━───── 17/29 3.0it/s 6.0s<4.0s
[K      50/50      43.4G      1.031     0.3947    0.01073        156        640: 62% ━━━━━━━───── 18/29 3.0it/s 6.3s<3.7s
[K      50/50      43.4G      1.033     0.3929    0.01077        182        640: 65% ━━━━━━━╸──── 19/29 3.0it/s 6.7s<3.4s
[K      50/50      43.4G      1.034     0.3959    0.01076        176        640: 68% ━━━━━━━━──── 20/29 3.0it/s 7.0s<3.0s
[K      50/50      43.4G      1.033     0.3948    0.01071        171        640: 72% ━━━━━━━━╸─── 21/29 2.9it/s 7.4s<2.7s
[K      50/50      43.4G      1.035     0.3993    0.01074        168        640: 75% ━━━━━━━━━─── 22/29 3.0it/s 7.7s<2.4s
[K      50/50      43.4G      1.035     0.3986    0.01076        187        640: 79% ━━━━━━━━━╸── 23/29 3.0it/s 8.0s<2.0s
[K      50/50      43.4G      1.038     0.3994    0.01075        141        640: 82% ━━━━━━━━━╸── 24/29 3.0it/s 8.3s<1.7s
[K      50/50      43.4G       1.04     0.4007    0.01075        178        640: 86% ━━━━━━━━━━── 25/29 3.0it/s 8.7s<1.3s
[K      50/50      43.4G      1.041     0.4017    0.01076        152        640: 89% ━━━━━━━━━━╸─ 26/29 3.0it/s 9.0s<1.0s
[K      50/50      43.4G      1.043     0.4019    0.01077        166        640: 93% ━━━━━━━━━━━─ 27/29 3.0it/s 9.3s<0.7s
[K      50/50      43.4G      1.043     0.4003    0.01083         88        640: 96% ━━━━━━━━━━━╸ 28/29 3.3it/s 9.6s<0.3s
[K      50/50      43.4G      1.043     0.4003    0.01083         88        640: 100% ━━━━━━━━━━━━ 29/29 3.0it/s 9.6s
[K                 Class     Images  Instances      Box(P          R      mAP50  mAP50-95): 50% ━━━━━━────── 1/2 1.0s/it 0.3s<1.0s
[K                 Class     Images  Instances      Box(P          R      mAP50  mAP50-95): 100% ━━━━━━━━━━━━ 2/2 4.1it/s 0.5s
                   all        202        531      0.881      0.879      0.923      0.567
50 epochs completed in 0.152 hours.
Optimizer stripped from /home/abc/AI_project/NCKH/runs_ppe2/detect/runs_ppe2/p1_yolo26m/weights/last.pt, 44.0MB
Optimizer stripped from /home/abc/AI_project/NCKH/runs_ppe2/detect/runs_ppe2/p1_yolo26m/weights/best.pt, 44.0MB
Validating /home/abc/AI_project/NCKH/runs_ppe2/detect/runs_ppe2/p1_yolo26m/weights/best.pt...
Ultralytics 8.4.121 🚀 Python-3.12.13 torch-2.13.0+cu130 CUDA:0 (NVIDIA RTX PRO 6000 Blackwell Server Edition, 97252MiB)
YOLO26m summary (fused): 132 layers, 20,350,223 parameters, 0 gradients, 68.1 GFLOPs
[K                 Class     Images  Instances      Box(P          R      mAP50  mAP50-95): 50% ━━━━━━────── 1/2 1.1s/it 0.3s<1.1s
[K                 Class     Images  Instances      Box(P          R      mAP50  mAP50-95): 100% ━━━━━━━━━━━━ 2/2 3.3it/s 0.6s
                   all        202        531      0.887      0.876      0.926      0.568
Speed: 0.0ms preprocess, 1.1ms inference, 0.0ms loss, 0.1ms postprocess per image
Results saved to [1m/home/abc/AI_project/NCKH/runs_ppe2/detect/runs_ppe2/p1_yolo26m[0m
==========================================================
  QUÉT NGƯỠNG CONF (tập test)
==========================================================
  conf         P         R     mAP50
Ultralytics 8.4.121 🚀 Python-3.12.13 torch-2.13.0+cu130 CUDA:0 (NVIDIA RTX PRO 6000 Blackwell Server Edition, 97252MiB)
YOLO26m summary (fused): 132 layers, 20,350,223 parameters, 0 gradients, 68.1 GFLOPs
[34m[1mval: [0mFast image access ✅ (ping: 0.0±0.0 ms, read: 1000.1±902.5 MB/s, size: 66.5 KB)
[K[34m[1mval: [0mScanning /home/abc/AI_project/NCKH/data2phase/phase1/labels/test.cache... 424 images, 0 backgrounds, 0 corrupt: 100% ━━━━━━━━━━━━ 424/424 111.1Mit/s 0.0s
[K                 Class     Images  Instances      Box(P          R      mAP50  mAP50-95): 3% ──────────── 1/27 1.6it/s 0.2s<16.2s
[K                 Class     Images  Instances      Box(P          R      mAP50  mAP50-95): 7% ╸─────────── 2/27 2.4it/s 0.4s<10.3s
[K                 Class     Images  Instances      Box(P          R      mAP50  mAP50-95): 11% ━─────────── 3/27 3.0it/s 0.7s<8.0s
[K                 Class     Images  Instances      Box(P          R      mAP50  mAP50-95): 14% ━╸────────── 4/27 4.2it/s 0.8s<5.4s
[K                 Class     Images  Instances      Box(P          R      mAP50  mAP50-95): 22% ━━╸───────── 6/27 7.5it/s 0.9s<2.8s
[K                 Class     Images  Instances      Box(P          R      mAP50  mAP50-95): 29% ━━━╸──────── 8/27 10.7it/s 1.0s<1.8s
[K                 Class     Images  Instances      Box(P          R      mAP50  mAP50-95): 37% ━━━━──────── 10/27 12.2it/s 1.2s<1.4s
[K                 Class     Images  Instances      Box(P          R      mAP50  mAP50-95): 44% ━━━━━─────── 12/27 13.8it/s 1.3s<1.1s
[K                 Class     Images  Instances      Box(P          R      mAP50  mAP50-95): 51% ━━━━━━────── 14/27 15.0it/s 1.4s<0.9s
[K                 Class     Images  Instances      Box(P          R      mAP50  mAP50-95): 59% ━━━━━━━───── 16/27 16.0it/s 1.5s<0.7s
[K                 Class     Images  Instances      Box(P          R      mAP50  mAP50-95): 66% ━━━━━━━━──── 18/27 16.5it/s 1.6s<0.5s
[K                 Class     Images  Instances      Box(P          R      mAP50  mAP50-95): 74% ━━━━━━━━╸─── 20/27 16.7it/s 1.7s<0.4s
[K                 Class     Images  Instances      Box(P          R      mAP50  mAP50-95): 81% ━━━━━━━━━╸── 22/27 17.2it/s 1.8s<0.3s
[K                 Class     Images  Instances      Box(P          R      mAP50  mAP50-95): 88% ━━━━━━━━━━╸─ 24/27 17.2it/s 1.9s<0.2s
[K                 Class     Images  Instances      Box(P          R      mAP50  mAP50-95): 96% ━━━━━━━━━━━╸ 26/27 17.2it/s 2.1s<0.1s
[K                 Class     Images  Instances      Box(P          R      mAP50  mAP50-95): 100% ━━━━━━━━━━━━ 27/27 12.7it/s 2.1s
                   all        424       1741      0.832      0.723      0.707      0.504
Speed: 0.9ms preprocess, 1.8ms inference, 0.0ms loss, 0.1ms postprocess per image
Results saved to [1m/home/abc/AI_project/NCKH/runs_ppe2/detect/val-7[0m
  0.10    0.8320    0.7226    0.7071
Ultralytics 8.4.121 🚀 Python-3.12.13 torch-2.13.0+cu130 CUDA:0 (NVIDIA RTX PRO 6000 Blackwell Server Edition, 97252MiB)
[34m[1mval: [0mFast image access ✅ (ping: 0.0±0.0 ms, read: 2694.1±977.9 MB/s, size: 78.6 KB)
[K[34m[1mval: [0mScanning /home/abc/AI_project/NCKH/data2phase/phase1/labels/test.cache... 424 images, 0 backgrounds, 0 corrupt: 100% ━━━━━━━━━━━━ 424/424 104.6Mit/s 0.0s
[K                 Class     Images  Instances      Box(P          R      mAP50  mAP50-95): 3% ──────────── 1/27 1.4it/s 0.2s<18.5s
[K                 Class     Images  Instances      Box(P          R      mAP50  mAP50-95): 7% ╸─────────── 2/27 2.3it/s 0.4s<11.0s
[K                 Class     Images  Instances      Box(P          R      mAP50  mAP50-95): 11% ━─────────── 3/27 2.8it/s 0.7s<8.5s
[K                 Class     Images  Instances      Box(P          R      mAP50  mAP50-95): 14% ━╸────────── 4/27 4.1it/s 0.8s<5.6s
[K                 Class     Images  Instances      Box(P          R      mAP50  mAP50-95): 22% ━━╸───────── 6/27 7.5it/s 1.0s<2.8s
[K                 Class     Images  Instances      Box(P          R      mAP50  mAP50-95): 29% ━━━╸──────── 8/27 10.0it/s 1.1s<1.9s
[K                 Class     Images  Instances      Box(P          R      mAP50  mAP50-95): 37% ━━━━──────── 10/27 12.1it/s 1.2s<1.4s
[K                 Class     Images  Instances      Box(P          R      mAP50  mAP50-95): 44% ━━━━━─────── 12/27 13.6it/s 1.3s<1.1s
[K                 Class     Images  Instances      Box(P          R      mAP50  mAP50-95): 51% ━━━━━━────── 14/27 14.5it/s 1.4s<0.9s
[K                 Class     Images  Instances      Box(P          R      mAP50  mAP50-95): 59% ━━━━━━━───── 16/27 14.8it/s 1.6s<0.7s
[K                 Class     Images  Instances      Box(P          R      mAP50  mAP50-95): 66% ━━━━━━━━──── 18/27 15.6it/s 1.7s<0.6s
[K                 Class     Images  Instances      Box(P          R      mAP50  mAP50-95): 74% ━━━━━━━━╸─── 20/27 16.3it/s 1.8s<0.4s
[K                 Class     Images  Instances      Box(P          R      mAP50  mAP50-95): 81% ━━━━━━━━━╸── 22/27 16.8it/s 1.9s<0.3s
[K                 Class     Images  Instances      Box(P          R      mAP50  mAP50-95): 88% ━━━━━━━━━━╸─ 24/27 17.4it/s 2.0s<0.2s
[K                 Class     Images  Instances      Box(P          R      mAP50  mAP50-95): 96% ━━━━━━━━━━━╸ 26/27 17.4it/s 2.1s<0.1s
[K                 Class     Images  Instances      Box(P          R      mAP50  mAP50-95): 100% ━━━━━━━━━━━━ 27/27 12.5it/s 2.2s
                   all        424       1741      0.873      0.693      0.682       0.49
Speed: 0.7ms preprocess, 1.9ms inference, 0.0ms loss, 0.2ms postprocess per image
Results saved to [1m/home/abc/AI_project/NCKH/runs_ppe2/detect/val-8[0m
  0.15    0.8726    0.6927    0.6817
Ultralytics 8.4.121 🚀 Python-3.12.13 torch-2.13.0+cu130 CUDA:0 (NVIDIA RTX PRO 6000 Blackwell Server Edition, 97252MiB)
[34m[1mval: [0mFast image access ✅ (ping: 0.0±0.0 ms, read: 2769.3±639.1 MB/s, size: 86.5 KB)
[K[34m[1mval: [0mScanning /home/abc/AI_project/NCKH/data2phase/phase1/labels/test.cache... 424 images, 0 backgrounds, 0 corrupt: 100% ━━━━━━━━━━━━ 424/424 127.0Mit/s 0.0s
[K                 Class     Images  Instances      Box(P          R      mAP50  mAP50-95): 3% ──────────── 1/27 1.5it/s 0.2s<17.8s
[K                 Class     Images  Instances      Box(P          R      mAP50  mAP50-95): 7% ╸─────────── 2/27 2.1it/s 0.5s<11.9s
[K                 Class     Images  Instances      Box(P          R      mAP50  mAP50-95): 11% ━─────────── 3/27 2.6it/s 0.8s<9.3s
[K                 Class     Images  Instances      Box(P          R      mAP50  mAP50-95): 14% ━╸────────── 4/27 4.2it/s 0.9s<5.5s
[K                 Class     Images  Instances      Box(P          R      mAP50  mAP50-95): 22% ━━╸───────── 6/27 7.4it/s 1.0s<2.8s
[K                 Class     Images  Instances      Box(P          R      mAP50  mAP50-95): 29% ━━━╸──────── 8/27 10.8it/s 1.1s<1.8s
[K                 Class     Images  Instances      Box(P          R      mAP50  mAP50-95): 37% ━━━━──────── 10/27 12.8it/s 1.2s<1.3s
[K                 Class     Images  Instances      Box(P          R      mAP50  mAP50-95): 44% ━━━━━─────── 12/27 14.0it/s 1.4s<1.1s
[K                 Class     Images  Instances      Box(P          R      mAP50  mAP50-95): 51% ━━━━━━────── 14/27 15.3it/s 1.5s<0.9s
[K                 Class     Images  Instances      Box(P          R      mAP50  mAP50-95): 59% ━━━━━━━───── 16/27 16.2it/s 1.6s<0.7s
[K                 Class     Images  Instances      Box(P          R      mAP50  mAP50-95): 66% ━━━━━━━━──── 18/27 16.6it/s 1.7s<0.5s
[K                 Class     Images  Instances      Box(P          R      mAP50  mAP50-95): 74% ━━━━━━━━╸─── 20/27 17.1it/s 1.8s<0.4s
[K                 Class     Images  Instances      Box(P          R      mAP50  mAP50-95): 81% ━━━━━━━━━╸── 22/27 17.6it/s 1.9s<0.3s
[K                 Class     Images  Instances      Box(P          R      mAP50  mAP50-95): 88% ━━━━━━━━━━╸─ 24/27 18.0it/s 2.0s<0.2s
[K                 Class     Images  Instances      Box(P          R      mAP50  mAP50-95): 96% ━━━━━━━━━━━╸ 26/27 17.8it/s 2.1s<0.1s
[K                 Class     Images  Instances      Box(P          R      mAP50  mAP50-95): 100% ━━━━━━━━━━━━ 27/27 12.5it/s 2.2s
                   all        424       1741      0.897      0.669      0.655      0.477
Speed: 0.8ms preprocess, 1.8ms inference, 0.0ms loss, 0.1ms postprocess per image
Results saved to [1m/home/abc/AI_project/NCKH/runs_ppe2/detect/val-9[0m
  0.20    0.8975    0.6686    0.6551
Ultralytics 8.4.121 🚀 Python-3.12.13 torch-2.13.0+cu130 CUDA:0 (NVIDIA RTX PRO 6000 Blackwell Server Edition, 97252MiB)
[34m[1mval: [0mFast image access ✅ (ping: 0.0±0.0 ms, read: 1847.8±1238.1 MB/s, size: 87.6 KB)
[K[34m[1mval: [0mScanning /home/abc/AI_project/NCKH/data2phase/phase1/labels/test.cache... 424 images, 0 backgrounds, 0 corrupt: 100% ━━━━━━━━━━━━ 424/424 118.6Mit/s 0.0s
[K                 Class     Images  Instances      Box(P          R      mAP50  mAP50-95): 3% ──────────── 1/27 1.4it/s 0.2s<18.9s
[K                 Class     Images  Instances      Box(P          R      mAP50  mAP50-95): 7% ╸─────────── 2/27 2.2it/s 0.5s<11.3s
[K                 Class     Images  Instances      Box(P          R      mAP50  mAP50-95): 11% ━─────────── 3/27 2.5it/s 0.8s<9.5s
[K                 Class     Images  Instances      Box(P          R      mAP50  mAP50-95): 14% ━╸────────── 4/27 3.7it/s 0.9s<6.2s
[K                 Class     Images  Instances      Box(P          R      mAP50  mAP50-95): 22% ━━╸───────── 6/27 6.7it/s 1.1s<3.1s
[K                 Class     Images  Instances      Box(P          R      mAP50  mAP50-95): 29% ━━━╸──────── 8/27 10.1it/s 1.2s<1.9s
[K                 Class     Images  Instances      Box(P          R      mAP50  mAP50-95): 37% ━━━━──────── 10/27 12.3it/s 1.3s<1.4s
[K                 Class     Images  Instances      Box(P          R      mAP50  mAP50-95): 44% ━━━━━─────── 12/27 13.4it/s 1.4s<1.1s
[K                 Class     Images  Instances      Box(P          R      mAP50  mAP50-95): 51% ━━━━━━────── 14/27 14.9it/s 1.5s<0.9s
[K                 Class     Images  Instances      Box(P          R      mAP50  mAP50-95): 59% ━━━━━━━───── 16/27 16.1it/s 1.6s<0.7s
[K                 Class     Images  Instances      Box(P          R      mAP50  mAP50-95): 66% ━━━━━━━━──── 18/27 16.9it/s 1.7s<0.5s
[K                 Class     Images  Instances      Box(P          R      mAP50  mAP50-95): 74% ━━━━━━━━╸─── 20/27 17.4it/s 1.8s<0.4s
[K                 Class     Images  Instances      Box(P          R      mAP50  mAP50-95): 81% ━━━━━━━━━╸── 22/27 17.3it/s 2.0s<0.3s
[K                 Class     Images  Instances      Box(P          R      mAP50  mAP50-95): 88% ━━━━━━━━━━╸─ 24/27 17.5it/s 2.1s<0.2s
[K                 Class     Images  Instances      Box(P          R      mAP50  mAP50-95): 96% ━━━━━━━━━━━╸ 26/27 17.7it/s 2.2s<0.1s
[K                 Class     Images  Instances      Box(P          R      mAP50  mAP50-95): 100% ━━━━━━━━━━━━ 27/27 12.2it/s 2.2s
                   all        424       1741      0.912      0.641      0.637      0.461
Speed: 1.1ms preprocess, 1.7ms inference, 0.0ms loss, 0.1ms postprocess per image
Results saved to [1m/home/abc/AI_project/NCKH/runs_ppe2/detect/val-10[0m
  0.25    0.9118    0.6410    0.6370
Ultralytics 8.4.121 🚀 Python-3.12.13 torch-2.13.0+cu130 CUDA:0 (NVIDIA RTX PRO 6000 Blackwell Server Edition, 97252MiB)
[34m[1mval: [0mFast image access ✅ (ping: 0.0±0.0 ms, read: 2392.4±730.1 MB/s, size: 73.4 KB)
[K[34m[1mval: [0mScanning /home/abc/AI_project/NCKH/data2phase/phase1/labels/test.cache... 424 images, 0 backgrounds, 0 corrupt: 100% ━━━━━━━━━━━━ 424/424 104.6Mit/s 0.0s
[K                 Class     Images  Instances      Box(P          R      mAP50  mAP50-95): 3% ──────────── 1/27 1.5it/s 0.2s<17.7s
[K                 Class     Images  Instances      Box(P          R      mAP50  mAP50-95): 7% ╸─────────── 2/27 2.3it/s 0.4s<11.0s
[K                 Class     Images  Instances      Box(P          R      mAP50  mAP50-95): 11% ━─────────── 3/27 2.7it/s 0.7s<8.8s
[K                 Class     Images  Instances      Box(P          R      mAP50  mAP50-95): 14% ━╸────────── 4/27 3.8it/s 0.9s<6.0s
[K                 Class     Images  Instances      Box(P          R      mAP50  mAP50-95): 22% ━━╸───────── 6/27 7.5it/s 1.0s<2.8s
[K                 Class     Images  Instances      Box(P          R      mAP50  mAP50-95): 29% ━━━╸──────── 8/27 10.8it/s 1.1s<1.8s
[K                 Class     Images  Instances      Box(P          R      mAP50  mAP50-95): 37% ━━━━──────── 10/27 12.7it/s 1.2s<1.3s
[K                 Class     Images  Instances      Box(P          R      mAP50  mAP50-95): 44% ━━━━━─────── 12/27 14.2it/s 1.3s<1.1s
[K                 Class     Images  Instances      Box(P          R      mAP50  mAP50-95): 51% ━━━━━━────── 14/27 15.5it/s 1.4s<0.8s
[K                 Class     Images  Instances      Box(P          R      mAP50  mAP50-95): 59% ━━━━━━━───── 16/27 16.6it/s 1.5s<0.7s
[K                 Class     Images  Instances      Box(P          R      mAP50  mAP50-95): 66% ━━━━━━━━──── 18/27 17.1it/s 1.7s<0.5s
[K                 Class     Images  Instances      Box(P          R      mAP50  mAP50-95): 74% ━━━━━━━━╸─── 20/27 17.5it/s 1.8s<0.4s
[K                 Class     Images  Instances      Box(P          R      mAP50  mAP50-95): 81% ━━━━━━━━━╸── 22/27 17.8it/s 1.9s<0.3s
[K                 Class     Images  Instances      Box(P          R      mAP50  mAP50-95): 88% ━━━━━━━━━━╸─ 24/27 18.1it/s 2.0s<0.2s
[K                 Class     Images  Instances      Box(P          R      mAP50  mAP50-95): 96% ━━━━━━━━━━━╸ 26/27 17.8it/s 2.1s<0.1s
[K                 Class     Images  Instances      Box(P          R      mAP50  mAP50-95): 100% ━━━━━━━━━━━━ 27/27 12.7it/s 2.1s
                   all        424       1741      0.944      0.616      0.609      0.447
Speed: 1.1ms preprocess, 1.8ms inference, 0.0ms loss, 0.1ms postprocess per image
Results saved to [1m/home/abc/AI_project/NCKH/runs_ppe2/detect/val-11[0m
  0.35    0.9445    0.6157    0.6092
Ultralytics 8.4.121 🚀 Python-3.12.13 torch-2.13.0+cu130 CUDA:0 (NVIDIA RTX PRO 6000 Blackwell Server Edition, 97252MiB)
[34m[1mval: [0mFast image access ✅ (ping: 0.0±0.0 ms, read: 2479.7±653.8 MB/s, size: 73.1 KB)
[K[34m[1mval: [0mScanning /home/abc/AI_project/NCKH/data2phase/phase1/labels/test.cache... 424 images, 0 backgrounds, 0 corrupt: 100% ━━━━━━━━━━━━ 424/424 118.6Mit/s 0.0s
[K                 Class     Images  Instances      Box(P          R      mAP50  mAP50-95): 3% ──────────── 1/27 1.3it/s 0.2s<19.8s
[K                 Class     Images  Instances      Box(P          R      mAP50  mAP50-95): 7% ╸─────────── 2/27 2.0it/s 0.5s<12.3s
[K                 Class     Images  Instances      Box(P          R      mAP50  mAP50-95): 11% ━─────────── 3/27 2.5it/s 0.8s<9.7s
[K                 Class     Images  Instances      Box(P          R      mAP50  mAP50-95): 14% ━╸────────── 4/27 3.8it/s 0.9s<6.0s
[K                 Class     Images  Instances      Box(P          R      mAP50  mAP50-95): 22% ━━╸───────── 6/27 7.8it/s 1.0s<2.7s
[K                 Class     Images  Instances      Box(P          R      mAP50  mAP50-95): 29% ━━━╸──────── 8/27 10.9it/s 1.2s<1.7s
[K                 Class     Images  Instances      Box(P          R      mAP50  mAP50-95): 37% ━━━━──────── 10/27 12.4it/s 1.3s<1.4s
[K                 Class     Images  Instances      Box(P          R      mAP50  mAP50-95): 44% ━━━━━─────── 12/27 13.6it/s 1.4s<1.1s
[K                 Class     Images  Instances      Box(P          R      mAP50  mAP50-95): 51% ━━━━━━────── 14/27 14.8it/s 1.5s<0.9s
[K                 Class     Images  Instances      Box(P          R      mAP50  mAP50-95): 59% ━━━━━━━───── 16/27 15.2it/s 1.6s<0.7s
[K                 Class     Images  Instances      Box(P          R      mAP50  mAP50-95): 66% ━━━━━━━━──── 18/27 15.9it/s 1.8s<0.6s
[K                 Class     Images  Instances      Box(P          R      mAP50  mAP50-95): 74% ━━━━━━━━╸─── 20/27 16.8it/s 1.9s<0.4s
[K                 Class     Images  Instances      Box(P          R      mAP50  mAP50-95): 81% ━━━━━━━━━╸── 22/27 17.3it/s 2.0s<0.3s
[K                 Class     Images  Instances      Box(P          R      mAP50  mAP50-95): 88% ━━━━━━━━━━╸─ 24/27 17.8it/s 2.1s<0.2s
[K                 Class     Images  Instances      Box(P          R      mAP50  mAP50-95): 96% ━━━━━━━━━━━╸ 26/27 17.4it/s 2.2s<0.1s
[K                 Class     Images  Instances      Box(P          R      mAP50  mAP50-95): 100% ━━━━━━━━━━━━ 27/27 12.1it/s 2.2s
                   all        424       1741      0.965      0.563      0.561      0.417
Speed: 0.9ms preprocess, 1.7ms inference, 0.0ms loss, 0.1ms postprocess per image
Results saved to [1m/home/abc/AI_project/NCKH/runs_ppe2/detect/val-12[0m
  0.50    0.9646    0.5635    0.5614
Chọn conf có Recall cao nhất mà Precision còn chấp nhận được —
crop thừa sẽ được pha 2 lọc, còn người bị bỏ sót thì không cứu được.
